recording,frame,true_step_3,true_step_6,true_step_9,true_step_15,true_step_18,true_step_21,true_step_24,true_step_27,true_step_30,pred_step_3,pred_step_6,pred_step_9,pred_step_15,pred_step_18,pred_step_21,pred_step_24,pred_step_27,pred_step_30,prob_step_3,prob_step_6,prob_step_9,prob_step_15,prob_step_18,prob_step_21,prob_step_24,prob_step_27,prob_step_30
27_assy_0_1,000000.jpg,0,0,0,0,0,0,0,0,0,0,0,0,0,0,0,0,0,0,0.9953843951225281,0.9953843951225281,0.997724711894989,0.9990342855453491,0.9991950392723083,0.023397089913487434,0.023397089913487434,0.006513387430459261,0.56426602602005
27_assy_0_1,000005.jpg,0,0,0,0,0,0,0,0,0,0,0,0,0,0,0,0,0,0,0.9262391626834869,0.9262391626834869,0.9714181423187256,0.9991421401500702,0.9853288233280182,0.012403552304022014,0.012403552304022014,0.0038808283861726522,0.29718361236155033
27_assy_0_1,000010.jpg,0,0,0,0,0,0,0,0,0,1,1,1,1,1,0,0,0,0,0.905068834622701,0.905068834622701,0.9655045469601949,0.9993517796198527,0.9754422108332316,0.009669987096761664,0.009669987096761664,0.0032435068860650063,0.20966928452253342
27_assy_0_1,000015.jpg,0,0,0,0,0,0,0,0,0,1,1,1,1,1,0,0,0,0,0.9031654000282288,0.9031654000282288,0.9627468883991241,0.9994703978300095,0.9702506214380264,0.009407008707057685,0.009407008707057685,0.0029904283001087606,0.16526878252625465
27_assy_0_1,000020.jpg,0,0,0,0,0,0,0,0,0,1,1,1,1,1,0,0,0,0,0.9071905136108398,0.9071905136108398,0.961416482925415,0.9995463490486145,0.9662233710289001,0.009156036889180541,0.009156036889180541,0.002753327460959554,0.13741081915795803
27_assy_0_1,000025.jpg,0,0,0,0,0,0,0,0,0,1,1,1,1,1,0,0,0,0,0.9119062721729279,0.9119062721729279,0.9605160355567932,0.9995958705743154,0.9630350967248281,0.009136986103840172,0.009136986103840172,0.002537125605158508,0.11877505946904421
27_assy_0_1,000030.jpg,0,0,0,0,0,0,0,0,0,1,1,1,1,1,0,0,0,0,0.9133719546454293,0.9133719546454293,0.9583412749426705,0.9996221917016166,0.9582545757293701,0.00959043627205704,0.00959043627205704,0.0023689696764839546,0.10580129495688848
27_assy_0_1,000035.jpg,0,0,0,0,0,0,0,0,0,1,1,1,1,1,0,0,0,0,0.9175028577446938,0.9175028577446938,0.9584144353866577,0.9996441677212715,0.9566342234611511,0.010323384631192312,0.010323384631192312,0.002257042215205729,0.09664220130071044
27_assy_0_1,000040.jpg,0,0,0,0,0,0,0,0,0,1,1,1,1,1,0,0,0,0,0.9207157691319784,0.9207157691319784,0.9575706389215257,0.9996591806411743,0.9538547926478915,0.010527625447139144,0.010527625447139144,0.0021382143669244316,0.08876636169022983
27_assy_0_1,000045.jpg,0,0,0,0,0,0,0,0,0,1,1,1,1,1,0,0,0,0,0.9214650928974152,0.9214650928974152,0.9547056734561921,0.9996612429618835,0.9479146659374237,0.010263490746729076,0.010263490746729076,0.002037170308176428,0.08143166163936258
27_assy_0_1,000050.jpg,0,0,0,0,0,0,0,0,0,1,1,1,1,1,0,0,0,0,0.9234498955986716,0.9234498955986716,0.9500651684674349,0.9996440248055891,0.9376001899892633,0.009650455237450924,0.009650455237450924,0.0019081213448027318,0.07494023967195641
27_assy_0_1,000055.jpg,0,0,0,0,0,0,0,0,0,1,1,1,1,1,0,0,0,0,0.9226056685050329,0.9226056685050329,0.9405918071667353,0.9995343188444773,0.9170457969109217,0.00930739912049224,0.00930739912049224,0.0018314047580740105,0.06982105318456888
27_assy_0_1,000060.jpg,0,0,0,0,0,0,0,0,0,1,1,1,1,1,0,0,0,0,0.9168857702842126,0.9168857702842126,0.923554030748514,0.9992005504094638,0.8844127655029297,0.008937216757868346,0.008937216757868346,0.001767635981265742,0.06541724904225422
27_assy_0_1,000065.jpg,0,0,0,0,0,0,0,0,0,1,1,1,1,1,0,0,0,0,0.9008603862353733,0.9008603862353733,0.8949851521423885,0.9979987059320722,0.8399721213749477,0.008490398127053465,0.008490398127053465,0.0017070393660105765,0.061681177001446486
27_assy_0_1,000070.jpg,0,0,0,0,0,0,0,0,0,1,1,1,1,1,0,0,0,0,0.8698940714200337,0.8698940714200337,0.8534371713797252,0.9934556643168132,0.7898303618033727,0.008037362022635837,0.008037362022635837,0.0016490188155633709,0.05830887295305729
27_assy_0_1,000075.jpg,0,0,0,0,0,0,0,0,0,1,1,1,1,1,0,0,0,0,0.8212512890497844,0.8212512890497844,0.7973232885201772,0.9814093589782715,0.7258125307659308,0.006551260330403845,0.006551260330403845,0.001268746218799303,0.02132900959501664
27_assy_0_1,000080.jpg,0,0,0,0,0,0,0,0,0,1,1,1,1,1,0,0,0,0,0.7794533967971802,0.7794533967971802,0.7433958192666371,0.9644658048947652,0.663006720567743,0.00653915551956743,0.00653915551956743,0.0012576262272583941,0.01992746473600467
27_assy_0_1,000085.jpg,0,0,0,0,0,0,0,0,0,1,1,1,1,1,0,0,0,0,0.7305102000633875,0.7305102000633875,0.6825872093439103,0.9287025213241578,0.5998742428297797,0.0063370342055956526,0.0063370342055956526,0.0012111402000300586,0.01818707659840584
27_assy_0_1,000090.jpg,0,0,0,0,0,0,0,0,0,1,1,1,1,1,0,0,0,0,0.6762186830242475,0.6762186830242475,0.6207751455406348,0.8809520502885183,0.536625238104413,0.005937274328122536,0.005937274328122536,0.0012418100804400941,0.016906684388717015
27_assy_0_1,000095.jpg,0,0,0,0,0,0,0,0,0,1,1,1,1,1,0,0,0,0,0.621421251197656,0.621421251197656,0.5600803355375926,0.8403858085473378,0.47416191768522065,0.005969124070058267,0.005969124070058267,0.0014808384895635149,0.016659423460563025
27_assy_0_1,000100.jpg,0,0,0,0,0,0,0,0,0,1,1,1,1,1,0,0,0,0,0.5669863666097323,0.5669863666097323,0.5019981424013774,0.8060678402582805,0.4129803297109902,0.006790346559137106,0.006790346559137106,0.0020187592948786915,0.016911817093690235
27_assy_0_1,000105.jpg,0,0,0,0,0,0,0,0,0,1,1,1,1,1,0,0,0,0,0.5161680594086647,0.5161680594086647,0.45044978658358253,0.7829127868016561,0.35593213808412355,0.00929259207720558,0.00929259207720558,0.0030770466236087184,0.018058184410134952
27_assy_0_1,000110.jpg,0,0,0,0,0,0,0,0,0,1,1,1,1,1,0,0,0,0,0.47008323421080905,0.47008323421080905,0.40767786105473836,0.7664586385091146,0.3052170810289681,0.014351629745215177,0.014351629745215177,0.005205977494673182,0.01895702096323172
27_assy_0_1,000115.jpg,0,0,0,0,0,0,0,0,0,1,1,1,1,1,0,0,0,0,0.427553154528141,0.427553154528141,0.37747098406155905,0.7594967961311341,0.2685355739978453,0.024051668836424747,0.024051668836424747,0.007848731789272279,0.019008624056975048
27_assy_0_1,000120.jpg,0,0,0,0,0,0,0,0,0,1,1,1,1,1,0,0,0,0,0.3915255601207415,0.3915255601207415,0.3636082907517751,0.7572211464246114,0.2547839400358498,0.046145907447983824,0.046145907447983824,0.012483621633145958,0.01946223955601454
27_assy_0_1,000125.jpg,0,0,0,0,0,0,0,0,0,1,1,1,1,1,0,0,0,0,0.36753372897704445,0.36753372897704445,0.3625017543633779,0.7566524863243103,0.2586759127366046,0.08843386320707698,0.08843386320707698,0.02270273311296478,0.019927808518211045
27_assy_0_1,000130.jpg,0,0,0,0,0,0,0,0,0,1,1,1,1,1,0,0,0,0,0.3517823711037636,0.3517823711037636,0.3681774357954661,0.7563203811645508,0.27450960846617817,0.13605678048916162,0.13605678048916162,0.036382298602256925,0.01985296302785476
27_assy_0_1,000135.jpg,0,0,0,0,0,0,0,0,0,1,1,1,1,1,0,0,0,0,0.34614939441283543,0.34614939441283543,0.3850027501583099,0.7564677476882935,0.30664154660577575,0.18949536027697225,0.18949536027697225,0.053919802400438734,0.01961173831174771
27_assy_0_1,000140.jpg,0,0,0,0,0,0,0,0,0,1,1,1,1,1,0,0,0,0,0.3533950145045916,0.3533950145045916,0.41575631499290466,0.75751793384552,0.3548949556735655,0.24449236177218456,0.24449236177218456,0.07446175439205642,0.019269680231809617
27_assy_0_1,000145.jpg,0,0,0,0,0,0,0,0,0,1,1,1,1,1,0,0,0,0,0.3763039881984393,0.3763039881984393,0.46323243379592893,0.7620096007982889,0.41462876470759513,0.297667199303396,0.297667199303396,0.09862588262185454,0.0191396568591396
27_assy_0_1,000150.jpg,0,0,0,0,0,0,0,0,0,1,1,1,1,1,0,0,0,0,0.41054819971323014,0.41054819971323014,0.5184842228889466,0.7739185452461242,0.4777472848383089,0.3447011756400267,0.3447011756400267,0.11779398426879198,0.018897721295555434
27_assy_0_1,000155.jpg,0,0,0,0,0,0,0,0,0,1,1,1,1,1,0,0,0,0,0.4510554884870847,0.4510554884870847,0.5753284851710002,0.7907392422358195,0.5416648965018491,0.3874149216882264,0.3874149216882264,0.13889757679620138,0.018578531127423047
27_assy_0_1,000160.jpg,0,0,0,0,0,0,0,0,0,1,1,1,1,1,0,0,0,0,0.49732331484556197,0.49732331484556197,0.6385192106167475,0.8262772838274638,0.606954891514033,0.4146841609540085,0.4146841609540085,0.15271664958757658,0.018304446898400783
27_assy_0_1,000165.jpg,0,0,0,0,0,0,0,0,0,1,1,1,1,1,0,0,0,0,0.548664445678393,0.548664445678393,0.7027786570290725,0.8737737754980723,0.6725200612097979,0.43506531193852427,0.43506531193852427,0.1671697983207802,0.017759724892675875
27_assy_0_1,000170.jpg,0,0,0,0,0,0,0,0,0,1,1,1,1,1,0,0,0,0,0.5945976376533508,0.5945976376533508,0.7654087821642558,0.9139404078324636,0.7370430241028468,0.4492601635555426,0.4492601635555426,0.17893517476816972,0.016685834713280202
27_assy_0_1,000175.jpg,0,0,0,0,0,0,0,0,0,1,1,1,1,1,0,0,0,0,0.6328953315814336,0.6328953315814336,0.8246764043966929,0.9474832653999329,0.799389632542928,0.4558900165061156,0.4558900165061156,0.1861598327755928,0.015271131135523319
27_assy_0_1,000180.jpg,0,0,0,0,0,0,0,0,0,1,1,1,1,1,0,0,0,0,0.656058669090271,0.656058669090271,0.8760839819908142,0.9693555235862732,0.8556077301502227,0.45638199523091316,0.45638199523091316,0.1891696535050869,0.012832883186638356
27_assy_0_1,000185.jpg,0,0,0,0,0,0,0,0,0,1,1,1,1,1,0,0,0,0,0.6712662279605865,0.6712662279605865,0.9180169562498729,0.9845384160677592,0.9044086833794912,0.4537392407655716,0.4537392407655716,0.18999420205752054,0.01062723466505607
27_assy_0_1,000190.jpg,0,0,0,0,0,0,0,0,0,1,1,1,1,1,0,0,0,0,0.6811688423156739,0.6811688423156739,0.9486716508865356,0.9908543944358825,0.9423171798388164,0.44722274790207545,0.44722274790207545,0.18942201187213262,0.009817597704629104
27_assy_0_1,000195.jpg,0,0,0,0,0,0,0,0,0,1,1,1,1,1,0,0,0,0,0.6846010446548462,0.6846010446548462,0.9652783393859863,0.9927783608436584,0.9608425180117289,0.42732501700520514,0.42732501700520514,0.18639164653917153,0.009366704213122527
27_assy_0_1,000200.jpg,0,0,0,0,0,0,0,0,0,1,1,1,1,1,0,0,0,0,0.6783606390158335,0.6783606390158335,0.9716811577479044,0.9931395332018534,0.9665913701057434,0.38817143961787226,0.38817143961787226,0.17791563607752323,0.00967197734862566
27_assy_0_1,000205.jpg,0,0,0,0,0,0,0,0,0,1,1,1,1,1,0,0,0,0,0.6605068624019623,0.6605068624019623,0.9753126263618469,0.9932870745658875,0.9694094181060791,0.34538710887233415,0.34538710887233415,0.16609939138094584,0.01035340850551923
27_assy_0_1,000210.jpg,0,0,0,0,0,0,0,0,0,1,1,1,1,1,0,0,0,0,0.6369837085405986,0.6369837085405986,0.9755179444948833,0.9931575020154317,0.9689457575480144,0.2983412556350231,0.2983412556350231,0.15079573492209117,0.011338125665982563
27_assy_0_1,000215.jpg,0,0,0,0,0,0,0,0,0,1,1,1,1,1,0,0,0,0,0.6095008075237274,0.6095008075237274,0.9749891956647238,0.9929874340693156,0.9679847915967306,0.2589521003266176,0.2589521003266176,0.1343119412660599,0.013369932894905408
27_assy_0_1,000220.jpg,0,0,0,0,0,0,0,0,0,1,1,1,1,1,0,0,0,0,0.5934694548447926,0.5934694548447926,0.9753494381904602,0.9929946184158325,0.9683520078659058,0.2254536343117555,0.2254536343117555,0.11649988492329916,0.015145176028211912
27_assy_0_1,000225.jpg,0,0,0,0,0,0,0,0,0,1,1,1,1,1,0,0,0,0,0.581163889169693,0.581163889169693,0.9759522239367168,0.9930366476376852,0.9689634760220845,0.20668285414576532,0.20668285414576532,0.10752651691436768,0.016714438796043396
27_assy_0_1,000230.jpg,0,0,0,0,0,0,0,0,0,1,1,1,1,1,0,0,0,0,0.5650476197401683,0.5650476197401683,0.9763391613960266,0.9927730639775594,0.9695088346799214,0.19613915408651034,0.19613915408651034,0.0992250512043635,0.017840074468404056
27_assy_0_1,000235.jpg,0,0,0,0,0,0,0,0,0,1,1,1,1,1,0,0,0,0,0.547392588853836,0.547392588853836,0.976617960135142,0.9923591216405233,0.9700433413187662,0.19765488430857658,0.19765488430857658,0.10100616117318471,0.018535284449656804
27_assy_0_1,000240.jpg,0,0,0,0,0,0,0,0,0,1,1,1,1,1,0,0,0,0,0.5264640271663665,0.5264640271663665,0.9766414244969686,0.991556457678477,0.9704010168711344,0.2082788122196992,0.2082788122196992,0.11478878756364187,0.01902445430556933
27_assy_0_1,000245.jpg,0,0,0,0,0,0,0,0,0,1,1,1,1,1,0,0,0,0,0.5108929892381032,0.5108929892381032,0.9769567290941874,0.9903238972028097,0.9712948481241862,0.22205243433515232,0.22205243433515232,0.12365730305512747,0.019296785878638426
27_assy_0_1,000250.jpg,1,1,0,0,0,0,0,0,0,1,1,1,1,1,0,0,0,0,0.49492855270703634,0.49492855270703634,0.9775873978932699,0.9881755034128825,0.9730741739273071,0.2342270183066527,0.2342270183066527,0.12823307315508525,0.019324223200480144
27_assy_0_1,000255.jpg,1,1,0,0,0,0,0,0,0,1,1,1,1,1,0,0,0,0,0.4958828826745351,0.4958828826745351,0.980547551314036,0.9870813886324564,0.978202744325002,0.24076193819443384,0.24076193819443384,0.13056098918120065,0.019314218933383625
27_assy_0_1,000260.jpg,1,1,0,0,0,0,0,0,0,1,1,1,1,1,0,0,0,0,0.5036733587582906,0.5036733587582906,0.9835999965667724,0.9866677165031433,0.9835573315620423,0.24715861504276593,0.24715861504276593,0.13230747481187186,0.019046794126431146
27_assy_0_1,000265.jpg,1,1,0,0,0,0,0,0,0,1,1,1,1,1,0,0,0,0,0.5223702569802602,0.5223702569802602,0.9859923322995504,0.9852173725763956,0.9867110172907512,0.25155846352378525,0.25155846352378525,0.1348941445350647,0.01883693877607584
27_assy_0_1,000270.jpg,1,1,0,0,0,0,0,0,0,1,1,1,1,1,0,0,0,0,0.5480147103468577,0.5480147103468577,0.9876726746559144,0.9833748737970988,0.9888339360555013,0.26427284330129625,0.26427284330129625,0.14061045758426188,0.01889723495890697
27_assy_0_1,000275.jpg,1,1,0,0,0,0,0,0,0,1,1,1,1,1,0,0,0,0,0.575698212782542,0.575698212782542,0.9885930379231771,0.9817545334498088,0.99012131690979,0.2831026037534078,0.2831026037534078,0.1508864836146434,0.01882311360289653
27_assy_0_1,000280.jpg,1,1,0,0,0,0,0,0,0,1,1,1,1,1,0,0,0,0,0.6128100713094076,0.6128100713094076,0.9900992234547933,0.9813961545626323,0.9920155922571818,0.306664414703846,0.306664414703846,0.1654109756151835,0.019016229423383872
27_assy_0_1,000285.jpg,1,1,0,0,0,0,0,0,0,1,1,1,1,1,0,0,0,0,0.6509473303953807,0.6509473303953807,0.991732144355774,0.9812382459640503,0.994117534160614,0.31986273527145387,0.31986273527145387,0.17366121311982471,0.01905941360940536
27_assy_0_1,000290.jpg,1,1,0,0,0,0,0,0,0,1,1,1,1,1,0,0,0,0,0.6911999861399333,0.6911999861399333,0.9932376583417256,0.9812885165214539,0.9959867636362711,0.3186515976985296,0.3186515976985296,0.17438802272081375,0.018596437014639377
27_assy_0_1,000295.jpg,1,1,0,0,0,0,0,0,0,1,1,1,1,1,0,0,0,0,0.7216078996658325,0.7216078996658325,0.993930991490682,0.9813335299491882,0.9966814756393433,0.3160214632749557,0.3160214632749557,0.1737167591849963,0.018799564925332864
27_assy_0_1,000300.jpg,1,1,0,0,0,0,0,0,0,1,1,1,1,1,0,0,0,0,0.7484436829884847,0.7484436829884847,0.9943231383959452,0.9814029256502788,0.9970070362091065,0.31147321164608,0.31147321164608,0.17225870241721472,0.019972770599027474
27_assy_0_1,000305.jpg,1,1,0,0,0,0,0,0,0,1,1,1,1,1,0,0,0,0,0.7752769033114115,0.7752769033114115,0.9946633338928222,0.9817783633867899,0.9972397764523824,0.3110826085011164,0.3110826085011164,0.17183079967896145,0.022334895841777325
27_assy_0_1,000310.jpg,1,1,0,0,0,0,0,0,0,1,1,1,1,1,0,0,0,0,0.8047159989674886,0.8047159989674886,0.9950783928235372,0.9823936303456624,0.9974934418996175,0.3169004648923874,0.3169004648923874,0.17063635339339575,0.024626416526734828
27_assy_0_1,000315.jpg,1,1,0,0,0,0,0,0,0,1,1,1,1,1,0,0,0,0,0.8353994925816853,0.8353994925816853,0.9956328113873799,0.9834460059801737,0.9978340268135071,0.322634423772494,0.322634423772494,0.1557901456952095,0.02650777492672205
27_assy_0_1,000320.jpg,1,1,0,0,0,0,0,0,0,1,1,1,1,1,0,0,0,0,0.8649230678876241,0.8649230678876241,0.9963006416956584,0.9850793202718099,0.9981999278068543,0.32582660814126335,0.32582660814126335,0.1447975849111875,0.028306046004096665
27_assy_0_1,000325.jpg,1,1,0,0,0,0,0,0,0,1,1,1,1,1,0,0,0,0,0.9013012290000916,0.9013012290000916,0.9974078496297201,0.9880083719889323,0.9987758715947469,0.3223959336678187,0.3223959336678187,0.13572160750627518,0.03037992548197508
27_assy_0_1,000330.jpg,1,1,0,0,0,0,0,0,0,1,1,1,1,1,0,0,0,0,0.9331606507301331,0.9331606507301331,0.9982224941253662,0.9903966108957927,0.999163277943929,0.31971932500600814,0.31971932500600814,0.13065836665531,0.03154372541854779
27_assy_0_1,000335.jpg,1,1,0,0,0,0,0,0,0,1,1,1,1,1,0,0,0,0,0.9597829262415568,0.9597829262415568,0.9987313628196717,0.9920922716458639,0.99935808579127,0.31581612179676694,0.31581612179676694,0.1268074966967106,0.03226526410629352
27_assy_0_1,000340.jpg,1,1,0,0,0,0,0,0,0,1,1,1,1,1,0,0,0,0,0.977225410938263,0.977225410938263,0.9991490284601847,0.994200865427653,0.9995201110839844,0.3117309257388115,0.3117309257388115,0.12271634315450987,0.032525431861480075
27_assy_0_1,000345.jpg,1,1,0,0,0,0,0,0,0,1,1,1,1,1,0,0,0,0,0.9888786633809408,0.9888786633809408,0.9994316220283508,0.9964135646820068,0.9996349573135376,0.30081158032019933,0.30081158032019933,0.11605159658938646,0.03221975974738598
27_assy_0_1,000350.jpg,1,1,0,0,0,0,0,0,0,1,1,1,1,1,0,0,0,0,0.9951149344444274,0.9951149344444274,0.9996065378189087,0.9982741077740988,0.9997190316518147,0.2827285627524058,0.2827285627524058,0.10475729821870725,0.031545077450573444
27_assy_0_1,000355.jpg,1,1,0,0,0,0,0,0,0,1,1,1,1,1,0,0,0,0,0.9972751418749491,0.9972751418749491,0.9996608018875122,0.9989255507787068,0.9997457345326741,0.25587029655774435,0.25587029655774435,0.08877881861602267,0.03035412495955825
27_assy_0_1,000360.jpg,1,1,0,0,0,0,0,0,0,1,1,1,1,1,0,0,0,0,0.9982657154401143,0.9982657154401143,0.999678099155426,0.9993833144505818,0.9997542659441631,0.23721233097215494,0.23721233097215494,0.07857643117507299,0.02918516503026088
27_assy_0_1,000365.jpg,1,1,0,0,0,0,0,0,0,1,1,1,1,1,0,0,0,0,0.9985830227533976,0.9985830227533976,0.9996461987495422,0.9996241211891175,0.999732478459676,0.2233772339299321,0.2233772339299321,0.07395053681296607,0.02745763740191857
27_assy_0_1,000370.jpg,1,1,0,0,0,0,0,0,0,1,1,1,1,1,0,0,0,0,0.9986337343851726,0.9986337343851726,0.9995631217956543,0.9997512022654216,0.9996794144312541,0.20674005535741646,0.20674005535741646,0.06838375440177819,0.025250264753897984
27_assy_0_1,000375.jpg,1,1,0,0,0,0,0,0,0,1,1,1,1,1,0,0,0,0,0.9985087275505066,0.9985087275505066,0.9994327267011006,0.9998326579729716,0.9996011853218079,0.1834398721344769,0.1834398721344769,0.05975559763610363,0.02243363723779718
27_assy_0_1,000380.jpg,1,1,0,0,0,0,0,0,0,1,1,1,1,1,0,0,0,0,0.998279317220052,0.998279317220052,0.9992421865463257,0.9998806317647299,0.9994881470998128,0.1522628688874344,0.1522628688874344,0.0475316751593103,0.01901875591526429
27_assy_0_1,000385.jpg,1,1,0,0,0,0,0,0,0,1,1,1,1,1,0,0,0,0,0.9978809515635173,0.9978809515635173,0.9990193287531535,0.9999039610226949,0.9993444641431173,0.11897555890803536,0.11897555890803536,0.03346641720272601,0.016230290476232766
27_assy_0_1,000390.jpg,1,1,0,0,0,0,0,0,0,1,1,1,1,1,0,0,0,0,0.9973467508951823,0.9973467508951823,0.9987296342849732,0.9998897671699524,0.9991692821184794,0.082883427819858,0.082883427819858,0.02024182821623981,0.013978083276500304
27_assy_0_1,000395.jpg,1,1,0,0,0,0,0,0,0,1,1,1,1,1,0,0,0,0,0.9967785477638245,0.9967785477638245,0.9984778682390849,0.9998682896296184,0.9990118066469829,0.05156252256905039,0.05156252256905039,0.010452381599073609,0.011863185465335846
27_assy_0_1,000400.jpg,1,1,0,0,0,0,0,0,0,1,1,1,1,1,0,0,0,0,0.9961882551511129,0.9961882551511129,0.9982083678245545,0.9998285293579101,0.9988654931386312,0.03498408584855497,0.03498408584855497,0.007220820430666209,0.00963694378733635
27_assy_0_1,000405.jpg,1,1,0,0,0,0,0,0,0,1,1,1,1,1,0,0,0,0,0.9952028473218282,0.9952028473218282,0.9977341612180074,0.9997598965962727,0.9986037890116374,0.027462939824908973,0.027462939824908973,0.00588520517727981,0.008254379065086444
27_assy_0_1,000410.jpg,1,1,0,0,0,0,0,0,0,1,1,1,1,1,0,0,0,0,0.9934007406234742,0.9934007406234742,0.9968783140182496,0.9996081193288168,0.9981310447057088,0.021642303265010317,0.021642303265010317,0.00501426225528121,0.007300951114545266
27_assy_0_1,000415.jpg,1,1,0,0,0,0,0,0,0,1,1,1,1,1,0,0,0,0,0.9888269742329915,0.9888269742329915,0.9954060713450114,0.9993481675783793,0.9971482833226522,0.017476376472041012,0.017476376472041012,0.004488280625082552,0.006824214663356543
27_assy_0_1,000420.jpg,1,1,0,0,0,0,0,0,0,1,1,1,1,1,0,0,0,0,0.9823877851168314,0.9823877851168314,0.993682595094045,0.9990159551302592,0.9960058768590291,0.013145114465927085,0.013145114465927085,0.0039310313373183215,0.006776056531816721
27_assy_0_1,000425.jpg,1,1,0,0,0,0,0,0,0,1,1,1,1,1,0,0,0,0,0.9687662283579509,0.9687662283579509,0.9899795055389404,0.9983000675837199,0.9933391650517781,0.009136211965233088,0.009136211965233088,0.0033200565647954743,0.006788372031102578
27_assy_0_1,000430.jpg,1,1,0,0,0,0,0,0,0,1,1,1,1,1,0,0,0,0,0.9514326691627503,0.9514326691627503,0.9861050844192505,0.9973834951718649,0.9903387029965719,0.007324739537822703,0.007324739537822703,0.0030182837586229046,0.007252288175125917
27_assy_0_1,000435.jpg,1,1,0,0,0,0,0,0,0,1,1,1,1,1,0,0,0,0,0.9307633360226949,0.9307633360226949,0.9810453653335571,0.9963227152824402,0.9866833329200745,0.00613682121426488,0.00613682121426488,0.002758330867315332,0.0074590403897066915
27_assy_0_1,000440.jpg,1,1,0,0,0,0,0,0,0,1,1,1,1,1,0,0,0,0,0.904763110478719,0.904763110478719,0.9744210203488668,0.9952452023824055,0.9808989922205608,0.005455227886947493,0.005455227886947493,0.0026375017516935867,0.007947216524432104
27_assy_0_1,000445.jpg,1,1,0,0,0,0,0,0,0,1,1,1,1,1,0,0,0,0,0.8728703300158183,0.8728703300158183,0.9663120150566101,0.9936349153518677,0.9731721202532451,0.00501541697109739,0.00501541697109739,0.0025986258018140993,0.008569645353903373
27_assy_0_1,000450.jpg,1,1,0,0,0,0,0,0,0,1,1,1,1,1,0,0,0,0,0.834180372953415,0.834180372953415,0.9526639421780904,0.9914679527282715,0.9585277716318766,0.004612398248476287,0.004612398248476287,0.002555345518824955,0.009189969549576441
27_assy_0_1,000455.jpg,1,1,0,0,0,0,0,0,0,1,1,1,1,1,0,0,0,0,0.7964183847109477,0.7964183847109477,0.9393000801404318,0.9888498226801554,0.9427973866462708,0.004045683766404787,0.004045683766404787,0.0025230805467193326,0.010444004305948813
27_assy_0_1,000460.jpg,1,1,0,0,0,0,0,0,0,1,1,1,1,1,0,0,0,0,0.7503434002399445,0.7503434002399445,0.921665096282959,0.9848679701487223,0.9234009544054668,0.00279718991369009,0.00279718991369009,0.002362309714468817,0.011924979152778785
27_assy_0_1,000465.jpg,1,1,0,0,0,0,0,0,0,1,1,1,1,1,0,0,0,0,0.7117755929629008,0.7117755929629008,0.9045589645703633,0.9818441828091939,0.9043381611506144,0.002226564893499017,0.002226564893499017,0.002299011537494759,0.013854416273534297
27_assy_0_1,000470.jpg,1,1,0,0,0,0,0,0,0,1,1,1,1,1,0,0,0,0,0.6798967679341634,0.6798967679341634,0.8884090105692546,0.9796138564745586,0.8878204822540283,0.002154521131888032,0.002154521131888032,0.0024065756316607196,0.015461746510118246
27_assy_0_1,000475.jpg,1,1,0,0,0,0,0,0,0,1,1,1,1,1,0,0,0,0,0.6645421544710796,0.6645421544710796,0.882871143023173,0.979035754998525,0.8831886529922486,0.0028528145824869475,0.0028528145824869475,0.003031254334685703,0.018335685785859823
27_assy_0_1,000480.jpg,1,1,0,0,0,0,0,0,0,1,1,1,1,1,0,0,0,0,0.6496095736821492,0.6496095736821492,0.8783330639203389,0.9786528865496318,0.879414963722229,0.0034663749082634848,0.0034663749082634848,0.003620151539022724,0.02074215325216452
27_assy_0_1,000485.jpg,1,1,0,0,0,0,0,0,0,1,1,1,1,1,0,0,0,0,0.6359094460805257,0.6359094460805257,0.8740888516108195,0.9781641801198323,0.8756739258766174,0.003914864454418421,0.003914864454418421,0.003942019981332123,0.02289525978267193
27_assy_0_1,000490.jpg,1,1,0,0,0,0,0,0,0,1,1,1,1,1,0,0,0,0,0.6264968315760294,0.6264968315760294,0.8709803144137065,0.9776081562042236,0.8730663617451986,0.0042458995245397094,0.0042458995245397094,0.004123335021237532,0.024609566231568656
27_assy_0_1,000495.jpg,1,1,0,0,0,0,0,0,0,1,1,1,1,1,0,0,0,0,0.6203251043955486,0.6203251043955486,0.8688849409421285,0.9771908720334371,0.871304984887441,0.004481782298535108,0.004481782298535108,0.00417648785126706,0.026049925573170186
27_assy_0_1,000500.jpg,1,1,0,0,0,0,0,0,0,1,1,1,1,1,0,0,0,0,0.6261225461959838,0.6261225461959838,0.8699796835581461,0.977446178595225,0.8720987200736999,0.004764662077650428,0.004764662077650428,0.004237581525618831,0.02719755241026481
27_assy_0_1,000505.jpg,1,1,0,0,0,0,0,0,0,1,1,1,1,1,0,0,0,0,0.6395711143811543,0.6395711143811543,0.8724560697873434,0.9781697869300843,0.874159053961436,0.005088347281950216,0.005088347281950216,0.004268345966314276,0.02832796617100636
27_assy_0_1,000510.jpg,1,1,0,0,0,0,0,0,0,1,1,1,1,1,0,0,0,0,0.659176254272461,0.659176254272461,0.8770192543665568,0.9791216055552164,0.877511723836263,0.005349788360763341,0.005349788360763341,0.004271316311011712,0.02883616555482149
27_assy_0_1,000515.jpg,1,1,0,0,0,0,0,0,0,1,1,1,1,1,0,0,0,0,0.684111742178599,0.684111742178599,0.8830795407295227,0.9800645867983501,0.8830113649368286,0.005417993711307645,0.005417993711307645,0.0042301371848831575,0.028688232724865276
27_assy_0_1,000520.jpg,1,1,0,0,0,0,0,0,0,1,1,1,1,1,0,0,0,0,0.7153240799903869,0.7153240799903869,0.8908812522888183,0.9816126585006714,0.8905936717987061,0.005442142269263665,0.005442142269263665,0.004147207802937676,0.02845399162421624
27_assy_0_1,000525.jpg,1,1,0,0,0,0,0,0,0,1,1,1,1,1,0,0,0,0,0.7536177655061086,0.7536177655061086,0.9042348861694336,0.9837161620457967,0.9050837238629659,0.005503473593853414,0.005503473593853414,0.004086118909375121,0.02819548814247052
27_assy_0_1,000530.jpg,1,1,0,0,0,0,0,0,0,1,1,1,1,1,0,0,0,0,0.7913483500480651,0.7913483500480651,0.9175164421399434,0.9863043705622355,0.9207776188850403,0.005745579845582446,0.005745579845582446,0.004015881471180667,0.027409902773797512
27_assy_0_1,000535.jpg,1,1,0,0,0,0,0,0,0,1,1,1,1,1,0,0,0,0,0.83771111369133,0.83771111369133,0.9352374911308289,0.9902714212735494,0.940241527557373,0.0069882831070572134,0.0069882831070572134,0.004162773051454375,0.02639885079115629
27_assy_0_1,000540.jpg,1,1,0,0,0,0,0,0,0,1,1,1,1,1,0,0,0,0,0.8767629067103068,0.8767629067103068,0.9525645613670349,0.9933083057403564,0.9594402511914571,0.010776142341395218,0.010776142341395218,0.004932160050763438,0.02480506586531798
27_assy_0_1,000545.jpg,1,1,0,0,0,0,0,0,0,1,1,1,1,1,0,0,0,0,0.9091954469680786,0.9091954469680786,0.9689366459846497,0.9955540895462036,0.9760955492655436,0.022435489545265832,0.022435489545265832,0.007472656601263831,0.023572223819792272
27_assy_0_1,000550.jpg,1,1,0,0,0,0,0,0,0,1,1,1,1,1,0,0,0,0,0.9251411716143291,0.9251411716143291,0.9747336705525717,0.996166729927063,0.9808659315109253,0.05666575518747171,0.05666575518747171,0.015930910156263658,0.02124448133011659
27_assy_0_1,000555.jpg,1,1,0,0,0,0,0,0,0,1,1,1,1,1,0,0,0,0,0.9410678029060364,0.9410678029060364,0.9797438025474549,0.9966089606285096,0.9848990400632223,0.104474669508636,0.104474669508636,0.03379298286745325,0.019330780021846294
27_assy_0_1,000560.jpg,1,1,0,0,0,0,0,0,0,1,1,1,1,1,0,0,0,0,0.956582248210907,0.956582248210907,0.9848481059074402,0.9972409725189209,0.9891154964764913,0.16192183997482062,0.16192183997482062,0.06744238085035856,0.017669727218647797
27_assy_0_1,000565.jpg,1,1,0,0,0,0,0,0,0,1,1,1,1,1,0,0,0,0,0.9706063389778137,0.9706063389778137,0.98944038550059,0.9980484286944071,0.9927142977714538,0.22245010879511634,0.22245010879511634,0.10609398604913925,0.0164200055723389
27_assy_0_1,000570.jpg,1,1,0,0,0,0,0,0,0,1,1,1,1,1,0,0,0,0,0.9832091371218363,0.9832091371218363,0.9932685335477193,0.9987650275230407,0.9956250230471293,0.2859382651125391,0.2859382651125391,0.1483177273340213,0.015354270674288273
27_assy_0_1,000575.jpg,1,1,0,0,0,0,0,0,0,1,1,1,1,1,0,0,0,0,0.9910091757774353,0.9910091757774353,0.9958788235982259,0.9991769870122273,0.9975000659624735,0.34739141560470066,0.34739141560470066,0.17666568788311754,0.014784164788822333
27_assy_0_1,000580.jpg,1,1,0,0,0,0,0,0,0,1,1,1,1,1,0,0,0,0,0.9948508699735006,0.9948508699735006,0.997274907430013,0.9992914994557699,0.9984405477841695,0.40513365926841893,0.40513365926841893,0.19413874993333594,0.013993922310570875
27_assy_0_1,000585.jpg,1,1,0,0,0,0,0,0,0,1,1,1,1,1,0,0,0,0,0.9958575010299683,0.9958575010299683,0.9977628946304321,0.9993312239646912,0.9987382332483927,0.4561982177508374,0.4561982177508374,0.20419971154769884,0.014113484757641952
27_assy_0_1,000590.jpg,1,1,0,0,0,0,0,0,0,1,1,1,1,1,0,0,0,0,0.9967805782953898,0.9967805782953898,0.9983096957206726,0.9993850628534953,0.9990151882171631,0.4977570101851597,0.4977570101851597,0.20962321771852052,0.015235429195066293
27_assy_0_1,000595.jpg,1,1,0,0,0,0,0,0,0,1,1,1,1,1,0,0,0,0,0.9971638878186544,0.9971638878186544,0.9986207048098247,0.9993883490562439,0.9991703828175863,0.525910417502746,0.525910417502746,0.21218714247612905,0.016148072915772596
27_assy_0_1,000600.jpg,1,1,0,0,0,0,0,0,0,1,1,1,1,1,0,0,0,0,0.9960964361826579,0.9960964361826579,0.9988900343577067,0.9993541638056437,0.9993213335673015,0.548444349039346,0.548444349039346,0.2144805403969561,0.0172379316141208
27_assy_0_1,000605.jpg,1,1,0,0,0,0,0,0,0,1,1,1,1,1,0,0,0,0,0.992340886592865,0.992340886592865,0.9988717039426168,0.9992686152458191,0.9993119319279988,0.5662599294135968,0.5662599294135968,0.21624632583310208,0.018243178849418958
27_assy_0_1,000610.jpg,1,1,0,0,0,0,0,0,0,1,1,1,1,1,0,0,0,0,0.9889243284861247,0.9889243284861247,0.9986884673436482,0.999162244796753,0.9992348790168762,0.580745039631923,0.580745039631923,0.21715956988433996,0.01929369419813156
27_assy_0_1,000615.jpg,1,1,0,0,0,0,0,0,0,1,1,1,1,1,0,0,0,0,0.9856901844342549,0.9856901844342549,0.9984993577003479,0.99905766248703,0.9991499265034993,0.5939314852158228,0.5939314852158228,0.21738472419480484,0.020091837830841543
27_assy_0_1,000620.jpg,1,1,0,0,0,0,0,0,0,1,1,1,1,1,0,0,0,0,0.9833404858907063,0.9833404858907063,0.9982598503430684,0.9989818771680196,0.9990496397018432,0.5876077006260554,0.5876077006260554,0.21529221360882123,0.020785722012321154
27_assy_0_1,000625.jpg,1,1,0,0,0,0,0,0,0,1,1,1,1,1,0,0,0,0,0.9778569300969442,0.9778569300969442,0.9977736353874207,0.9988553047180175,0.9988121668497721,0.5561792828142643,0.5561792828142643,0.20701649338006972,0.021162267836431662
27_assy_0_1,000630.jpg,1,1,0,0,0,0,0,0,0,1,1,1,1,1,0,0,0,0,0.9659990429878235,0.9659990429878235,0.9972766160964965,0.9986916581789652,0.9985550045967102,0.5106625301142533,0.5106625301142533,0.18978416273991267,0.02238833879431089
27_assy_0_1,000635.jpg,1,1,0,0,0,0,0,0,0,1,1,1,1,1,0,0,0,0,0.9523543278376262,0.9523543278376262,0.9969625830650329,0.9984744270642598,0.9983967264493306,0.45607349649071693,0.45607349649071693,0.15743329947193463,0.02487119287252426
27_assy_0_1,000640.jpg,1,1,0,0,0,0,0,0,0,1,1,1,1,1,0,0,0,0,0.9375843246777852,0.9375843246777852,0.9966585914293925,0.9981477618217468,0.9982285976409913,0.39783155992627145,0.39783155992627145,0.12036663976808389,0.027398191392421722
27_assy_0_1,000645.jpg,1,1,0,0,0,0,0,0,0,1,1,1,1,1,0,0,0,0,0.920412524541219,0.920412524541219,0.9963211854298909,0.9975860953330994,0.9980425238609314,0.3377109294136365,0.3377109294136365,0.08072851238151392,0.031028018767635026
27_assy_0_1,000650.jpg,1,1,0,0,0,0,0,0,0,1,1,1,1,1,0,0,0,0,0.9048435966173808,0.9048435966173808,0.9960674444834391,0.9968241135279338,0.9979010423024496,0.27954942286014556,0.27954942286014556,0.054272635653614995,0.03339218062659104
27_assy_0_1,000655.jpg,1,1,0,0,0,0,0,0,0,1,1,1,1,1,0,0,0,0,0.8888228694597881,0.8888228694597881,0.9959204912185669,0.9954525788625082,0.9978136579195659,0.2240142156680425,0.2240142156680425,0.03784130401909351,0.03574887216091156
27_assy_0_1,000660.jpg,1,1,1,1,0,0,0,0,0,1,1,1,1,1,0,0,0,0,0.8681158582369487,0.8681158582369487,0.9957655310630799,0.9932705283164978,0.9977126876513164,0.17434924989938735,0.17434924989938735,0.02876601057748,0.037348230555653575
27_assy_0_1,000665.jpg,1,1,1,1,0,0,0,0,0,1,1,1,1,1,0,0,0,0,0.8496920625368755,0.8496920625368755,0.9957067529360454,0.9917054732640584,0.9976617614428203,0.13412621195117633,0.13412621195117633,0.024537919834256173,0.0384323351085186
27_assy_0_1,000670.jpg,1,1,1,1,0,0,0,0,0,1,1,1,1,1,0,0,0,0,0.8355323870976766,0.8355323870976766,0.9957188049952189,0.9895017981529236,0.9976557890574137,0.10964086378614107,0.10964086378614107,0.02422156147658825,0.0398929459353288
27_assy_0_1,000675.jpg,1,1,1,1,0,0,0,0,0,1,1,1,1,1,0,0,0,0,0.8281456112861634,0.8281456112861634,0.9958392063776652,0.9869882345199585,0.9977163036664327,0.09318416044116021,0.09318416044116021,0.024070870007077853,0.040953012804190315
27_assy_0_1,000680.jpg,1,1,1,1,0,0,0,0,0,1,1,1,1,1,0,0,0,0,0.8284693400065104,0.8284693400065104,0.9961124420166015,0.9850713968276977,0.9978656450907389,0.08417821352680524,0.08417821352680524,0.02444812941054503,0.04130417083700498
27_assy_0_1,000685.jpg,1,1,1,1,0,0,0,0,0,1,1,1,1,1,0,0,0,0,0.8288698434829712,0.8288698434829712,0.9963996052742005,0.9816566308339437,0.9979957699775696,0.08472184265653292,0.08472184265653292,0.02702340396742026,0.04137064131597678
27_assy_0_1,000690.jpg,1,1,1,1,0,0,0,0,0,1,1,1,1,1,0,0,0,0,0.8299356659253438,0.8299356659253438,0.9966224312782288,0.9772751291592916,0.9980920831362406,0.1012701265513897,0.1012701265513897,0.032616973668336866,0.04237604650358359
27_assy_0_1,000695.jpg,1,1,1,1,0,0,0,0,0,1,1,1,1,1,0,0,0,0,0.8309279759724935,0.8309279759724935,0.9968664129575093,0.974221932888031,0.9981877088546753,0.14186143800616263,0.14186143800616263,0.04325337546567122,0.043312362705667816
27_assy_0_1,000700.jpg,1,1,1,1,0,0,0,0,0,1,1,1,1,1,0,0,0,0,0.8358007748921712,0.8358007748921712,0.997348697980245,0.9729121049245198,0.9984170953432719,0.1839262291789055,0.1839262291789055,0.060100176061193146,0.04563037877281507
27_assy_0_1,000705.jpg,1,1,1,1,0,0,0,0,0,1,1,1,1,1,0,0,0,0,0.8474407990773519,0.8474407990773519,0.9978454391161601,0.9724246501922608,0.9986714204152425,0.23279199997584024,0.23279199997584024,0.08283232264220715,0.04754344833393891
27_assy_0_1,000710.jpg,1,1,1,1,0,0,0,0,0,1,1,1,1,1,0,0,0,0,0.860977836449941,0.860977836449941,0.9981589953104655,0.9722058693567912,0.9988279422124227,0.2801791672905286,0.2801791672905286,0.1085252815236648,0.048343584313988684
27_assy_0_1,000715.jpg,1,1,1,1,0,0,0,0,0,1,1,1,1,1,0,0,0,0,0.8756130894025167,0.8756130894025167,0.9984507242838542,0.9717442671457927,0.9989856799443563,0.325531043112278,0.325531043112278,0.13137427841623625,0.048391108339031534
27_assy_0_1,000720.jpg,1,1,1,1,0,0,0,0,0,1,1,1,1,1,0,0,0,0,0.8926806926727295,0.8926806926727295,0.9987706462542216,0.9712572773297627,0.99915664990743,0.36487513557076456,0.36487513557076456,0.14995580539107323,0.046615781262516975
27_assy_0_1,000725.jpg,1,1,1,1,0,0,0,0,0,1,1,1,1,1,0,0,0,0,0.9081820289293925,0.9081820289293925,0.9990173538525899,0.971424929300944,0.9992883483568827,0.41540710056821506,0.41540710056821506,0.18222376282016436,0.04580357633531094
27_assy_0_1,000730.jpg,1,1,1,1,0,0,0,0,0,1,1,1,1,1,0,0,0,0,0.9242159048716228,0.9242159048716228,0.9991656700770061,0.9722383737564086,0.9993732492129008,0.46372444356481235,0.46372444356481235,0.20778562799096106,0.044283912206689514
27_assy_0_1,000735.jpg,1,1,1,1,0,0,0,0,0,1,1,1,1,1,0,0,0,0,0.9449918905893961,0.9449918905893961,0.9993423382441203,0.9742445707321167,0.9994858821233114,0.5069055286546548,0.5069055286546548,0.229542388767004,0.04304686101774375
27_assy_0_1,000740.jpg,1,1,1,1,0,0,0,0,0,1,1,1,1,1,0,0,0,0,0.9636173844337463,0.9636173844337463,0.9994588613510131,0.97581920226415,0.9995702306429545,0.5426794414718946,0.5426794414718946,0.2492053267856439,0.04117685543994109
27_assy_0_1,000745.jpg,1,1,1,1,0,0,0,0,0,1,1,1,1,1,0,0,0,0,0.9782258749008179,0.9782258749008179,0.9995261391003927,0.9780269861221313,0.9996179302533468,0.5677137583494186,0.5677137583494186,0.26232982700069746,0.03903871737420559
27_assy_0_1,000750.jpg,1,1,1,1,0,0,0,0,0,1,1,1,1,1,0,0,0,0,0.9872633775075277,0.9872633775075277,0.9995478868484498,0.9805430134137472,0.9996293703715007,0.5879282544056574,0.5879282544056574,0.27104845121502874,0.03720896138499181
27_assy_0_1,000755.jpg,1,1,1,1,0,0,0,0,0,1,1,1,1,1,0,0,0,0,0.990795906384786,0.990795906384786,0.9995015223821004,0.9823840975761413,0.9995884299278259,0.5968319614728291,0.5968319614728291,0.27529876803358394,0.035860065494974454
27_assy_0_1,000760.jpg,1,1,1,1,0,0,0,0,0,1,1,1,1,1,0,0,0,0,0.9935546040534973,0.9935546040534973,0.9994077722231547,0.9856715162595113,0.9995042602221171,0.5969338685274124,0.5969338685274124,0.27660555293162664,0.03497716796894868
27_assy_0_1,000765.jpg,1,1,1,1,0,0,0,0,0,1,1,1,1,1,0,0,0,0,0.9955181201299032,0.9955181201299032,0.9993414004643758,0.9900334318478902,0.9994354685147603,0.5808624734481176,0.5808624734481176,0.2753288293878237,0.03405283614993095
27_assy_0_1,000770.jpg,1,1,1,1,0,0,0,0,0,1,1,1,1,1,0,0,0,0,0.9967495759328207,0.9967495759328207,0.9993154565493266,0.9930908521016438,0.999418044090271,0.5491588175296783,0.5491588175296783,0.26854265679915745,0.03365624894698461
27_assy_0_1,000775.jpg,1,1,1,1,0,0,0,0,0,1,1,1,1,1,0,0,0,0,0.9972841183344523,0.9972841183344523,0.9993023077646891,0.994477383295695,0.999411157766978,0.5134885976711909,0.5134885976711909,0.25372341896096867,0.0323950856924057
27_assy_0_1,000780.jpg,1,1,1,1,0,0,0,0,0,1,1,1,1,1,0,0,0,0,0.9974089821179708,0.9974089821179708,0.9992828289667766,0.9950923879941305,0.9993968367576599,0.46825198431809745,0.46825198431809745,0.23201021601756414,0.030728908131519954
27_assy_0_1,000785.jpg,1,1,1,1,0,0,0,0,0,1,1,1,1,1,0,0,0,0,0.9974349737167358,0.9974349737167358,0.9992487947146098,0.9954676667849223,0.999370543162028,0.4233446940779686,0.4233446940779686,0.20631748102605343,0.02885067438085874
27_assy_0_1,000790.jpg,1,1,1,1,0,0,0,0,0,1,1,1,1,1,0,0,0,0,0.9974218408266703,0.9974218408266703,0.9991947690645854,0.9960821310679118,0.9993306795756022,0.37954933345317843,0.37954933345317843,0.18280152132113775,0.027841171622276305
27_assy_0_1,000795.jpg,1,1,1,1,0,0,0,0,0,1,1,1,1,1,0,0,0,0,0.9973491549491882,0.9973491549491882,0.9991168936093648,0.9968801140785217,0.9992731054623921,0.34060269544521965,0.34060269544521965,0.16262466311454774,0.026905517280101775
27_assy_0_1,000800.jpg,1,1,1,1,0,0,0,0,0,1,1,1,1,1,0,0,0,0,0.9970900257428487,0.9970900257428487,0.9990029374758402,0.9972884813944499,0.9991881847381592,0.2903174412747224,0.2903174412747224,0.12952415781716506,0.026394291718800863
27_assy_0_1,000805.jpg,1,1,1,1,0,0,0,0,0,1,1,1,1,1,0,0,0,0,0.9966904441515605,0.9966904441515605,0.9989212195078532,0.9977741360664367,0.999128540356954,0.24727993284662564,0.24727993284662564,0.10508394154409567,0.02749764546751976
27_assy_0_1,000810.jpg,1,1,1,1,0,0,0,0,0,1,1,1,1,1,0,0,0,0,0.9957100113232931,0.9957100113232931,0.9987923582394918,0.9979073683420817,0.9990320841471354,0.21418003713091213,0.21418003713091213,0.08482433992127578,0.029156422118345897
27_assy_0_1,000815.jpg,1,1,1,1,0,0,0,0,0,1,1,1,1,1,0,0,0,0,0.9936478853225708,0.9936478853225708,0.9986203630765279,0.9978798429171244,0.9988932689030965,0.19450386439760525,0.19450386439760525,0.06732334134479363,0.03205906674265861
27_assy_0_1,000820.jpg,1,1,1,1,0,0,0,0,0,1,1,1,1,1,0,0,0,0,0.9907551447550456,0.9907551447550456,0.9983952601750692,0.9978669206301372,0.9987093488375346,0.18207398330171903,0.18207398330171903,0.05505558587610722,0.03506243452429771
27_assy_0_1,000825.jpg,1,1,1,1,0,0,0,0,0,1,1,1,1,1,0,0,0,0,0.9855465650558471,0.9855465650558471,0.9980708400408427,0.9978933374087016,0.9984480261802673,0.17028300041953723,0.17028300041953723,0.046689100687702496,0.038000515289604665
27_assy_0_1,000830.jpg,1,1,1,1,0,0,0,0,0,1,1,1,1,1,0,0,0,0,0.9782714168230693,0.9782714168230693,0.9977980852127075,0.9980211695035298,0.9982558687527975,0.16918563321232796,0.16918563321232796,0.04252119300266107,0.04158228312929471
27_assy_0_1,000835.jpg,1,1,1,1,0,0,0,0,0,1,1,1,1,1,0,0,0,0,0.9655899802843729,0.9655899802843729,0.9976061423619588,0.9982203483581543,0.9981728871663411,0.16454432780543962,0.16454432780543962,0.03923745329181353,0.04432816418508689
27_assy_0_1,000840.jpg,1,1,1,1,0,0,0,0,0,1,1,1,1,1,0,0,0,0,0.953466800848643,0.953466800848643,0.9974529266357421,0.9983128865559896,0.9981255292892456,0.16140567337473233,0.16140567337473233,0.03583895961443583,0.04741084178288778
27_assy_0_1,000845.jpg,1,1,1,1,1,0,0,0,0,1,1,1,1,1,0,0,0,0,0.9406406958897908,0.9406406958897908,0.9972927331924438,0.9983730991681417,0.9980539997418721,0.15782379880547523,0.15782379880547523,0.032956840470433235,0.05030841082334518
27_assy_0_1,000850.jpg,1,1,1,1,1,0,0,0,0,1,1,1,1,1,0,0,0,0,0.9268822987874349,0.9268822987874349,0.9971623659133911,0.9984136660893758,0.9979939619700114,0.16158331607778867,0.16158331607778867,0.03200782885154088,0.053345592319965364
27_assy_0_1,000855.jpg,1,1,1,1,1,0,0,0,0,1,1,1,1,1,0,0,0,0,0.9138156930605571,0.9138156930605571,0.9969909191131592,0.9984195868174235,0.9978939453760783,0.16691947256525358,0.16691947256525358,0.03154987009863059,0.058635213722785316
27_assy_0_1,000860.jpg,1,1,1,1,1,0,0,0,0,1,1,1,1,1,0,0,0,0,0.9057811180750529,0.9057811180750529,0.9968189239501953,0.9984334826469421,0.9977830489476521,0.16989384219050407,0.16989384219050407,0.03184008896350861,0.0624729519089063
27_assy_0_1,000865.jpg,1,1,1,1,1,0,0,0,0,1,1,1,1,1,0,0,0,0,0.8997318029403687,0.8997318029403687,0.9965875506401062,0.9985196232795716,0.9976343631744384,0.17024505759278932,0.17024505759278932,0.03192828247944514,0.06311271737019221
27_assy_0_1,000870.jpg,1,1,1,1,1,0,0,0,0,1,1,1,1,1,0,0,0,0,0.895789368947347,0.895789368947347,0.9962970018386841,0.998663318157196,0.9974316557248434,0.16967899948358536,0.16967899948358536,0.031649405447145305,0.06335235511263211
27_assy_0_1,000875.jpg,1,1,1,1,1,0,0,0,0,1,1,1,1,1,0,0,0,0,0.8945002714792888,0.8945002714792888,0.9961437384287516,0.9987331867218018,0.9973530292510986,0.16865965922673543,0.16865965922673543,0.031119776827593645,0.06279248247543971
27_assy_0_1,000880.jpg,1,1,1,1,1,0,0,0,0,1,1,1,1,1,0,0,0,0,0.8941657145818075,0.8941657145818075,0.9960858027140299,0.9986912687619527,0.9973244269688925,0.16316721166173617,0.16316721166173617,0.02940930121888717,0.06108702855805556
27_assy_0_1,000885.jpg,1,1,1,1,1,0,0,0,0,1,1,1,1,1,0,0,0,0,0.8948365330696106,0.8948365330696106,0.996057120958964,0.9985411882400512,0.9973047494888305,0.15342379696667194,0.15342379696667194,0.027356869479020437,0.05878998866925637
27_assy_0_1,000890.jpg,1,1,1,1,1,0,0,0,0,1,1,1,1,1,0,0,0,0,0.896848460038503,0.896848460038503,0.9961713870366414,0.998481257756551,0.9973970611890157,0.1379507441073656,0.1379507441073656,0.02463902539263169,0.055670392823716004
27_assy_0_1,000895.jpg,1,1,1,1,1,0,0,0,0,1,1,1,1,1,0,0,0,0,0.8997667670249939,0.8997667670249939,0.9963786482810975,0.998449436823527,0.9975668112436931,0.12455277480185031,0.12455277480185031,0.022433392020563284,0.05256292503327131
27_assy_0_1,000900.jpg,1,1,1,1,1,0,0,0,0,1,1,1,1,1,0,0,0,0,0.9050715327262878,0.9050715327262878,0.9967187603314718,0.9984765728314717,0.9978416879971822,0.1128028533111016,0.1128028533111016,0.02088630124926567,0.04910609709719817
27_assy_0_1,000905.jpg,1,1,1,1,1,0,0,0,0,1,1,1,1,1,0,0,0,0,0.9125948627789815,0.9125948627789815,0.9970584670702617,0.9985260168711344,0.9980884313583374,0.09746041546265284,0.09746041546265284,0.019351551433404286,0.04501722079391281
27_assy_0_1,000910.jpg,1,1,1,1,1,0,0,0,0,1,1,1,1,1,0,0,0,0,0.92567325035731,0.92567325035731,0.9973770658175151,0.9985794107119242,0.9982805450757345,0.08720107401410739,0.08720107401410739,0.01851193408171336,0.04154104543849826
27_assy_0_1,000915.jpg,1,1,1,1,1,0,0,0,0,1,1,1,1,1,0,0,0,0,0.9380640029907227,0.9380640029907227,0.9976272861162822,0.9986226797103882,0.9984230518341064,0.074001041178902,0.074001041178902,0.01750051851073901,0.037659417806814116
27_assy_0_1,000920.jpg,1,1,1,1,1,0,0,0,0,1,1,1,1,1,0,0,0,0,0.9510306715965271,0.9510306715965271,0.9978331764539082,0.9986460884412129,0.9985344012578329,0.06482879891991615,0.06482879891991615,0.01785265120367209,0.0339670785702765
27_assy_0_1,000925.jpg,1,1,1,1,1,0,0,0,0,1,1,1,1,1,0,0,0,0,0.9648577253023783,0.9648577253023783,0.9979870915412903,0.9986641804377238,0.9986161947250366,0.053546104083458584,0.053546104083458584,0.019207086662451425,0.03030545050278306
27_assy_0_1,000930.jpg,1,1,1,1,1,0,0,0,0,1,1,1,1,1,0,0,0,0,0.9780049800872803,0.9780049800872803,0.9981832424799602,0.9987062970797221,0.9987392624219259,0.04373833139737447,0.04373833139737447,0.021036826198299725,0.02482264821107189
27_assy_0_1,000935.jpg,1,1,1,1,1,0,0,0,0,1,1,1,1,1,0,0,0,0,0.9861040472984314,0.9861040472984314,0.9983933448791504,0.9987639268239339,0.9988829612731933,0.038764382153749465,0.038764382153749465,0.024230498696366946,0.022653228137642145
27_assy_0_1,000940.jpg,1,1,1,1,1,0,0,0,0,1,1,1,1,1,0,0,0,0,0.9922531684239705,0.9922531684239705,0.9986887693405151,0.9988620003064473,0.9990832209587097,0.03838954841097196,0.03838954841097196,0.027713219573100408,0.024918392890443404
27_assy_0_1,000945.jpg,1,1,1,1,1,0,0,0,0,1,1,1,1,1,0,0,0,0,0.9962310711542766,0.9962310711542766,0.999053152402242,0.9990037441253662,0.9993530869483948,0.03790919954578082,0.03790919954578082,0.031954270166655384,0.030534943534682193
27_assy_0_1,000950.jpg,1,1,1,1,1,0,0,0,0,1,1,1,1,1,0,0,0,0,0.9974261363347371,0.9974261363347371,0.9992311477661133,0.9991686264673869,0.9994813521703084,0.03691349476575852,0.03691349476575852,0.035028332533935704,0.038253079944600664
27_assy_0_1,000955.jpg,1,1,1,1,1,0,0,0,0,1,1,1,1,1,0,0,0,0,0.9969873189926147,0.9969873189926147,0.9989478747049968,0.9993556857109069,0.9993532379468282,0.036292549967765805,0.036292549967765805,0.037835365471740566,0.04779467281575004
27_assy_0_1,000960.jpg,1,1,1,1,1,0,0,0,0,1,1,1,1,1,0,0,0,0,0.9943448742230733,0.9943448742230733,0.9979328751564026,0.9995948553085328,0.9988887945810954,0.03535848384102185,0.03535848384102185,0.04017647293706735,0.055065652510772146
27_assy_0_1,000965.jpg,1,1,1,1,1,0,0,0,0,1,1,1,1,1,0,0,0,0,0.9884770671526592,0.9884770671526592,0.9942548990249633,0.9996350765228271,0.9969533920288086,0.034174224672218166,0.034174224672218166,0.04214751701802015,0.06199593944475055
27_assy_0_1,000970.jpg,1,1,1,1,1,0,0,0,0,1,1,1,1,1,0,0,0,0,0.9795403401056926,0.9795403401056926,0.9846835056940715,0.9990311781565349,0.9916239460309346,0.03151624628032247,0.03151624628032247,0.04268325176090002,0.06516290856525302
27_assy_0_1,000975.jpg,1,1,1,1,1,0,0,0,0,1,1,1,1,1,0,0,0,0,0.9688308517138163,0.9688308517138163,0.9676699876785279,0.9969350020090739,0.9816373666127522,0.028913470295568306,0.028913470295568306,0.04264576689650615,0.06806745178376634
27_assy_0_1,000980.jpg,1,1,1,1,1,0,0,0,0,1,1,1,1,1,0,0,0,0,0.9563215851783753,0.9563215851783753,0.9371503432591756,0.9900887688000997,0.9581193645795186,0.02767570860063036,0.02767570860063036,0.042660482600331305,0.07114392034709453
27_assy_0_1,000985.jpg,1,1,1,1,1,0,0,0,0,1,1,1,1,1,0,0,0,0,0.9395708123842875,0.9395708123842875,0.888421239455541,0.9792263428370158,0.9137031733989716,0.026420387843002876,0.026420387843002876,0.0422999007627368,0.07320210170000792
27_assy_0_1,000990.jpg,1,1,1,1,1,0,0,0,0,1,1,1,1,1,0,0,0,0,0.9160458366076152,0.9160458366076152,0.8302541534105937,0.95901540517807,0.8554793020089467,0.025440927284459274,0.025440927284459274,0.041690343618392946,0.07483523475627105
27_assy_0_1,000995.jpg,1,1,1,1,1,0,0,0,0,1,1,1,1,1,0,0,0,0,0.8855323433876038,0.8855323433876038,0.7772556195656458,0.9378023783365885,0.801001321276029,0.024030429621537525,0.024030429621537525,0.04019850480059783,0.07635948086778323
27_assy_0_1,001000.jpg,1,1,1,1,1,0,0,0,0,1,1,1,1,1,0,0,0,0,0.857714855670929,0.857714855670929,0.7340597897768021,0.9236421505610148,0.7576985985040665,0.02178783897931377,0.02178783897931377,0.03735199514776468,0.07680363928278287
27_assy_0_1,001005.jpg,1,1,1,1,1,0,0,0,0,1,1,1,1,1,0,0,0,0,0.8312253991762797,0.8312253991762797,0.7014546106259029,0.9190808653831481,0.7277953296899795,0.019703120132908224,0.019703120132908224,0.03399639915054043,0.07604418608049551
27_assy_0_1,001010.jpg,1,1,1,1,1,0,0,0,0,1,1,1,1,1,0,0,0,0,0.8082903901735942,0.8082903901735942,0.6799150337775548,0.9169991612434387,0.7061578184366226,0.016041430939609806,0.016041430939609806,0.02923887170230349,0.07409724444150925
27_assy_0_1,001015.jpg,1,1,1,1,1,0,0,0,0,1,1,1,1,1,0,0,0,0,0.7771073420842488,0.7771073420842488,0.65755142668883,0.9151667753855387,0.6780889421701431,0.012071750887359182,0.012071750887359182,0.024801665327201287,0.07095307831962903
27_assy_0_1,001020.jpg,1,1,1,1,1,0,0,0,0,1,1,1,1,1,0,0,0,0,0.7460682392120361,0.7460682392120361,0.6391154875357946,0.91374538342158,0.6512691924969355,0.009374758678798873,0.009374758678798873,0.01991988007600109,0.06553885464866956
27_assy_0_1,001025.jpg,1,1,1,1,1,0,0,0,0,1,1,1,1,1,0,0,0,0,0.7129418214162191,0.7129418214162191,0.6208194643259048,0.9119705955187479,0.623373618721962,0.007771153142675758,0.007771153142675758,0.0163170101121068,0.05833661779761314
27_assy_0_1,001030.jpg,1,1,1,1,1,0,0,0,0,1,1,1,1,1,0,0,0,0,0.6761746009190878,0.6761746009190878,0.6007429828246434,0.9098404089609782,0.5926299999157588,0.006178711059813698,0.006178711059813698,0.013005761646976073,0.04932250032822291
27_assy_0_1,001035.jpg,1,1,1,1,1,0,0,0,0,1,1,1,1,1,0,0,0,0,0.6395401318868001,0.6395401318868001,0.5773254344860713,0.904188605149587,0.5570980280637741,0.005259509089713296,0.005259509089713296,0.010261757012146214,0.04308195064465205
27_assy_0_1,001040.jpg,1,1,1,1,1,0,0,0,0,1,1,1,1,1,0,0,0,0,0.607039890686671,0.607039890686671,0.5620415558417639,0.8982417265574137,0.5322965790828069,0.004836555089180668,0.004836555089180668,0.007839801682469746,0.03909489686290423
27_assy_0_1,001045.jpg,1,1,1,1,1,0,0,0,0,1,1,1,1,1,0,0,0,0,0.57234628200531,0.57234628200531,0.5511501501003901,0.8910410483678182,0.5079680730899175,0.0051034067291766405,0.0051034067291766405,0.006545697703647117,0.04185492421189944
27_assy_0_1,001050.jpg,1,1,1,1,1,0,0,0,0,1,1,1,1,1,0,0,0,0,0.5375642478466034,0.5375642478466034,0.5404338985681534,0.88129114707311,0.4817097673813502,0.0056341247167438265,0.0056341247167438265,0.005808554923472305,0.04618603885173798
27_assy_0_1,001055.jpg,1,1,1,1,1,0,0,0,0,1,1,1,1,1,0,0,0,0,0.5123861074447632,0.5123861074447632,0.5421107600132624,0.865156376361847,0.46877690056959787,0.006342935174082716,0.006342935174082716,0.005326004318582515,0.052606831987698874
27_assy_0_1,001060.jpg,1,1,1,1,1,0,0,0,0,1,1,1,1,1,0,0,0,0,0.4852831502755483,0.4852831502755483,0.5454285869995753,0.8313712517420451,0.46176120539506277,0.006969036518906554,0.006969036518906554,0.005028577234285573,0.06088530321915944
27_assy_0_1,001065.jpg,1,1,1,1,1,0,0,0,0,1,1,1,1,1,0,0,0,0,0.47486788829167687,0.47486788829167687,0.5658584942420324,0.8196420391400655,0.4812239935000738,0.0071074446818480885,0.0071074446818480885,0.004879461562571426,0.06619480972488721
27_assy_0_1,001070.jpg,1,1,1,1,1,0,0,0,0,1,1,1,1,1,0,0,0,0,0.4771245280901591,0.4771245280901591,0.5831463476022084,0.8050831218560537,0.5044208963712057,0.006882783382510146,0.006882783382510146,0.0045035020836318536,0.0677325946589311
27_assy_0_1,001075.jpg,1,1,1,1,1,0,0,0,0,1,1,1,1,1,0,0,0,0,0.47878814140955606,0.47878814140955606,0.5985844016075135,0.7885973950227102,0.5264174262682597,0.006747005026166638,0.006747005026166638,0.004259304834219316,0.06898890758554141
27_assy_0_1,001080.jpg,1,1,1,1,1,0,0,0,0,1,1,1,1,1,0,0,0,0,0.48403985500335694,0.48403985500335694,0.6172254920005799,0.7773525933424632,0.548140573501587,0.006844617038344343,0.006844617038344343,0.004258232726715505,0.0708919856697321
27_assy_0_1,001085.jpg,1,1,1,1,1,0,0,0,0,1,1,1,1,1,0,0,0,0,0.49003282785415647,0.49003282785415647,0.6331615765889486,0.7756088197231292,0.567121156056722,0.006783057935535908,0.006783057935535908,0.004173416683139901,0.07079264509181181
27_assy_0_1,001090.jpg,1,1,1,1,1,0,0,0,0,1,1,1,1,1,0,0,0,0,0.5076405922571818,0.5076405922571818,0.652980109055837,0.7763271033763885,0.5940641482671102,0.006585281862256428,0.006585281862256428,0.004166672293407222,0.06987920912603537
27_assy_0_1,001095.jpg,1,1,1,1,1,0,0,0,0,1,1,1,1,1,0,0,0,0,0.5287469943364461,0.5287469943364461,0.6698777039845785,0.7771685063838959,0.6201963980992635,0.006239836554353436,0.006239836554353436,0.004215626581571996,0.06819227747619153
27_assy_0_1,001100.jpg,1,1,1,1,1,0,0,0,0,1,1,1,1,1,0,0,0,0,0.5518773317337036,0.5518773317337036,0.6870669643084208,0.7784497876962025,0.6476005991299947,0.006041660454745094,0.006041660454745094,0.004324227672380706,0.06687674392014742
27_assy_0_1,001105.jpg,1,1,1,1,1,0,0,0,0,1,1,1,1,1,0,0,0,0,0.5758615771929423,0.5758615771929423,0.7066317001978556,0.7801738361517588,0.6781262358029684,0.006233371996010343,0.006233371996010343,0.004849681265962621,0.06619502535710732
27_assy_0_1,001110.jpg,1,1,1,1,1,0,0,0,0,1,1,1,1,1,0,0,0,0,0.6012643257776896,0.6012643257776896,0.7307759046554565,0.7856718361377716,0.7140243669350942,0.006946850583578149,0.006946850583578149,0.005517861386761069,0.06526891458779574
27_assy_0_1,001115.jpg,1,1,1,1,1,0,0,0,0,1,1,1,1,1,0,0,0,0,0.6222794155279795,0.6222794155279795,0.7495132724444071,0.7915887693564098,0.7406858464082082,0.008419659252588947,0.008419659252588947,0.006199788938586911,0.06306553302953641
27_assy_0_1,001120.jpg,1,1,1,1,1,0,0,0,0,1,1,1,1,1,0,0,0,0,0.6474995493888855,0.6474995493888855,0.769859234491984,0.7993982970714569,0.7703080872694651,0.011446847037101785,0.011446847037101785,0.007181851177786787,0.057788998199005924
27_assy_0_1,001125.jpg,1,1,1,1,1,0,0,0,0,1,1,1,1,1,0,0,0,0,0.6774284859498342,0.6774284859498342,0.7974888761838277,0.8112162530422211,0.8065284629662831,0.01497801208558182,0.01497801208558182,0.008299907684947054,0.05287497049818436
27_assy_0_1,001130.jpg,1,1,1,1,1,0,0,0,0,1,1,1,1,1,0,0,0,0,0.7026519974072775,0.7026519974072775,0.8262582858403523,0.8341608266035716,0.8429609616597493,0.019626920437440278,0.019626920437440278,0.009517023262257377,0.046226388029754165
27_assy_0_1,001135.jpg,1,1,1,1,1,0,0,0,0,1,1,1,1,1,0,0,0,0,0.7317797402540843,0.7317797402540843,0.871475617090861,0.8787135581175486,0.8943304498990376,0.023899099991346397,0.023899099991346397,0.010704255988821387,0.03890408631414175
27_assy_0_1,001140.jpg,1,1,1,1,1,0,0,0,0,1,1,1,1,1,0,0,0,0,0.7505894780158997,0.7505894780158997,0.9087852954864502,0.9104528446992238,0.9329347252845764,0.02882764533472558,0.02882764533472558,0.012095707360034187,0.035015472086767356
27_assy_0_1,001145.jpg,1,1,1,1,1,0,0,0,0,1,1,1,1,1,0,0,0,0,0.7667448997497559,0.7667448997497559,0.944057019551595,0.9461145202318827,0.9640711029370626,0.03427184843458235,0.03427184843458235,0.014652354052911203,0.035246795229613784
27_assy_0_1,001150.jpg,1,1,1,1,1,0,0,0,0,1,1,1,1,1,0,0,0,0,0.786599870522817,0.786599870522817,0.9716958363850912,0.9767248272895813,0.9853344122568767,0.04769888456600408,0.04769888456600408,0.02033973407621185,0.03855664314081272
27_assy_0_1,001155.jpg,1,1,1,1,1,0,0,0,0,1,1,1,1,1,0,0,0,0,0.8043847640355428,0.8043847640355428,0.9855975786844889,0.9925152937571208,0.993488363424937,0.05856073781227072,0.05856073781227072,0.02575961695984006,0.043474821063379444
27_assy_0_1,001160.jpg,1,1,1,1,1,0,0,0,0,1,1,1,1,1,0,0,0,0,0.8192949573198954,0.8192949573198954,0.991159725189209,0.9963311076164245,0.9961289207140605,0.06617498551495374,0.06617498551495374,0.03436917963748177,0.05300406087189913
27_assy_0_1,001165.jpg,1,1,1,1,1,0,0,0,0,1,1,1,1,1,0,0,0,0,0.8316345492998759,0.8316345492998759,0.9936673760414123,0.9974371592203776,0.997237479686737,0.07072400325754037,0.07072400325754037,0.045414644821236534,0.061703117874761425
27_assy_0_1,001170.jpg,1,1,1,1,1,0,0,0,0,1,1,1,1,1,0,0,0,0,0.8413119594256083,0.8413119594256083,0.9952183922131856,0.9980150580406189,0.9979334155718486,0.07565076736112436,0.07565076736112436,0.056666210573166606,0.07832240083565314
27_assy_0_1,001175.jpg,1,1,1,1,1,0,0,0,0,1,1,1,1,1,0,0,0,0,0.8509845892588298,0.8509845892588298,0.9963693579037984,0.998504106203715,0.9984500447909037,0.0904629544975857,0.0904629544975857,0.07448208356897036,0.10143128397564093
27_assy_0_1,001180.jpg,1,1,1,1,1,0,0,0,0,1,1,1,1,1,0,0,0,0,0.8640151778856914,0.8640151778856914,0.9972300012906392,0.9989065289497375,0.9988468567530314,0.11872876478979985,0.11872876478979985,0.09533033737291892,0.1299588290353616
27_assy_0_1,001185.jpg,1,1,1,1,1,0,0,0,0,1,1,1,1,1,0,0,0,0,0.8774917602539063,0.8774917602539063,0.997574512163798,0.999067227045695,0.9990139325459798,0.1357664942741394,0.1357664942741394,0.11266353658090035,0.1574217298378547
27_assy_0_1,001190.jpg,1,1,1,1,1,0,0,0,0,1,1,1,1,1,0,0,0,0,0.894411567846934,0.894411567846934,0.9977614720662434,0.9992088158925374,0.9990967432657878,0.14532363414764404,0.14532363414764404,0.12581599863866966,0.18427856328586736
27_assy_0_1,001195.jpg,1,1,1,1,1,0,0,0,0,1,1,1,1,1,0,0,0,0,0.9120885690053304,0.9120885690053304,0.9977577288945516,0.9992861986160279,0.9990638256072998,0.16210794399182002,0.16210794399182002,0.13826005222896734,0.21452200263738633
27_assy_0_1,001200.jpg,1,1,1,1,1,0,0,0,0,1,1,1,1,1,0,0,0,0,0.925938872496287,0.925938872496287,0.9974865833918254,0.9993154446283976,0.9988362828890482,0.1726895992954572,0.1726895992954572,0.147154259805878,0.24602898731827735
27_assy_0_1,001205.jpg,1,1,1,1,1,0,0,0,0,1,1,1,1,1,0,0,0,0,0.9356875737508138,0.9356875737508138,0.9967451612154643,0.999257747332255,0.9983132958412171,0.18576687723398208,0.18576687723398208,0.15184169560670852,0.27474114298820496
27_assy_0_1,001210.jpg,1,1,1,1,1,0,0,0,0,1,1,1,1,1,0,0,0,0,0.9455429593722026,0.9455429593722026,0.9937888264656067,0.9990197261174519,0.9954941272735596,0.20063269038995107,0.20063269038995107,0.154286686082681,0.30465133115649223
27_assy_0_1,001215.jpg,1,1,1,1,1,0,0,0,0,1,1,1,1,1,0,0,0,0,0.954406758149465,0.954406758149465,0.9903566757837932,0.9986665805180868,0.9913771033287049,0.21005770365397136,0.21005770365397136,0.15419783927500247,0.33309290061394375
27_assy_0_1,001220.jpg,1,1,1,1,1,0,0,0,0,1,1,1,1,1,0,0,0,0,0.959209946791331,0.959209946791331,0.9872085054715475,0.9980118791262309,0.9876887639363606,0.21334696014722188,0.21334696014722188,0.15285624302923678,0.36084144512812294
27_assy_0_1,001225.jpg,1,1,1,1,1,0,0,0,0,1,1,1,1,1,0,0,0,0,0.9615822275479634,0.9615822275479634,0.9862833102544148,0.9977954109509786,0.9867952346801758,0.20272485812505087,0.20272485812505087,0.14797863649825255,0.39064495464166005
27_assy_0_1,001230.jpg,1,1,1,1,1,0,0,0,0,1,1,1,1,1,0,0,0,0,0.9632121404012044,0.9632121404012044,0.9858441630999247,0.9976808508237203,0.9864245732625325,0.19287723004817964,0.19287723004817964,0.14311164077371358,0.4165824830532074
27_assy_0_1,001235.jpg,1,1,1,1,1,0,0,0,0,1,1,1,1,1,0,0,0,0,0.9643969217936198,0.9643969217936198,0.9858072837193806,0.9976448734601339,0.9863800128300985,0.18687958332399526,0.18687958332399526,0.1349727975204587,0.4399532268444697
27_assy_0_1,001240.jpg,1,1,1,1,1,0,0,0,0,1,1,1,1,1,0,0,0,0,0.9652053316434225,0.9652053316434225,0.9858351031939189,0.9976165135701497,0.986385977268219,0.18509092815220357,0.18509092815220357,0.12457719178249439,0.4625388205051422
27_assy_0_1,001245.jpg,1,1,1,1,1,0,0,0,0,1,1,1,1,1,0,0,0,0,0.9653621315956116,0.9653621315956116,0.9858505884806316,0.9975887378056844,0.9863876382509867,0.18243459078172844,0.18243459078172844,0.11393049297233422,0.4764004389444987
27_assy_0_1,001250.jpg,1,1,1,1,1,0,0,0,0,1,1,1,1,1,0,0,0,0,0.96571178038915,0.96571178038915,0.9859082897504171,0.9975584228833516,0.986409604549408,0.17013868329425652,0.17013868329425652,0.0970575333883365,0.4799555718898773
27_assy_0_1,001255.jpg,1,1,1,1,1,0,0,0,0,1,1,1,1,1,0,0,0,0,0.966173239549001,0.966173239549001,0.9859919985135396,0.9975529869397481,0.9864561160405477,0.14366160991291205,0.14366160991291205,0.07746990136802197,0.47336308360099794
27_assy_0_1,001260.jpg,1,1,1,1,1,0,0,0,0,1,1,1,1,1,0,0,0,0,0.9666431188583374,0.9666431188583374,0.9861152609189351,0.9975659290949503,0.9865234971046448,0.12817102633416652,0.12817102633416652,0.06196714875598749,0.4669249097506205
27_assy_0_1,001265.jpg,1,1,1,1,1,0,0,0,0,1,1,1,1,1,0,0,0,0,0.9669612248738607,0.9669612248738607,0.9862236062685649,0.9975723266601563,0.986575170358022,0.12231454861660798,0.12231454861660798,0.05290065494676431,0.46114203135172527
27_assy_0_1,001270.jpg,1,1,1,1,1,0,0,0,0,1,1,1,1,1,0,0,0,0,0.967395273844401,0.967395273844401,0.986366073290507,0.9975893259048462,0.986663544178009,0.11389598560829957,0.11389598560829957,0.04662086454530557,0.45234222412109376
27_assy_0_1,001275.jpg,1,1,1,1,1,0,0,0,0,1,1,1,1,1,0,0,0,0,0.9684185942014059,0.9684185942014059,0.9867005745569865,0.9976258277893066,0.9868909200032552,0.1145416658371687,0.1145416658371687,0.04609291044374307,0.43757318059603373
27_assy_0_1,001280.jpg,1,1,1,1,1,0,0,0,0,1,1,1,1,1,0,0,0,0,0.970197323958079,0.970197323958079,0.9874230027198792,0.9977224389712016,0.987366811434428,0.11808006179829439,0.11808006179829439,0.05153448569277922,0.4261413315931956
27_assy_0_1,001285.jpg,1,1,1,1,1,0,0,0,0,1,1,1,1,1,0,0,0,0,0.9737567941347758,0.9737567941347758,0.9903459429740906,0.998009192943573,0.9900874296824137,0.12471148582796256,0.12471148582796256,0.059757816667358084,0.41681206425031025
27_assy_0_1,001290.jpg,1,1,1,1,1,0,0,0,0,1,1,1,1,1,0,0,0,0,0.9763113419214885,0.9763113419214885,0.9934236844380696,0.9984447717666626,0.9937796751658122,0.1357149334003528,0.1357149334003528,0.06906515037020047,0.4089077115058899
27_assy_0_1,001295.jpg,1,1,1,1,1,0,0,0,0,1,1,1,1,1,0,0,0,0,0.9768705487251281,0.9768705487251281,0.9955241481463114,0.9989859104156494,0.9967039664586385,0.1506682526320219,0.1506682526320219,0.07549239546060563,0.39427223801612854
27_assy_0_1,001300.jpg,1,1,1,1,1,0,0,0,0,1,1,1,1,1,0,0,0,0,0.9753368496894836,0.9753368496894836,0.9947821060816447,0.9989570180575053,0.9965233484903971,0.17533687961598238,0.17533687961598238,0.08236466497182846,0.37823800841967264
27_assy_0_1,001305.jpg,1,1,1,1,1,0,0,0,0,1,1,1,1,1,0,0,0,0,0.9699012796084087,0.9699012796084087,0.9919650157292684,0.9979323903719585,0.9947800358136495,0.20520464691023033,0.20520464691023033,0.08764851670712233,0.36412707169850667
27_assy_0_1,001310.jpg,1,1,1,1,1,0,0,0,0,1,1,1,1,1,0,0,0,0,0.9615800460179647,0.9615800460179647,0.9871863047281901,0.9951496839523315,0.9912813623746236,0.23271731038888296,0.23271731038888296,0.09201612739513318,0.34864640633265176
27_assy_0_1,001315.jpg,1,1,1,1,1,0,0,0,0,1,1,1,1,1,0,0,0,0,0.9532019257545471,0.9532019257545471,0.9818339268366496,0.9916367570559184,0.9872581640879313,0.25935189947485926,0.25935189947485926,0.0948009558642904,0.3351745287577311
27_assy_0_1,001320.jpg,1,1,1,1,1,0,0,0,0,1,1,1,1,1,0,0,0,0,0.943907868862152,0.943907868862152,0.9744916478792827,0.9874096035957336,0.981175180276235,0.2779277950525284,0.2779277950525284,0.09625068952639898,0.319264014561971
27_assy_0_1,001325.jpg,1,1,1,1,1,0,0,0,0,1,1,1,1,1,0,0,0,0,0.9367668191591899,0.9367668191591899,0.9658855319023132,0.9820381204287211,0.973825732866923,0.2902742691338062,0.2902742691338062,0.09665191036959489,0.3022974709669749
27_assy_0_1,001330.jpg,1,1,1,1,1,0,0,0,0,1,1,1,1,1,0,0,0,0,0.9302633047103882,0.9302633047103882,0.9549760977427165,0.9748145182927449,0.9648785789807638,0.3005835856000582,0.3005835856000582,0.09609585367143154,0.2839620471000671
27_assy_0_1,001335.jpg,1,1,1,1,1,0,0,0,0,1,1,1,1,1,0,0,0,0,0.9212430834770202,0.9212430834770202,0.9407555460929871,0.965958027044932,0.9521961688995362,0.304067417482535,0.304067417482535,0.0944888555755218,0.26634626984596255
27_assy_0_1,001340.jpg,1,1,1,1,1,0,0,0,0,1,1,1,1,1,0,0,0,0,0.9144302407900492,0.9144302407900492,0.9279925505320231,0.9589755773544312,0.9419394850730896,0.3041590258479118,0.3041590258479118,0.09054717471202214,0.24860720882813137
27_assy_0_1,001345.jpg,1,1,1,1,1,0,0,0,0,1,1,1,1,1,0,0,0,0,0.9059545159339905,0.9059545159339905,0.9169725139935812,0.9515085140864055,0.9328843196233113,0.3029342100024223,0.3029342100024223,0.08475701858599981,0.23316702047983806
27_assy_0_1,001350.jpg,1,1,1,1,1,0,0,0,0,1,1,1,1,1,0,0,0,0,0.8954321463902791,0.8954321463902791,0.8989250739415486,0.9398821393648783,0.9161867539087931,0.2977149392167727,0.2977149392167727,0.07685102509955564,0.2197076807419459
27_assy_0_1,001355.jpg,1,1,1,1,1,0,0,0,0,1,1,1,1,1,0,0,0,0,0.8858412623405456,0.8858412623405456,0.8817030668258667,0.9309300144513448,0.9002671082814534,0.28589698622624077,0.28589698622624077,0.06690548087159792,0.20576225916544597
27_assy_0_1,001360.jpg,1,1,1,1,1,0,0,0,0,1,1,1,1,1,0,0,0,0,0.880278718471527,0.880278718471527,0.8694461345672607,0.922376549243927,0.8886944452921549,0.27401890804370244,0.27401890804370244,0.05688653886318207,0.18850173751513163
27_assy_0_1,001365.jpg,1,1,1,1,1,0,0,0,0,1,1,1,1,1,0,0,0,0,0.8794085303942363,0.8794085303942363,0.8607504526774089,0.9172113696734111,0.8805926005045573,0.26654165238142014,0.26654165238142014,0.048729055126508075,0.16960025777419407
27_assy_0_1,001370.jpg,1,1,1,1,1,0,0,0,0,1,1,1,1,1,0,0,0,0,0.8828339099884033,0.8828339099884033,0.8568024516105652,0.9136914491653443,0.8766390999158223,0.2645681664347649,0.2645681664347649,0.04390148520469665,0.15860420614480972
27_assy_0_1,001375.jpg,1,1,1,1,1,0,0,0,0,1,1,1,1,1,0,0,0,0,0.8856265505154928,0.8856265505154928,0.8551042636235555,0.9102300445238749,0.874711294968923,0.26299165735642116,0.26299165735642116,0.038781067232290904,0.14559913674990335
27_assy_0_1,001380.jpg,1,1,1,1,1,0,0,0,0,1,1,1,1,1,0,0,0,0,0.8909487962722779,0.8909487962722779,0.8561998168627422,0.9072115302085877,0.8750020464261373,0.24894563804070155,0.24894563804070155,0.03382788101832072,0.1346466620763143
27_assy_0_1,001385.jpg,1,1,1,1,1,0,0,0,0,1,1,1,1,1,0,0,0,0,0.8989866177241007,0.8989866177241007,0.8594985087712605,0.9071592132250468,0.8771626949310303,0.2436111455162366,0.2436111455162366,0.030716149881482125,0.1248751978079478
27_assy_0_1,001390.jpg,1,1,1,1,1,0,0,0,0,1,1,1,1,1,0,0,0,0,0.9069982846577962,0.9069982846577962,0.8636927088101705,0.9072164456049602,0.8800758600234986,0.23042777329683303,0.23042777329683303,0.0290276317546765,0.11469469865163168
27_assy_0_1,001395.jpg,1,1,1,1,1,0,0,0,0,1,1,1,1,1,0,0,0,0,0.9162476460138956,0.9162476460138956,0.8704909245173137,0.9095383882522583,0.8856756846110027,0.2143112743894259,0.2143112743894259,0.02745073971649011,0.10523596455653508
27_assy_0_1,001400.jpg,1,1,1,1,1,0,0,0,0,1,1,1,1,1,0,0,0,0,0.9237456480662029,0.9237456480662029,0.8789971431096395,0.9141345024108887,0.892938236395518,0.20495708535114923,0.20495708535114923,0.02666100493321816,0.10019513666629791
27_assy_0_1,001405.jpg,1,1,1,1,1,0,0,0,0,1,1,1,1,1,0,0,0,0,0.9306461731592814,0.9306461731592814,0.8898073156674703,0.9207135955492656,0.9017862915992737,0.20107749154170354,0.20107749154170354,0.02641840310146411,0.10207955191532771
27_assy_0_1,001410.jpg,1,1,1,1,1,0,0,0,0,1,1,1,1,1,0,0,0,0,0.9397379239400228,0.9397379239400228,0.9039182146390279,0.9289231181144715,0.9143574833869934,0.20655918965737025,0.20655918965737025,0.02688963767141104,0.10414213488499323
27_assy_0_1,001415.jpg,1,1,1,1,1,0,0,0,0,1,1,1,1,1,0,0,0,0,0.9464004834493002,0.9464004834493002,0.9165844996770223,0.934884246190389,0.9245076100031535,0.21278613805770874,0.21278613805770874,0.02737198763837417,0.10612582117319107
27_assy_0_1,001420.jpg,1,1,1,1,1,0,0,0,0,1,1,1,1,1,0,0,0,0,0.9544228593508403,0.9544228593508403,0.9274156808853149,0.9411592006683349,0.9333407481511434,0.21652079423268636,0.21652079423268636,0.0283973370368282,0.10566010723511378
27_assy_0_1,001425.jpg,1,1,1,1,1,0,0,0,0,1,1,1,1,1,0,0,0,0,0.9651196757952373,0.9651196757952373,0.9453909754753113,0.9520919402440389,0.9499327818552653,0.22556915978590647,0.22556915978590647,0.02968920972198248,0.10860272198915481
27_assy_0_1,001430.jpg,1,1,1,1,1,0,0,0,0,1,1,1,1,1,0,0,0,0,0.9749492804209391,0.9749492804209391,0.9625526984532674,0.9604830662409465,0.9657109061876933,0.24572917024294536,0.24572917024294536,0.03345229147622983,0.11649125466744105
27_assy_0_1,001435.jpg,1,1,1,1,1,0,0,0,0,1,1,1,1,1,0,0,0,0,0.9803221623102824,0.9803221623102824,0.9746982892354329,0.9682011763254802,0.9769723137219747,0.2757536600033442,0.2757536600033442,0.037889087634782,0.1307155892252922
27_assy_0_1,001440.jpg,1,1,1,1,1,0,0,0,0,1,1,1,1,1,0,0,0,0,0.9832371671994528,0.9832371671994528,0.9838302532831827,0.9727242708206176,0.9851982116699218,0.311133536696434,0.311133536696434,0.044850049850841366,0.146194792787234
27_assy_0_1,001445.jpg,1,1,1,1,1,0,0,0,0,1,1,1,1,1,0,0,0,0,0.9847155610720316,0.9847155610720316,0.9889657060305278,0.9758407235145569,0.9896626710891724,0.34496211310227715,0.34496211310227715,0.054251033999025824,0.15498808423678082
27_assy_0_1,001450.jpg,1,1,1,1,1,0,0,0,0,1,1,1,1,1,0,0,0,0,0.9855363051096598,0.9855363051096598,0.9922044316927592,0.9787890791893006,0.9924105326334636,0.3695513973633448,0.3695513973633448,0.06034585777670145,0.15804757128159205
27_assy_0_1,001455.jpg,1,1,1,1,1,0,0,0,0,1,1,1,1,1,0,0,0,0,0.9856186350186665,0.9856186350186665,0.9941421826680501,0.9820690949757894,0.9938592672348022,0.39927220046520234,0.39927220046520234,0.0709232866143187,0.15497562487920125
27_assy_0_1,001460.jpg,1,1,1,1,1,0,0,0,0,1,1,1,1,1,0,0,0,0,0.9848921020825704,0.9848921020825704,0.995085601011912,0.9838868776957194,0.9943804939587911,0.4138812988996506,0.4138812988996506,0.08111897117147843,0.14976580788691837
27_assy_0_1,001465.jpg,1,1,1,1,1,0,0,0,0,1,1,1,1,1,0,0,0,0,0.9847873171170552,0.9847873171170552,0.995059339205424,0.9857028484344482,0.9937434116999309,0.4279324690500895,0.4279324690500895,0.09299230308582386,0.14353033378720284
27_assy_0_1,001470.jpg,1,1,1,1,1,0,0,0,0,1,1,1,1,1,0,0,0,0,0.9847179333368937,0.9847179333368937,0.9950164834658305,0.9864262262980144,0.9933871189753215,0.4399280319611231,0.4399280319611231,0.1030366133277615,0.13886275055507818
27_assy_0_1,001475.jpg,1,1,1,1,1,0,0,0,0,1,1,1,1,1,0,0,0,0,0.9847070972124735,0.9847070972124735,0.9948485732078552,0.9865112940470377,0.9930278539657593,0.4458313306172689,0.4458313306172689,0.11156532193223635,0.13361863115181524
27_assy_0_1,001480.jpg,1,1,1,1,1,0,0,0,0,1,1,1,1,1,0,0,0,0,0.9848012288411458,0.9848012288411458,0.9948277274767557,0.986591653029124,0.9929288784662883,0.44109623953700067,0.44109623953700067,0.11543847993016243,0.1270755790794889
27_assy_0_1,001485.jpg,1,1,1,1,1,0,0,0,0,1,1,1,1,1,0,0,0,0,0.9849960366884868,0.9849960366884868,0.9948304335276286,0.9867693463961283,0.9928997874259948,0.4315893936902285,0.4315893936902285,0.1198696513970693,0.12071185543512304
27_assy_0_1,001490.jpg,1,1,1,1,1,0,0,0,0,1,1,1,1,1,0,0,0,0,0.9852975289026896,0.9852975289026896,0.99480695327123,0.9874332865079244,0.9928304592768351,0.42178800466159977,0.42178800466159977,0.12643134742975234,0.1141597707134982
27_assy_0_1,001495.jpg,1,1,1,1,1,0,0,0,0,1,1,1,1,1,0,0,0,0,0.9860063711802165,0.9860063711802165,0.9949289043744405,0.9884385148684184,0.992961057027181,0.4106189719090859,0.4106189719090859,0.13389931817849476,0.10750339503089587
27_assy_0_1,001500.jpg,1,1,1,1,1,0,0,0,0,1,1,1,1,1,0,0,0,0,0.9864657362302144,0.9864657362302144,0.9949918230374654,0.989054814974467,0.9930285533269246,0.3962614219635725,0.3962614219635725,0.14275102416674296,0.09914465180287758
27_assy_0_1,001505.jpg,1,1,1,1,1,0,0,0,0,1,1,1,1,1,0,0,0,0,0.9871389786402385,0.9871389786402385,0.9951336940129598,0.9896196683247884,0.9932211001714071,0.3741593531022469,0.3741593531022469,0.15295230895280837,0.08649978122363487
27_assy_0_1,001510.jpg,1,1,1,1,1,0,0,0,0,1,1,1,1,1,0,0,0,0,0.9886200904846192,0.9886200904846192,0.9954744060834249,0.9905046502749125,0.9936930179595947,0.3349665444344282,0.3349665444344282,0.15373511016368865,0.06840990092605352
27_assy_0_1,001515.jpg,1,1,1,1,1,0,0,0,0,1,1,1,1,1,0,0,0,0,0.990276042620341,0.990276042620341,0.9958283106486002,0.991266683737437,0.9941544771194458,0.28587166431049504,0.28587166431049504,0.14871422400077183,0.051490244828164576
27_assy_0_1,001520.jpg,1,1,1,1,1,0,0,0,0,1,1,1,1,1,0,0,0,0,0.9921085357666015,0.9921085357666015,0.9961367925008138,0.9918941895167033,0.9945570429166158,0.23540687921146553,0.23540687921146553,0.14094109882911046,0.04473366892586152
27_assy_0_1,001525.jpg,1,1,1,1,1,0,0,0,0,1,1,1,1,1,0,0,0,0,0.9939549644788106,0.9939549644788106,0.9963913162549337,0.9926881194114685,0.9948589126269023,0.18948184760908285,0.18948184760908285,0.13680423001448314,0.050662182333568735
27_assy_0_1,001530.jpg,1,1,1,1,1,0,0,0,0,1,1,1,1,1,0,0,0,0,0.9958127458890279,0.9958127458890279,0.9966834624608357,0.9935814499855041,0.9952630281448365,0.152042118832469,0.152042118832469,0.13516874611377716,0.06381678686787685
27_assy_0_1,001535.jpg,1,1,1,1,1,0,0,0,0,1,1,1,1,1,0,0,0,0,0.9976956288019816,0.9976956288019816,0.997304646174113,0.9946445067723592,0.9961441040039063,0.12397391411165397,0.12397391411165397,0.1373292883237203,0.07835670964171489
27_assy_0_1,001540.jpg,1,1,1,1,1,0,0,0,0,1,1,1,1,1,0,0,0,0,0.9986475706100464,0.9986475706100464,0.9985084851582845,0.9963208317756653,0.9979076266288758,0.10729351850847403,0.10729351850847403,0.144470610221227,0.09631987841178974
27_assy_0_1,001545.jpg,1,1,1,1,1,0,0,0,0,1,1,1,1,1,0,0,0,0,0.9990536967913309,0.9990536967913309,0.99910515944163,0.9975328008333842,0.9987565795580546,0.10304270101090272,0.10304270101090272,0.1509920398394267,0.11940050416936478
27_assy_0_1,001550.jpg,1,1,1,1,1,0,0,0,0,1,1,1,1,1,0,0,0,0,0.9991416613260905,0.9991416613260905,0.9993836681048075,0.9982587416966756,0.9992138544718424,0.10218701375027497,0.10218701375027497,0.1547909786303838,0.14496897446612517
27_assy_0_1,001555.jpg,1,1,1,1,1,0,0,0,0,1,1,1,1,1,0,0,0,0,0.9989718874295552,0.9989718874295552,0.999485166867574,0.9988354841868082,0.9993991057078043,0.10440629708270231,0.10440629708270231,0.15644918084144593,0.1709005447725455
27_assy_0_1,001560.jpg,1,1,1,1,1,0,0,0,0,1,1,1,1,1,0,0,0,0,0.9986060380935669,0.9986060380935669,0.9994986097017924,0.9992957194646199,0.9994630336761474,0.11232545798023542,0.11232545798023542,0.15683051347732543,0.19718922696386773
27_assy_0_1,001565.jpg,1,1,1,1,1,0,0,0,0,1,1,1,1,1,0,0,0,0,0.9975857337315878,0.9975857337315878,0.9993160645167033,0.9996022979418436,0.9993888179461161,0.11660210440556208,0.11660210440556208,0.1519388238588969,0.21978561397021015
27_assy_0_1,001570.jpg,1,1,1,1,1,0,0,0,0,1,1,1,1,1,0,0,0,0,0.9955144405364991,0.9955144405364991,0.9987569093704224,0.9996803641319275,0.998937996228536,0.1172144129872322,0.1172144129872322,0.1435600746423006,0.23571652056028444
27_assy_0_1,001575.jpg,1,1,1,1,1,0,0,0,0,1,1,1,1,1,0,0,0,0,0.9915389736493428,0.9915389736493428,0.9972743233044942,0.9993421117464701,0.9975429813067118,0.11538442745804786,0.11538442745804786,0.132480871429046,0.2475272131462892
27_assy_0_1,001580.jpg,1,1,1,1,1,0,0,0,0,1,1,1,1,1,0,0,0,0,0.9872422774632772,0.9872422774632772,0.9953505754470825,0.9981998920440673,0.995611576239268,0.10947110255559285,0.10947110255559285,0.11726157454152902,0.2539618454873562
27_assy_0_1,001585.jpg,1,1,1,1,1,0,0,0,0,1,1,1,1,1,0,0,0,0,0.9785167455673218,0.9785167455673218,0.9902620395024617,0.9957287987073262,0.9900741855303447,0.10526190350453059,0.10526190350453059,0.11004116566230854,0.25761664658784866
27_assy_0_1,001590.jpg,1,1,1,1,1,0,0,0,0,1,1,1,1,1,0,0,0,0,0.9588296333948771,0.9588296333948771,0.9763994693756104,0.9890558401743571,0.9746125141779581,0.10192231858770052,0.10192231858770052,0.10540579428585867,0.2598276898264885
27_assy_0_1,001595.jpg,1,1,1,1,1,0,0,0,0,1,1,1,1,1,0,0,0,0,0.9291659752527873,0.9291659752527873,0.9515055815378824,0.9754782279332479,0.9465339581171671,0.0981036014854908,0.0981036014854908,0.10091170566156507,0.257515183587869
27_assy_0_1,001600.jpg,1,1,1,1,1,0,0,0,0,1,1,1,1,1,0,0,0,0,0.8884980877240499,0.8884980877240499,0.9120108604431152,0.9566671212514242,0.903111586968104,0.09519317088027796,0.09519317088027796,0.0963070042586575,0.24729135930538176
27_assy_0_1,001605.jpg,1,1,1,1,1,0,0,0,0,1,1,1,1,1,0,0,0,0,0.8443325022856395,0.8443325022856395,0.8670439819494883,0.932450246810913,0.8546457966168721,0.08864054443935553,0.08864054443935553,0.08636459346550206,0.23533281634251277
27_assy_0_1,001610.jpg,1,1,1,1,1,0,0,0,0,1,1,1,1,1,0,0,0,0,0.7933086256186167,0.7933086256186167,0.8154322475194931,0.9027851859728495,0.7997196674346924,0.07944506431619326,0.07944506431619326,0.0720883151050657,0.2210408369700114
27_assy_0_1,001615.jpg,1,1,1,1,1,0,0,0,0,1,1,1,1,1,0,0,0,0,0.7452318072319031,0.7452318072319031,0.7637438227732977,0.875732417901357,0.7445182899634043,0.06739875053366025,0.06739875053366025,0.05117878722958267,0.2053063243627548
27_assy_0_1,001620.jpg,1,1,1,1,1,0,0,0,0,1,1,1,1,1,0,0,0,0,0.6994718750317891,0.6994718750317891,0.7118103971083959,0.8488678177197774,0.6902950604756674,0.057568541665871935,0.057568541665871935,0.03408504949572186,0.18809672792752583
27_assy_0_1,001625.jpg,1,1,1,1,1,0,0,0,0,1,1,1,1,1,0,0,0,0,0.6563048303127289,0.6563048303127289,0.6624902377525965,0.8270876447359721,0.6405004541079203,0.05333217332760493,0.05333217332760493,0.02152357978435854,0.17557500302791595
27_assy_0_1,001630.jpg,1,1,1,1,1,0,0,0,0,1,1,1,1,1,0,0,0,0,0.6151921133200328,0.6151921133200328,0.6145442058642705,0.8047922015190124,0.591991804043452,0.053700033326943716,0.053700033326943716,0.015589949255809189,0.16859022478262584
27_assy_0_1,001635.jpg,1,1,1,1,1,0,0,0,0,1,1,1,1,1,0,0,0,0,0.5873473823070526,0.5873473823070526,0.584501780072848,0.789146113395691,0.5631788472334543,0.05236936956644058,0.05236936956644058,0.010305997993176183,0.17516229649384815
27_assy_0_1,001640.jpg,1,1,1,1,1,0,0,0,0,1,1,1,1,1,0,0,0,0,0.5746867676575979,0.5746867676575979,0.5731446991364161,0.7804531931877137,0.5536854724089305,0.05349847475687663,0.05349847475687663,0.008133770913506548,0.19168438017368317
27_assy_0_1,001645.jpg,1,1,1,1,1,0,0,0,0,1,1,1,1,1,0,0,0,0,0.5732423007488251,0.5732423007488251,0.5718767732381821,0.7772066712379455,0.5528699020544688,0.05848866750796636,0.05848866750796636,0.00786093574327727,0.21952420274416606
27_assy_0_1,001650.jpg,1,1,1,1,1,0,0,0,0,1,1,1,1,1,0,0,0,0,0.5764470080534617,0.5764470080534617,0.5731202095746994,0.7765047709147136,0.5541361788908641,0.06314926321307818,0.06314926321307818,0.008456510445103049,0.25080209970474243
27_assy_0_1,001655.jpg,1,1,1,1,1,0,0,0,0,1,1,1,1,1,0,0,0,0,0.5806202630201975,0.5806202630201975,0.5750191579262416,0.7773119727770488,0.5560601413249969,0.0663563221693039,0.0663563221693039,0.008932637811327974,0.28027896732091906
27_assy_0_1,001660.jpg,1,1,1,1,1,0,0,0,0,1,1,1,1,1,0,0,0,0,0.5893247385819753,0.5893247385819753,0.5801049162944157,0.7796612739562988,0.5615987559159596,0.07271394481261571,0.07271394481261571,0.009754630255823333,0.3163182963927587
27_assy_0_1,001665.jpg,1,1,1,1,1,0,0,0,0,1,1,1,1,1,0,0,0,0,0.6090229570865631,0.6090229570865631,0.5939701408147812,0.7862863898277282,0.5770635743935902,0.08089724406599999,0.08089724406599999,0.010605846717953681,0.35884674539168676
27_assy_0_1,001670.jpg,1,1,1,1,1,0,0,0,0,1,1,1,1,1,0,0,0,0,0.6387032012144724,0.6387032012144724,0.6188669373591741,0.7998314380645752,0.6051449199517568,0.09186966791749,0.09186966791749,0.011912907271956404,0.4045717711249987
27_assy_0_1,001675.jpg,1,1,1,1,1,0,0,0,0,1,1,1,1,1,0,0,0,0,0.6793929596741994,0.6793929596741994,0.6583645035823186,0.8186121304829915,0.6485695004463196,0.10323662323256334,0.10323662323256334,0.013115434162318706,0.448737359046936
27_assy_0_1,001680.jpg,1,1,1,1,1,0,0,0,0,1,1,1,1,1,0,0,0,0,0.7235813577969868,0.7235813577969868,0.7033341159423192,0.8428051869074503,0.6970371584097544,0.11594696777562301,0.11594696777562301,0.014398394121478001,0.4922833636403084
27_assy_0_1,001685.jpg,1,1,1,1,1,0,0,0,0,1,1,1,1,1,0,0,0,0,0.7746117234230041,0.7746117234230041,0.7549467007319133,0.8724392771720886,0.7519639392693838,0.12662247295180956,0.12662247295180956,0.015623318466047446,0.5335163384675979
27_assy_0_1,001690.jpg,1,1,1,1,1,0,0,0,0,1,1,1,1,1,0,0,0,0,0.8226979394753774,0.8226979394753774,0.8066361824671427,0.8994694828987122,0.8071660161018371,0.1388212057451407,0.1388212057451407,0.017052396138509115,0.5668351689974467
27_assy_0_1,001695.jpg,1,1,1,1,1,0,0,0,0,1,1,1,1,1,0,0,0,0,0.8684894541899363,0.8684894541899363,0.8585749487082164,0.9263182322184245,0.861392734448115,0.14763497759898503,0.14763497759898503,0.01807064755509297,0.592645721634229
27_assy_0_1,001700.jpg,1,1,1,1,1,0,0,0,1,1,1,1,1,1,0,0,0,0,0.9117260138193767,0.9117260138193767,0.9079072952270508,0.9480834205945333,0.9111955662568411,0.15193692197402317,0.15193692197402317,0.018238785117864607,0.6134490311145783
27_assy_0_1,001705.jpg,1,1,1,1,1,0,0,0,1,1,1,1,1,1,0,0,0,0,0.953115967909495,0.953115967909495,0.9559024532636007,0.9703731656074523,0.9597406029701233,0.1557557905713717,0.1557557905713717,0.018286990622679394,0.6284890631834666
27_assy_0_1,001710.jpg,1,1,1,1,1,0,0,0,1,1,1,1,1,1,0,0,0,1,0.9814196904500325,0.9814196904500325,0.9860484838485718,0.9860190868377685,0.9886362195014954,0.15781745264927546,0.15781745264927546,0.018045673705637456,0.6282298564910889
27_assy_0_1,001715.jpg,1,1,1,1,1,0,0,0,1,1,1,1,1,1,0,0,0,1,0.9952068130175272,0.9952068130175272,0.997716224193573,0.9947489142417908,0.9983846386273701,0.15751906087001163,0.15751906087001163,0.01754621503253778,0.6194190859794617
27_assy_0_1,001720.jpg,1,1,1,1,1,0,0,0,1,1,1,1,1,1,0,0,0,1,0.9988122940063476,0.9988122940063476,0.9996244072914123,0.9980885863304139,0.9997512499491373,0.1538815602660179,0.1538815602660179,0.016720513999462127,0.6056006193161011
27_assy_0_1,001725.jpg,1,1,1,1,1,0,0,0,1,1,1,1,1,1,0,0,0,1,0.9996385296185811,0.9996385296185811,0.9999248584111532,0.9991948246955872,0.9999536554018656,0.15112606237332027,0.15112606237332027,0.01597000490874052,0.5974257548650106
27_assy_0_1,001730.jpg,1,1,1,1,1,0,0,0,1,1,1,1,1,1,0,0,0,1,0.9997846523920695,0.9997846523920695,0.999971870581309,0.9995226780573527,0.9999829769134522,0.151943468550841,0.151943468550841,0.016196066203216713,0.5965178887049357
27_assy_0_1,001735.jpg,1,1,1,1,1,0,0,0,1,1,1,1,1,1,0,0,0,1,0.9998242457707723,0.9998242457707723,0.9999831199645997,0.9996204137802124,0.9999884525934856,0.15367811272541682,0.15367811272541682,0.016637279652059078,0.5933521668116252
27_assy_0_1,001740.jpg,1,1,1,1,1,0,0,0,1,1,1,1,1,1,0,0,0,1,0.9998329997062683,0.9998329997062683,0.9999850352605184,0.9996421933174133,0.9999889135360718,0.15447867959737777,0.15447867959737777,0.017494537929693858,0.5860044320424398
27_assy_0_1,001745.jpg,1,1,1,1,1,0,0,0,1,1,1,1,1,1,0,0,0,1,0.9998368660608927,0.9998368660608927,0.9999852180480957,0.9996283253033956,0.999988341331482,0.15118210166692733,0.15118210166692733,0.018323021630446117,0.5777914921442667
27_assy_0_1,001750.jpg,1,1,1,1,1,0,0,0,1,1,1,1,1,1,0,0,0,1,0.999841578801473,0.999841578801473,0.9999851226806641,0.9996083696683248,0.9999876578648885,0.14558600634336472,0.14558600634336472,0.019641162206729252,0.5703771551450093
27_assy_0_1,001755.jpg,1,1,1,1,1,0,0,0,1,1,1,1,1,1,0,0,0,1,0.9998442490895589,0.9998442490895589,0.9999843756357829,0.9995846271514892,0.9999867041905721,0.13730966250101725,0.13730966250101725,0.020962750042478242,0.5667638301849365
27_assy_0_1,001760.jpg,1,1,1,1,1,0,0,0,1,1,1,1,1,1,0,0,0,1,0.999849812189738,0.999849812189738,0.9999837001164754,0.9995802839597067,0.9999857266743978,0.13028064668178557,0.13028064668178557,0.023353902747233708,0.5684061527252198
27_assy_0_1,001765.jpg,1,1,1,1,1,0,0,0,1,1,1,1,1,1,0,0,0,1,0.9998538414637248,0.9998538414637248,0.9999823967615763,0.9995653390884399,0.9999838829040527,0.12203892022371292,0.12203892022371292,0.027973060309886933,0.5780980428059895
27_assy_0_1,001770.jpg,1,1,1,1,1,0,0,0,1,1,1,1,1,1,0,0,0,1,0.9998594284057617,0.9998594284057617,0.9999817371368408,0.9995576103528341,0.9999827067057292,0.1168168509999911,0.1168168509999911,0.03278454728424549,0.5977599342664083
27_assy_0_1,001775.jpg,1,1,1,1,1,0,0,0,1,1,1,1,1,1,0,0,0,1,0.9998637199401855,0.9998637199401855,0.9999807596206665,0.9995467225710551,0.9999812841415405,0.11183398813009263,0.11183398813009263,0.037603171169757844,0.6163011948267619
27_assy_0_1,001780.jpg,1,1,1,1,1,0,0,0,1,1,1,1,1,1,0,0,0,1,0.9998630444208781,0.9998630444208781,0.9999773979187012,0.9995147307713826,0.9999775091807047,0.10505190168817838,0.10505190168817838,0.039994440786540505,0.6325531125068664
27_assy_0_1,001785.jpg,1,1,1,1,1,0,0,0,1,1,1,1,1,1,0,0,0,1,0.999867562452952,0.999867562452952,0.9999746958414714,0.9995033423105876,0.9999744574228923,0.09809859767556191,0.09809859767556191,0.04387740778426329,0.6545652508735657
27_assy_0_1,001790.jpg,1,1,1,1,1,0,0,0,1,1,1,1,1,1,0,0,0,1,0.9998700857162476,0.9998700857162476,0.9999705870946248,0.9995005408922831,0.9999704837799073,0.093722948183616,0.093722948183616,0.04883121382445097,0.681231971581777
27_assy_0_1,001795.jpg,1,1,1,1,1,0,0,0,1,1,1,1,1,1,0,0,0,1,0.9998692989349365,0.9998692989349365,0.9999640623728434,0.9995058139165243,0.9999648332595825,0.0906218724946181,0.0906218724946181,0.05368792035927375,0.7080354015032451
27_assy_0_1,001800.jpg,1,1,1,1,1,0,0,0,1,1,1,1,1,1,0,0,0,1,0.9998728990554809,0.9998728990554809,0.9999592860539754,0.9995237429936726,0.99996071656545,0.08811385929584503,0.08811385929584503,0.05869166689614455,0.7304346084594726
27_assy_0_1,001805.jpg,1,1,1,1,1,0,0,0,1,1,1,1,1,1,0,0,0,1,0.9998706579208374,0.9998706579208374,0.9999533732732137,0.9995436549186707,0.9999551773071289,0.08365961089730263,0.08365961089730263,0.06211422383785248,0.7497231682141622
27_assy_0_1,001810.jpg,1,1,1,1,1,0,0,0,1,1,1,1,1,1,0,0,0,1,0.9998672008514404,0.9998672008514404,0.9999476194381713,0.9995684901873271,0.999950091044108,0.07770776574810347,0.07770776574810347,0.06598368622362613,0.7699806213378906
27_assy_0_1,001815.jpg,1,1,1,1,1,0,0,0,1,1,1,1,1,1,0,0,0,1,0.9998507142066956,0.9998507142066956,0.9999398708343505,0.9995908896128337,0.9999434789021809,0.07149827952186266,0.07149827952186266,0.06977017422517141,0.787900173664093
27_assy_0_1,001820.jpg,1,1,1,1,1,0,0,0,1,1,1,1,1,1,0,0,0,1,0.9998199423154195,0.9998199423154195,0.9999281366666158,0.9996285796165466,0.999932873249054,0.06604810506105423,0.06604810506105423,0.07314608593781789,0.7998730659484863
27_assy_0_1,001825.jpg,1,1,1,1,1,0,0,0,1,1,1,1,1,1,0,0,0,1,0.9998020132382711,0.9998020132382711,0.9999197522799174,0.999670406182607,0.9999241789182027,0.060932913422584535,0.060932913422584535,0.07437756756941477,0.8102563699086507
27_assy_0_1,001830.jpg,1,1,1,1,1,0,0,0,1,1,1,1,1,1,0,0,0,1,0.9997994065284729,0.9997994065284729,0.9999179164568583,0.9997130870819092,0.9999218980471293,0.056304955234130226,0.056304955234130226,0.07519267300764719,0.8177537123362223
27_assy_0_1,001835.jpg,1,1,1,1,1,0,0,0,1,1,1,1,1,1,0,0,0,1,0.9997959971427918,0.9997959971427918,0.9999158501625061,0.9997379104296367,0.9999191323916118,0.052823277190327644,0.052823277190327644,0.07365857437252998,0.8230131506919861
27_assy_0_1,001840.jpg,1,1,1,1,1,0,0,0,1,1,1,1,1,1,0,0,0,1,0.9997936288515726,0.9997936288515726,0.9999147931734721,0.9997578183809916,0.9999173998832702,0.04861256008346875,0.04861256008346875,0.06928528199593226,0.8318461855252584
27_assy_0_1,001845.jpg,1,1,1,1,1,0,0,0,1,1,1,1,1,1,0,0,0,1,0.9997918327649434,0.9997918327649434,0.9999139189720154,0.9997634172439576,0.9999160408973694,0.044661647329727806,0.044661647329727806,0.06545193046331406,0.8393655935923259
27_assy_0_1,001850.jpg,1,1,1,1,1,0,0,0,1,1,1,1,1,1,0,0,0,1,0.9997900207837422,0.9997900207837422,0.9999127984046936,0.9997630993525187,0.9999141017595927,0.04126080150405566,0.04126080150405566,0.06274317676822344,0.8463840405146281
27_assy_0_1,001855.jpg,1,1,1,1,1,0,0,0,1,1,1,1,1,1,0,0,0,1,0.9997931440671285,0.9997931440671285,0.9999138156572978,0.9997795740763347,0.9999141653378805,0.039106675113240875,0.039106675113240875,0.06251497517029445,0.8546775341033935
27_assy_0_1,001860.jpg,1,1,1,1,1,0,0,0,1,1,1,1,1,1,0,0,0,1,0.9997958381970723,0.9997958381970723,0.9999143640200298,0.9997812708218893,0.9999136646588643,0.03680732424060504,0.03680732424060504,0.06067329396804174,0.8579668919245402
27_assy_0_1,001865.jpg,1,1,1,1,1,0,0,0,1,1,1,1,1,1,0,0,0,1,0.9998031576474508,0.9998031576474508,0.9999170263608297,0.99978107213974,0.9999148964881897,0.03538055395086606,0.03538055395086606,0.05820346201459567,0.8595403830210367
27_assy_0_1,001870.jpg,1,1,1,1,1,0,0,0,1,1,1,1,1,1,0,0,0,1,0.9998170296351115,0.9998170296351115,0.999922509988149,0.9997766176859538,0.999918274084727,0.03474537308017413,0.03474537308017413,0.05583623697360356,0.8612124601999919
27_assy_0_1,001875.jpg,1,1,1,1,1,0,0,0,1,1,1,1,1,1,0,0,0,1,0.9998278657595316,0.9998278657595316,0.9999261736869812,0.9997626622517903,0.9999200622240703,0.0337342186520497,0.0337342186520497,0.05315917059779167,0.861340586344401
27_assy_0_1,001880.jpg,1,1,1,1,1,0,0,0,1,1,1,1,1,1,0,0,0,1,0.9998406887054443,0.9998406887054443,0.999930759270986,0.9997548540433248,0.999923066298167,0.033760008836785954,0.033760008836785954,0.052514726668596266,0.8649371226628622
27_assy_0_1,001885.jpg,1,1,1,1,1,0,0,0,1,1,1,1,1,1,0,0,0,1,0.9998518745104472,0.9998518745104472,0.999934192498525,0.9997443278630574,0.9999244252840678,0.036381853247682255,0.036381853247682255,0.05332607502738635,0.8669329285621643
27_assy_0_1,001890.jpg,1,1,1,1,1,0,0,0,1,1,1,1,1,1,0,0,0,1,0.9998668869336446,0.9998668869336446,0.9999362826347351,0.9997354944547018,0.9999241948127746,0.038420310243964195,0.038420310243964195,0.05334463392694791,0.870108425617218
27_assy_0_1,001895.jpg,1,1,1,1,1,0,0,0,1,1,1,1,1,1,0,0,0,1,0.9998854835828145,0.9998854835828145,0.9999369184176127,0.9997294902801513,0.9999225656191508,0.03890869331856569,0.03890869331856569,0.051243052383263904,0.8761450091997782
27_assy_0_1,001900.jpg,1,1,1,1,1,0,0,0,1,1,1,1,1,1,0,0,0,1,0.9998820781707763,0.9998820781707763,0.9999282757441202,0.9997196634610493,0.99991508324941,0.0407367255538702,0.0407367255538702,0.050612047066291174,0.8845813512802124
27_assy_0_1,001905.jpg,1,1,1,1,1,0,0,0,1,1,1,1,1,1,0,0,0,1,0.9998570839564006,0.9998570839564006,0.9999118765195211,0.9997073491414388,0.9999008933703105,0.04531248596807321,0.04531248596807321,0.05082008019089699,0.8919062495231629
27_assy_0_1,001910.jpg,1,1,1,1,1,0,0,0,1,1,1,1,1,1,0,0,0,1,0.99980788230896,0.99980788230896,0.9998845616976421,0.9996897021929423,0.9998775879542033,0.05019405310352643,0.05019405310352643,0.05288094828526179,0.9000726381937663
27_assy_0_1,001915.jpg,1,1,1,1,1,0,0,0,1,1,1,1,1,1,0,0,0,1,0.999691108862559,0.999691108862559,0.9998168627421061,0.9996646205584209,0.9998346885045369,0.054286698376139,0.054286698376139,0.05355243186155955,0.9044899900754293
27_assy_0_1,001920.jpg,1,1,1,1,1,0,0,0,1,1,1,1,1,1,0,0,0,1,0.9994062582651774,0.9994062582651774,0.999617890516917,0.9995935678482055,0.9997269709904989,0.05577017031610012,0.05577017031610012,0.05339607323209445,0.9023907581965128
27_assy_0_1,001925.jpg,1,1,1,1,1,0,0,0,1,1,1,1,1,1,0,0,0,1,0.9988849043846131,0.9988849043846131,0.9993033289909363,0.9995331128438314,0.9995914578437806,0.05533233645061652,0.05533233645061652,0.051841230442126594,0.8974756836891175
27_assy_0_1,001930.jpg,1,1,1,1,1,0,0,0,1,1,1,1,1,1,0,0,0,1,0.9981403748194376,0.9981403748194376,0.9985832095146179,0.9993231018384298,0.9993071635564168,0.05585227149228255,0.05585227149228255,0.049812002169589205,0.878293224175771
27_assy_0_1,001935.jpg,1,1,1,1,1,0,0,0,1,1,1,1,1,1,0,0,0,1,0.9974575320879618,0.9974575320879618,0.9977954626083374,0.9991306503613789,0.998971156279246,0.05661494533220927,0.05661494533220927,0.047947941720485686,0.8623247385025025
27_assy_0_1,001940.jpg,1,1,1,1,1,0,0,0,1,1,1,1,1,1,0,0,0,1,0.9964657425880432,0.9964657425880432,0.99655841588974,0.9988939960797628,0.9985175569852193,0.0573482779165109,0.0573482779165109,0.0463046845048666,0.8398212154706319
27_assy_0_1,001945.jpg,1,1,1,1,1,0,0,0,1,1,1,1,1,1,0,0,0,1,0.9950923403104146,0.9950923403104146,0.9950645009676615,0.9985555092493693,0.9980326374371846,0.05822208399573962,0.05822208399573962,0.04505966839691003,0.8165795922279357
27_assy_0_1,001950.jpg,1,1,1,1,1,0,0,0,1,1,1,1,1,1,0,0,0,1,0.9936403354008992,0.9936403354008992,0.9936163624127706,0.9982668876647949,0.9976325154304504,0.057930168136954306,0.057930168136954306,0.04361268567542235,0.7887665768464406
27_assy_0_1,001955.jpg,1,1,1,1,1,0,0,0,1,1,1,1,1,1,0,0,0,1,0.9918844739596049,0.9918844739596049,0.9920050183931987,0.9980262358983357,0.9971757690111797,0.05704246126115322,0.05704246126115322,0.04093055836856365,0.7561744153499603
27_assy_0_1,001960.jpg,1,1,1,1,1,0,0,0,1,1,1,1,1,1,0,0,0,1,0.990334133307139,0.990334133307139,0.9908028841018677,0.9978424668312073,0.9968374292055766,0.0531616239498059,0.0531616239498059,0.03630873064200083,0.7264344135920207
27_assy_0_1,001965.jpg,1,1,1,1,1,0,0,0,1,1,1,1,1,1,0,0,0,1,0.988740865389506,0.988740865389506,0.9896905382474264,0.9975544571876526,0.9964403311411539,0.05558511552711328,0.05558511552711328,0.034389844288428624,0.7031014601389567
27_assy_0_1,001970.jpg,1,1,1,1,1,0,0,0,1,1,1,1,1,1,0,0,0,1,0.9873079617818197,0.9873079617818197,0.9887746850649516,0.9973828911781311,0.9960578083992004,0.06836358420550823,0.06836358420550823,0.03355696847041448,0.6780701955159505
27_assy_0_1,001975.jpg,1,1,1,1,1,0,0,0,1,1,1,1,1,1,0,0,0,1,0.9859693288803101,0.9859693288803101,0.987946605682373,0.9971739689509074,0.9956982612609864,0.09020754906038443,0.09020754906038443,0.03400032470623652,0.6589896082878113
27_assy_0_1,001980.jpg,1,1,1,1,1,0,0,0,1,1,1,1,1,1,0,0,0,1,0.9844901919364929,0.9844901919364929,0.9871887683868408,0.9970492124557495,0.9954198439915974,0.09391837281485399,0.09391837281485399,0.03410221040248871,0.6409606377283732
27_assy_0_1,001985.jpg,1,1,1,1,1,0,0,0,1,1,1,1,1,1,0,0,0,1,0.9834031860033671,0.9834031860033671,0.9866783181826274,0.9970033884048461,0.9952589472134908,0.09287564518551032,0.09287564518551032,0.032436744620402656,0.6165392637252808
27_assy_0_1,001990.jpg,1,1,1,1,1,0,0,0,1,1,1,1,1,1,0,0,0,1,0.9826698104540507,0.9826698104540507,0.9863057891527812,0.9969678322474161,0.9951586763064066,0.0915084636459748,0.0915084636459748,0.03191329476734003,0.5943533380826315
27_assy_0_1,001995.jpg,1,1,1,1,1,0,0,0,1,1,1,1,1,1,0,0,0,1,0.9823820869127909,0.9823820869127909,0.9862405975659688,0.9970254341761271,0.9951855262120565,0.09000053939719994,0.09000053939719994,0.03191580834488074,0.5673676788806915
27_assy_0_1,002000.jpg,1,1,1,1,1,0,0,0,1,1,1,1,1,1,0,0,0,1,0.9821759422620138,0.9821759422620138,0.9862120906511943,0.9970857381820679,0.9952107429504394,0.09160374887287617,0.09160374887287617,0.03273745762805144,0.5382179915904999
27_assy_0_1,002005.jpg,1,1,1,1,1,0,0,0,1,1,1,1,1,1,0,0,0,1,0.9817500233650207,0.9817500233650207,0.986328109105428,0.9972449739774069,0.9952662865320842,0.09426829516887665,0.09426829516887665,0.03395661978671948,0.5180057644844055
27_assy_0_1,002010.jpg,1,1,1,1,1,0,0,0,1,1,1,1,1,1,0,0,0,1,0.9809471487998962,0.9809471487998962,0.9858826279640198,0.9972632567087809,0.9951417684555054,0.09455745220184326,0.09455745220184326,0.03470612987875939,0.485203292965889
27_assy_0_1,002015.jpg,1,1,1,1,1,0,0,0,1,1,1,1,1,1,0,0,0,1,0.9805751204490661,0.9805751204490661,0.9862279852231344,0.997431755065918,0.9952586054801941,0.09467905809481938,0.09467905809481938,0.035268547882636385,0.4582082271575928
27_assy_0_1,002020.jpg,1,1,1,1,1,0,0,0,1,1,1,1,1,1,0,0,0,1,0.9810747504234314,0.9810747504234314,0.9871780673662821,0.9977162996927897,0.9955262064933776,0.09664531499147415,0.09664531499147415,0.03810552979509036,0.44130263129870095
27_assy_0_1,002025.jpg,1,1,1,1,1,0,0,0,1,1,1,1,1,1,0,0,0,1,0.9820571780204773,0.9820571780204773,0.9883679231007894,0.9979666113853455,0.9957506497701009,0.10438863461216291,0.10438863461216291,0.04437096615632375,0.42988460858662925
27_assy_0_1,002030.jpg,1,1,1,1,1,0,0,0,1,1,1,1,1,1,0,0,0,1,0.9835467139879862,0.9835467139879862,0.9898258288701375,0.9981375296910604,0.9960641225179037,0.11592674826582273,0.11592674826582273,0.05085333113869031,0.4281335433324178
27_assy_0_1,002035.jpg,1,1,1,1,1,0,0,0,1,1,1,1,1,1,0,0,0,1,0.9848730007807414,0.9848730007807414,0.990919848283132,0.9982181588808695,0.9962935646375021,0.1305028200149536,0.1305028200149536,0.055708880598346396,0.4298775335152944
27_assy_0_1,002040.jpg,1,1,1,1,1,0,0,0,1,1,1,1,1,1,0,0,0,1,0.9862462679545084,0.9862462679545084,0.9919305284818013,0.998361873626709,0.9965898315111796,0.14424055020014445,0.14424055020014445,0.05896988920867443,0.4294092833995819
27_assy_0_1,002045.jpg,1,1,1,1,1,0,0,0,1,1,1,1,1,1,0,0,0,1,0.987535814444224,0.987535814444224,0.9927834431330363,0.9982927680015564,0.9968951145807902,0.16778913935025533,0.16778913935025533,0.06444754513601463,0.43963488936424255
27_assy_0_1,002050.jpg,1,1,1,1,1,0,0,0,1,1,1,1,1,1,0,0,0,1,0.9887970169385274,0.9887970169385274,0.9935798287391663,0.9981679558753968,0.9972087899843852,0.18262604276339214,0.18262604276339214,0.06828979613880316,0.44912670652071635
27_assy_0_1,002055.jpg,1,1,1,1,1,0,0,0,1,1,1,1,1,1,0,0,0,1,0.990270181496938,0.990270181496938,0.9943417191505433,0.9981194496154785,0.9974858005841573,0.2104096015294393,0.2104096015294393,0.07378063884874185,0.4612238943576813
27_assy_0_1,002060.jpg,1,1,1,1,1,0,0,0,1,1,1,1,1,1,0,0,0,1,0.9914009173711141,0.9914009173711141,0.9948787848154704,0.9980783581733703,0.9976695100466411,0.2369351252913475,0.2369351252913475,0.0750774297863245,0.483241738875707
27_assy_0_1,002065.jpg,1,1,1,1,1,0,0,0,1,1,1,1,1,1,0,0,0,1,0.9922422409057617,0.9922422409057617,0.9953174551328023,0.9979938228925069,0.9978111863136292,0.26693353752295174,0.26693353752295174,0.07686753645539283,0.5000173389911652
27_assy_0_1,002070.jpg,1,1,1,1,1,0,0,0,1,1,1,1,1,1,0,0,0,1,0.9928040663401286,0.9928040663401286,0.9955788056055704,0.9978582262992859,0.9978891213734945,0.2979819610714912,0.2979819610714912,0.07785293733080229,0.5207901954650879
27_assy_0_1,002075.jpg,1,1,1,1,1,0,0,0,1,1,1,1,1,1,0,0,0,1,0.9935183842976888,0.9935183842976888,0.9959179798762003,0.9976175745328267,0.9979959845542907,0.3232867235938708,0.3232867235938708,0.07766351128617922,0.5462627251942952
27_assy_0_1,002080.jpg,1,1,1,1,1,0,0,0,1,1,1,1,1,1,0,0,0,1,0.9946731209754944,0.9946731209754944,0.996518091360728,0.9974852085113526,0.9982220093409221,0.35387795766194663,0.35387795766194663,0.07730077269176643,0.5809848288695018
27_assy_0_1,002085.jpg,1,1,1,1,1,0,0,0,1,1,1,1,1,1,0,0,0,1,0.9961445768674214,0.9961445768674214,0.9977474967638652,0.9974726994832357,0.9986797451972962,0.3845210043092569,0.3845210043092569,0.07770755862196287,0.6253648787736893
27_assy_0_1,002090.jpg,1,1,1,1,1,0,0,0,1,1,1,1,1,1,0,0,0,1,0.9974976857503255,0.9974976857503255,0.9986361344655355,0.9973501920700073,0.999013884862264,0.4134627401828766,0.4134627401828766,0.07823756920794646,0.6708881437778473
27_assy_0_1,002095.jpg,1,1,1,1,1,0,0,0,1,1,1,1,1,1,0,0,0,1,0.9983614087104797,0.9983614087104797,0.9991774320602417,0.9971888780593872,0.9992286205291748,0.4318953981002172,0.4318953981002172,0.07570433728396893,0.7053902228673299
27_assy_0_1,002100.jpg,1,1,1,1,1,0,0,0,1,1,1,1,1,1,0,0,0,1,0.998822824160258,0.998822824160258,0.9994335850079854,0.9969975272814433,0.9994022250175476,0.4411348193883896,0.4411348193883896,0.06955656359593074,0.7402882258097331
27_assy_0_1,002105.jpg,1,1,1,1,1,0,0,0,1,1,1,1,1,1,0,0,0,1,0.9990866144498189,0.9990866144498189,0.9995867768923442,0.9968654394149781,0.9995456496874492,0.44482439855734507,0.44482439855734507,0.0631117378671964,0.7676979303359985
27_assy_0_1,002110.jpg,1,1,1,1,1,0,0,0,1,1,1,1,1,1,0,0,0,1,0.9993133783340454,0.9993133783340454,0.9996968150138855,0.9967818419138591,0.9996570269266765,0.44745894968509675,0.44745894968509675,0.058761386573314665,0.7856371641159058
27_assy_0_1,002115.jpg,1,1,1,1,1,0,0,0,1,1,1,1,1,1,0,0,0,1,0.9995423634847005,0.9995423634847005,0.999803900718689,0.9967826882998149,0.9997637073198954,0.4413981099923452,0.4413981099923452,0.05421331226825714,0.8006963610649109
27_assy_0_1,002120.jpg,1,1,1,1,1,0,0,0,1,1,1,1,1,1,0,0,0,1,0.9997026403745015,0.9997026403745015,0.9998780965805054,0.9968739748001099,0.9998525857925415,0.41642663180828093,0.41642663180828093,0.048990586400032045,0.8089132905006409
27_assy_0_1,002125.jpg,1,1,1,1,1,0,0,0,1,1,1,1,1,1,0,0,0,1,0.9998041709264119,0.9998041709264119,0.9999271670977274,0.9971399267514547,0.999914546807607,0.3901754081249237,0.3901754081249237,0.044856075942516324,0.8155966242154439
27_assy_0_1,002130.jpg,1,1,1,1,1,0,0,0,1,1,1,1,1,1,0,0,0,1,0.9998394290606181,0.9998394290606181,0.9999416589736938,0.9972695310910543,0.9999322493871053,0.35995055735111237,0.35995055735111237,0.04000703593095144,0.8180390318234761
27_assy_0_1,002135.jpg,1,1,1,1,1,0,0,0,1,1,1,1,1,1,0,0,0,1,0.9998470385869344,0.9998470385869344,0.999943741162618,0.997336483001709,0.9999341567357382,0.3320391458769639,0.3320391458769639,0.041240201145410535,0.8185399214426676
27_assy_0_1,002140.jpg,1,1,1,1,1,0,0,0,1,1,1,1,1,1,0,0,0,1,0.9998558402061463,0.9998558402061463,0.999945584932963,0.9974739988644917,0.9999362150828044,0.3017826214432716,0.3017826214432716,0.041886607309182484,0.8209366877873738
27_assy_0_1,002145.jpg,1,1,1,1,1,0,0,0,1,1,1,1,1,1,0,0,0,1,0.999866000811259,0.999866000811259,0.999948263168335,0.997629181543986,0.9999393939971923,0.2728149970372518,0.2728149970372518,0.04365676293770472,0.8285503347714742
27_assy_0_1,002150.jpg,1,1,1,1,1,0,0,0,1,1,1,1,1,1,0,0,0,1,0.9998787999153137,0.9998787999153137,0.9999527136484782,0.9978882749875386,0.9999444246292114,0.2513342296083768,0.2513342296083768,0.045944390694300334,0.8367669661839803
27_assy_0_1,002155.jpg,1,1,1,1,1,0,0,0,1,1,1,1,1,1,0,0,0,1,0.9998932719230652,0.9998932719230652,0.9999572277069092,0.9980913996696472,0.9999490737915039,0.22120739718278248,0.22120739718278248,0.048821510995427767,0.8433819015820821
27_assy_0_1,002160.jpg,1,1,1,1,1,0,0,0,1,1,1,1,1,1,0,0,0,1,0.9999046881993612,0.9999046881993612,0.9999608993530273,0.9982970317204793,0.9999532461166382,0.19275755286216736,0.19275755286216736,0.05074245346089204,0.850710415840149
27_assy_0_1,002165.jpg,1,1,1,1,1,0,0,0,1,1,1,1,1,1,0,0,0,1,0.9999147534370423,0.9999147534370423,0.9999645233154297,0.9985065778096517,0.9999578793843588,0.16564642215768496,0.16564642215768496,0.05226465674738089,0.8577927390734355
27_assy_0_1,002170.jpg,1,1,1,1,1,0,0,0,1,1,1,1,1,1,0,0,0,1,0.9999247392018636,0.9999247392018636,0.9999678532282511,0.9987406055132548,0.9999625523885091,0.14754058892528216,0.14754058892528216,0.0543548999975125,0.8664496143658956
27_assy_0_1,002175.jpg,1,1,1,1,1,0,0,0,1,1,1,1,1,1,0,0,0,1,0.9999325593312581,0.9999325593312581,0.9999708652496337,0.9989872733751933,0.9999666770299276,0.13260793685913086,0.13260793685913086,0.05753923406203588,0.8720467289288839
27_assy_0_1,002180.jpg,1,1,1,1,1,0,0,0,1,1,1,1,1,1,0,0,0,1,0.999936827023824,0.999936827023824,0.9999725421269735,0.9991995970408122,0.9999689340591431,0.11967682366569837,0.11967682366569837,0.06036808043718338,0.8795698523521424
27_assy_0_1,002185.jpg,1,1,1,1,1,0,0,0,1,1,1,1,1,1,0,0,0,1,0.9999401013056437,0.9999401013056437,0.9999738931655884,0.9993973930676778,0.999970801671346,0.10596646691362063,0.10596646691362063,0.06178312425812085,0.8893235643704732
27_assy_0_1,002190.jpg,1,1,1,1,1,0,0,0,1,1,1,1,1,1,0,0,0,1,0.9999425967534383,0.9999425967534383,0.9999749739964803,0.9995457331339518,0.9999723434448242,0.09527963822086652,0.09527963822086652,0.0629714032014211,0.8978284239768982
27_assy_0_1,002195.jpg,1,1,1,1,1,0,0,0,1,1,1,1,1,1,0,0,0,1,0.999945068359375,0.999945068359375,0.9999758084615071,0.9996921579043071,0.9999736229578654,0.0839582361280918,0.0839582361280918,0.06334676121671995,0.9041598359743754
27_assy_0_1,002200.jpg,1,1,1,1,1,0,0,0,1,1,1,1,1,1,0,0,0,1,0.9999468406041463,0.9999468406041463,0.9999762694040935,0.9997643828392029,0.999974266688029,0.07165368273854256,0.07165368273854256,0.06344162796934445,0.9058255553245544
27_assy_0_1,002205.jpg,1,1,1,1,1,0,0,0,1,1,1,1,1,1,0,0,0,1,0.9999488671620687,0.9999488671620687,0.9999767621358235,0.9998133579889933,0.9999749183654785,0.06743071700135866,0.06743071700135866,0.06338459427158037,0.9074909567832947
27_assy_0_1,002210.jpg,1,1,1,1,1,0,0,0,1,1,1,1,1,1,0,0,0,1,0.9999525467554728,0.9999525467554728,0.9999780416488647,0.9998446702957153,0.99997665087382,0.06847407172123592,0.06847407172123592,0.06471655343969664,0.9038582603136699
27_assy_0_1,002215.jpg,1,1,1,1,1,0,0,0,1,1,1,1,1,1,0,0,0,1,0.9999538024266561,0.9999538024266561,0.9999770561854044,0.9998139301935832,0.9999756495157878,0.06738748922944068,0.06738748922944068,0.06362439816196759,0.8961022734642029
27_assy_0_1,002220.jpg,1,1,1,1,1,0,0,0,1,1,1,1,1,1,0,0,0,1,0.9999454776446025,0.9999454776446025,0.9999663233757019,0.9997047225634257,0.9999630570411682,0.06542638167738915,0.06542638167738915,0.06080713508029779,0.8883607268333436
27_assy_0_1,002225.jpg,1,1,1,1,1,0,0,0,1,1,1,1,1,1,0,0,0,1,0.9998724540074666,0.9998724540074666,0.9998947779337565,0.9994965394337972,0.9998804966608683,0.06428036813934644,0.06428036813934644,0.05959482950468858,0.8741147955258687
27_assy_0_1,002230.jpg,1,1,1,1,1,0,0,0,1,1,1,1,1,1,0,0,0,1,0.9995638489723205,0.9995638489723205,0.999555746714274,0.9991106152534485,0.9995043873786926,0.07063221509257953,0.07063221509257953,0.06217884433766206,0.8517602562904358
27_assy_0_1,002235.jpg,1,1,1,1,1,0,0,0,1,1,1,1,1,1,0,0,0,1,0.9990454912185669,0.9990454912185669,0.9990075826644897,0.9985437790552775,0.9989460508028666,0.0860661136607329,0.0860661136607329,0.06853963745137055,0.81228613058726
27_assy_0_1,002240.jpg,1,1,1,1,1,0,0,0,1,1,1,1,1,1,0,0,0,1,0.9981824398040772,0.9981824398040772,0.9983012517293294,0.9981227238972982,0.998337197303772,0.11296899964412054,0.11296899964412054,0.07598811350762844,0.7704023778438568
27_assy_0_1,002245.jpg,1,1,1,1,1,0,0,0,1,1,1,1,1,1,0,0,0,1,0.9972781578699748,0.9972781578699748,0.9977049191792806,0.9978065411249797,0.9977871259053548,0.14782515466213225,0.14782515466213225,0.08582993062833945,0.7348267515500386
27_assy_0_1,002250.jpg,1,1,1,1,1,0,0,0,1,1,1,1,1,1,0,0,0,1,0.9965747753779094,0.9965747753779094,0.9971184889475505,0.9973849097887675,0.9971904516220093,0.1883412110308806,0.1883412110308806,0.09925557586054007,0.7033145348230998
27_assy_0_1,002255.jpg,1,1,1,1,1,0,0,0,1,1,1,1,1,1,0,0,0,1,0.995946753025055,0.995946753025055,0.9964688936869304,0.9966386198997498,0.9964677969614665,0.22958672096331914,0.22958672096331914,0.11339776031672955,0.6741346617539724
27_assy_0_1,002260.jpg,1,1,1,1,1,0,0,0,1,1,1,1,1,1,0,0,0,1,0.9956165790557862,0.9956165790557862,0.9960422833760579,0.9958662549654643,0.9959539413452149,0.26647753864526746,0.26647753864526746,0.1245576216528813,0.6504249076048533
27_assy_0_1,002265.jpg,1,1,1,1,1,0,0,0,1,1,1,1,1,1,0,0,0,1,0.9954421281814575,0.9954421281814575,0.9958569010098776,0.9953754027684529,0.9957125902175903,0.3094797437389692,0.3094797437389692,0.14093943747381368,0.6252619445323944
27_assy_0_1,002270.jpg,1,1,1,1,1,0,0,0,1,1,1,1,1,1,0,0,0,1,0.9953548947970072,0.9953548947970072,0.9957924564679463,0.9952007055282592,0.9956164042154948,0.35011513233184816,0.35011513233184816,0.15991915700336298,0.5991457800070444
27_assy_0_1,002275.jpg,1,1,1,1,1,0,0,0,1,1,1,1,1,1,0,0,0,1,0.995329988002777,0.995329988002777,0.9957781712214152,0.9951082269350687,0.9955965677897135,0.38028998772303263,0.38028998772303263,0.17236279733479024,0.5771723965803782
27_assy_0_1,002280.jpg,1,1,1,1,1,0,0,0,1,1,1,1,1,1,0,0,0,1,0.9953241785367329,0.9953241785367329,0.9957763671875,0.9950551112492879,0.9955940882364909,0.4106847042838732,0.4106847042838732,0.17731493053336939,0.5638423105080922
27_assy_0_1,002285.jpg,1,1,1,1,1,0,0,0,1,1,1,1,1,1,0,0,0,1,0.9953168908754985,0.9953168908754985,0.9957738558451334,0.9949827313423156,0.9955907344818116,0.4298018346230189,0.4298018346230189,0.17474210125704606,0.5640477399031322
27_assy_0_1,002290.jpg,1,1,1,1,1,0,0,0,1,1,1,1,1,1,0,0,0,1,0.9953028122584026,0.9953028122584026,0.9957677920659384,0.9948598543802897,0.9955831487973531,0.46167028894027073,0.46167028894027073,0.17611852201322714,0.5731222728888193
27_assy_0_1,002295.jpg,1,1,1,1,1,0,0,0,1,1,1,1,1,1,0,0,0,1,0.9952811320622762,0.9952811320622762,0.9957642634709676,0.994756011168162,0.995576556523641,0.49809297968943916,0.49809297968943916,0.17925950686136882,0.5800282736619313
27_assy_0_1,002300.jpg,1,1,1,1,1,0,0,0,1,1,1,1,1,1,0,0,0,1,0.99531489610672,0.99531489610672,0.9958180149396261,0.9947374542554219,0.995636236667633,0.5283486306667328,0.5283486306667328,0.1798433889945348,0.5940533975760142
27_assy_0_1,002305.jpg,1,1,1,1,1,0,0,0,1,1,1,1,1,1,0,0,0,1,0.9955881118774415,0.9955881118774415,0.9961403846740723,0.9948962489763896,0.9959919532140096,0.5491785566012065,0.5491785566012065,0.17526967053612072,0.6147806664307912
27_assy_0_1,002310.jpg,1,1,1,1,1,0,0,0,1,1,1,1,1,1,0,0,0,1,0.9960598548253378,0.9960598548253378,0.9966672579447429,0.9952727516492208,0.996526571114858,0.5605579495429993,0.5605579495429993,0.16715375234683355,0.6536857465902964
27_assy_0_1,002315.jpg,1,1,1,1,1,0,0,0,1,1,1,1,1,1,0,0,0,1,0.9968788425127665,0.9968788425127665,0.9973534345626831,0.9954889019330343,0.997112528483073,0.5637337366739908,0.5637337366739908,0.15754678634305794,0.6949822545051575
27_assy_0_1,002320.jpg,1,1,1,1,1,0,0,0,1,1,1,1,1,1,0,0,0,1,0.9977126558621724,0.9977126558621724,0.9979228536287944,0.9956520239512126,0.9976326704025269,0.5587993899981181,0.5587993899981181,0.14552317162354786,0.7300455669562022
27_assy_0_1,002325.jpg,1,1,1,1,1,0,0,0,1,1,1,1,1,1,0,0,0,1,0.9983515898386638,0.9983515898386638,0.998487134774526,0.9959587812423706,0.9982067664464315,0.5513258536656698,0.5513258536656698,0.12921986008683842,0.7654019018014272
27_assy_0_1,002330.jpg,1,1,1,1,1,0,0,0,1,1,1,1,1,1,0,0,0,1,0.9989274104436239,0.9989274104436239,0.9991162498792012,0.9966141025225321,0.9989064375559489,0.5434509078661601,0.5434509078661601,0.11383337825536728,0.7977747837702434
27_assy_0_1,002335.jpg,1,1,1,1,1,0,0,0,1,1,1,1,1,1,0,0,0,1,0.9992309014002482,0.9992309014002482,0.9995336492856344,0.9973441521326701,0.999410621325175,0.539029884338379,0.539029884338379,0.10354902495940527,0.8241404970486959
27_assy_0_1,002340.jpg,1,1,1,1,1,0,0,0,1,1,1,1,1,1,0,0,0,1,0.9993980566660563,0.9993980566660563,0.9997170607248942,0.9978186766306559,0.9996500730514526,0.5071659406026204,0.5071659406026204,0.08791449864705404,0.8483289162317912
27_assy_0_1,002345.jpg,1,1,1,1,1,0,0,0,1,1,1,1,1,1,0,0,0,1,0.9994803388913472,0.9994803388913472,0.9997805992762248,0.9979872584342957,0.9997454086939493,0.47495543758074443,0.47495543758074443,0.06990149170160294,0.8744762659072876
27_assy_0_1,002350.jpg,1,1,1,1,1,0,0,0,1,1,1,1,1,1,0,0,0,1,0.9995017965634664,0.9995017965634664,0.9997943441073099,0.998070998986562,0.9997647841771443,0.45527787506580353,0.45527787506580353,0.060313621163368226,0.8972356081008911
27_assy_0_1,002355.jpg,1,1,1,1,1,0,0,0,1,1,1,1,1,1,0,0,0,1,0.9995046734809876,0.9995046734809876,0.9997957905133565,0.9981108029683431,0.999766739209493,0.4329577793677648,0.4329577793677648,0.05803944220145543,0.9109912435213725
27_assy_0_1,002360.jpg,1,1,1,1,1,0,0,0,1,1,1,1,1,1,0,0,0,1,0.999511166413625,0.999511166413625,0.9997986356417338,0.9981800397237142,0.9997703234354655,0.42542600631713867,0.42542600631713867,0.06573301578561465,0.9143681327501932
27_assy_0_1,002365.jpg,1,1,1,1,1,0,0,0,1,1,1,1,1,1,0,0,0,1,0.9995287577311198,0.9995287577311198,0.9998080611228943,0.9983393271764119,0.9997816681861877,0.40728989044825237,0.40728989044825237,0.0852710671722889,0.9087476134300232
27_assy_0_1,002370.jpg,1,1,1,1,1,0,0,0,1,1,1,1,1,1,0,0,0,1,0.9995625297228495,0.9995625297228495,0.9998242378234863,0.998523203531901,0.9998028715451558,0.3895577371120453,0.3895577371120453,0.10299821918209394,0.8979933778444926
27_assy_0_1,002375.jpg,1,1,1,1,1,0,0,0,1,1,1,1,1,1,0,0,0,1,0.9996064066886902,0.9996064066886902,0.9998438437779744,0.9987092892328898,0.9998273332913716,0.3761281132698059,0.3761281132698059,0.12013321667909622,0.8752670645713806
27_assy_0_1,002380.jpg,1,1,1,1,1,0,0,0,1,1,1,1,1,1,0,0,0,1,0.999647033214569,0.999647033214569,0.9998624523480734,0.99889022509257,0.9998492042223612,0.37506341735521953,0.37506341735521953,0.1500988446176052,0.8377329349517822
27_assy_0_1,002385.jpg,1,1,1,1,1,0,0,0,1,1,1,1,1,1,0,0,0,1,0.9997003157933553,0.9997003157933553,0.9998863736788431,0.9990262707074483,0.9998748938242594,0.37930145064989723,0.37930145064989723,0.1880141168832779,0.7909408013025919
27_assy_0_1,002390.jpg,1,1,1,1,1,0,0,0,1,1,1,1,1,1,0,0,0,1,0.9997477571169535,0.9997477571169535,0.9999078392982483,0.9991607626279195,0.9998982508977254,0.3822843015193939,0.3822843015193939,0.2294886952886979,0.7388074825207392
27_assy_0_1,002395.jpg,1,1,1,1,1,0,0,0,1,1,1,1,1,1,0,0,0,1,0.9998207370440165,0.9998207370440165,0.9999356826146444,0.9992533485094707,0.9999281485875448,0.38684231241544087,0.38684231241544087,0.2744061832626661,0.6835854182640712
27_assy_0_1,002400.jpg,1,1,1,1,1,0,0,0,1,1,1,1,1,1,0,0,0,1,0.9998880704243978,0.9998880704243978,0.9999588410059611,0.9993104378382365,0.9999508062998453,0.3901374558607737,0.3901374558607737,0.3214128665626049,0.6241904887060324
27_assy_0_1,002405.jpg,1,1,1,1,1,0,0,0,1,1,1,1,1,1,0,0,0,1,0.9999417265256246,0.9999417265256246,0.9999799728393555,0.9993595083554586,0.9999736626942952,0.3902929325898488,0.3902929325898488,0.3678017010291417,0.5645476686457793
27_assy_0_1,002410.jpg,1,1,1,1,1,0,0,0,1,1,1,1,1,1,0,0,0,1,0.9999688307444254,0.9999688307444254,0.9999894142150879,0.9993711193402608,0.9999829689661662,0.3816599170366923,0.3816599170366923,0.4085432857275009,0.5041638856132825
27_assy_0_1,002415.jpg,1,1,1,1,1,0,0,0,1,1,1,1,1,1,0,0,0,1,0.9999759276707967,0.9999759276707967,0.9999913454055787,0.9993600130081177,0.9999842643737793,0.39341028531392414,0.39341028531392414,0.43712736616532005,0.4480334098140399
27_assy_0_1,002420.jpg,1,1,1,1,1,0,0,0,1,1,1,1,1,1,0,0,0,1,0.9999809265136719,0.9999809265136719,0.9999924818674724,0.9993607401847839,0.9999850749969482,0.41502902706464134,0.41502902706464134,0.47310960392157236,0.39441213458776475
27_assy_0_1,002425.jpg,1,1,1,1,1,0,0,0,1,1,1,1,1,1,0,0,0,1,0.9999844868977864,0.9999844868977864,0.9999932050704956,0.999365218480428,0.9999855836232503,0.4354649633169174,0.4354649633169174,0.5118688439329465,0.34232844561338427
27_assy_0_1,002430.jpg,1,1,1,1,1,0,0,0,1,1,1,1,1,1,0,0,0,1,0.9999876181284587,0.9999876181284587,0.9999938249588013,0.9993825395901997,0.9999864021937053,0.44168388545513154,0.44168388545513154,0.5327907065550487,0.2936202908555667
27_assy_0_1,002435.jpg,1,1,1,1,1,0,0,0,1,1,1,1,1,1,0,0,0,1,0.9999867598215739,0.9999867598215739,0.9999929745992024,0.9993913531303406,0.9999854564666748,0.4368812044461568,0.4368812044461568,0.5459119260311127,0.2481281821926435
27_assy_0_1,002440.jpg,1,1,1,1,1,0,0,0,1,1,1,1,1,1,0,0,0,1,0.9999849557876587,0.9999849557876587,0.9999919414520264,0.9994053681691487,0.9999844868977864,0.4294940948486328,0.4294940948486328,0.5362596193949382,0.21433498511711757
27_assy_0_1,002445.jpg,1,1,1,1,1,0,0,0,1,1,1,1,1,1,0,0,0,1,0.9999840100606282,0.9999840100606282,0.9999914010365804,0.9994426131248474,0.9999841451644897,0.416612649957339,0.416612649957339,0.5257208744684855,0.19881404489278792
27_assy_0_1,002450.jpg,1,1,1,1,1,0,0,0,1,1,1,1,1,1,0,0,0,1,0.9999825874964396,0.9999825874964396,0.9999908844629923,0.9994893550872803,0.9999838272730509,0.40364536345005037,0.40364536345005037,0.5162587473789851,0.20910984526077905
27_assy_0_1,002455.jpg,1,1,1,1,1,0,0,0,1,1,1,1,1,1,0,0,0,1,0.9999777793884277,0.9999777793884277,0.9999896208445231,0.9995365659395854,0.9999829053878784,0.3872925023237864,0.3872925023237864,0.4938157618045807,0.23347914069890977
27_assy_0_1,002460.jpg,1,1,1,1,1,0,0,0,1,1,1,1,1,1,0,0,0,1,0.9999720891316731,0.9999720891316731,0.9999882221221924,0.9995916962623597,0.9999820073445638,0.3659844388564428,0.3659844388564428,0.46016065080960594,0.27322601328293483
27_assy_0_1,002465.jpg,1,1,1,1,1,0,0,0,1,1,1,1,1,1,0,0,0,1,0.9999600688616435,0.9999600688616435,0.9999855836232503,0.999660329023997,0.9999804973602295,0.33603858997424446,0.33603858997424446,0.42186298668384553,0.32038584103186923
27_assy_0_1,002470.jpg,1,1,1,1,1,0,0,0,1,1,1,1,1,1,0,0,0,1,0.9999434789021809,0.9999434789021809,0.9999827305475871,0.9997198025385539,0.9999790589014689,0.30255898982286455,0.30255898982286455,0.3788997337222099,0.3689505313833555
27_assy_0_1,002475.jpg,1,1,1,1,1,0,0,0,1,1,1,1,1,1,0,0,0,1,0.9999103228251139,0.9999103228251139,0.9999779065450033,0.9997778018315633,0.9999763091405233,0.2746661926309268,0.2746661926309268,0.33396801302830376,0.4152582161128521
27_assy_0_1,002480.jpg,1,1,1,1,1,0,0,0,1,1,1,1,1,1,0,0,0,1,0.9998574137687684,0.9998574137687684,0.9999689976374309,0.9998197396596272,0.9999719699223836,0.246258441110452,0.246258441110452,0.28901964326699575,0.46523107662796975
27_assy_0_1,002485.jpg,1,1,1,1,1,0,0,0,1,1,1,1,1,1,0,0,0,1,0.9998226483662923,0.9998226483662923,0.9999624570210774,0.9998536149660746,0.9999697208404541,0.22862070947885513,0.22862070947885513,0.24962299118439357,0.5201274851957957
27_assy_0_1,002490.jpg,1,1,1,1,1,0,0,0,1,1,1,1,1,1,0,0,0,1,0.999718189239502,0.999718189239502,0.999940570195516,0.999882177511851,0.9999611934026083,0.2239778513709704,0.2239778513709704,0.22513908793528875,0.573951976497968
27_assy_0_1,002495.jpg,1,1,1,1,1,0,0,0,1,1,1,1,1,1,0,0,0,1,0.9993825316429138,0.9993825316429138,0.9998905817667644,0.9998874465624491,0.9999436974525452,0.2120806708931923,0.2120806708931923,0.1929753283659617,0.622587772210439
27_assy_0_1,002500.jpg,1,1,1,1,1,0,0,0,1,1,1,1,1,1,0,0,0,1,0.9989095330238342,0.9989095330238342,0.999844241142273,0.9998876690864563,0.9999301513036092,0.2014817530910174,0.2014817530910174,0.15472261855999628,0.6673545221487681
27_assy_0_1,002505.jpg,1,1,1,1,1,0,0,0,1,1,1,1,1,1,0,0,0,1,0.9984632809956868,0.9984632809956868,0.9997956315676372,0.9998797257741292,0.9999166289965312,0.206808636089166,0.206808636089166,0.13281566947698592,0.7093354821205139
27_assy_0_1,002510.jpg,1,1,1,1,1,0,0,0,1,1,1,1,1,1,0,0,0,1,0.998037310441335,0.998037310441335,0.9997516671816508,0.9998819907506307,0.9999087373415629,0.2146441752711932,0.2146441752711932,0.11434807330369949,0.7464914798736573
27_assy_0_1,002515.jpg,1,1,1,1,1,0,0,0,1,1,1,1,1,1,0,0,0,1,0.9975328962008159,0.9975328962008159,0.9997117082277934,0.9998807271321615,0.999902053674062,0.22046234061320621,0.22046234061320621,0.10376293584704399,0.7703960041205088
27_assy_0_1,002520.jpg,1,1,1,1,1,0,0,0,1,1,1,1,1,1,0,0,0,1,0.9963027000427246,0.9963027000427246,0.9995925347010295,0.9998568097750345,0.9998797218004862,0.23316233505805334,0.23316233505805334,0.09465644632776578,0.7830724318822225
27_assy_0_1,002525.jpg,1,1,1,1,1,0,0,0,1,1,1,1,1,1,0,0,0,1,0.9932299892107646,0.9932299892107646,0.999198563893636,0.9997520486513773,0.9998034795125326,0.2447303389509519,0.2447303389509519,0.08621490001678467,0.7825858116149902
27_assy_0_1,002530.jpg,1,1,1,1,1,0,0,0,1,1,1,1,1,1,0,0,0,1,0.9847764492034912,0.9847764492034912,0.997762922445933,0.9992189288139344,0.9994582653045654,0.26370751311381657,0.26370751311381657,0.07754230958720049,0.7806637644767761
27_assy_0_1,002535.jpg,1,1,1,1,1,0,0,0,1,1,1,1,1,1,0,0,0,1,0.9747040192286174,0.9747040192286174,0.9962030291557312,0.9982243458429972,0.9989804029464722,0.29982997725407284,0.29982997725407284,0.07199719517181317,0.7771440903345744
27_assy_0_1,002540.jpg,1,1,1,1,1,0,0,0,1,1,1,1,1,1,0,0,0,1,0.9689518332481384,0.9689518332481384,0.994839894771576,0.9972355604171753,0.9984884460767111,0.35287503401438397,0.35287503401438397,0.06972139347344637,0.7813016692797343
27_assy_0_1,002545.jpg,1,1,1,1,1,0,0,0,1,1,1,1,1,1,0,0,0,1,0.9670789241790771,0.9670789241790771,0.993951149781545,0.9965058883031209,0.9981101592381795,0.411819796760877,0.411819796760877,0.07325281122078499,0.791746445496877
27_assy_0_1,002550.jpg,1,1,1,1,1,0,0,0,1,1,1,1,1,1,0,0,0,1,0.9661447604497274,0.9661447604497274,0.993385374546051,0.9958558082580566,0.9978262186050415,0.46549594203631084,0.46549594203631084,0.08119355856130521,0.8074328780174256
27_assy_0_1,002555.jpg,1,1,1,1,1,0,0,0,1,1,1,1,1,1,0,0,0,1,0.9657384594281514,0.9657384594281514,0.9931320707003276,0.9953698833783468,0.9976891795794169,0.5222943196694056,0.5222943196694056,0.08936148453503848,0.8198416630427042
27_assy_0_1,002560.jpg,1,1,1,1,1,0,0,0,1,1,1,1,1,1,0,0,0,1,0.9653591632843017,0.9653591632843017,0.9928692777951559,0.994620430469513,0.9975057085355122,0.57644777794679,0.57644777794679,0.09920869786292315,0.8273235479990642
27_assy_0_1,002565.jpg,1,1,1,1,1,0,0,0,1,1,1,1,1,1,0,0,0,1,0.9652464230855305,0.9652464230855305,0.9927622238794963,0.9938761830329895,0.9974089145660401,0.6191210856040319,0.6191210856040319,0.10832795221358538,0.8342690785725911
27_assy_0_1,002570.jpg,1,1,1,1,1,0,0,0,1,1,1,1,1,1,0,0,0,1,0.9655195315678914,0.9655195315678914,0.9927746891975403,0.9936184962590535,0.9973931193351746,0.6631555726130803,0.6631555726130803,0.12088759113103151,0.8432531595230103
27_assy_0_1,002575.jpg,1,1,1,1,1,0,0,0,1,1,1,1,1,1,1,1,0,1,0.9659788409868876,0.9659788409868876,0.9928141236305237,0.9935486197471619,0.9974001169204711,0.706526451309522,0.706526451309522,0.1318714262917638,0.8543693065643311
27_assy_0_1,002580.jpg,1,1,1,1,1,0,0,0,1,1,1,1,1,1,1,1,0,1,0.9664226134618124,0.9664226134618124,0.9928617636362712,0.9935345729192098,0.9974128206570944,0.7487508028745651,0.7487508028745651,0.14866941490521032,0.8641856908798218
27_assy_0_1,002585.jpg,1,1,1,1,1,0,0,0,1,1,1,1,1,1,1,1,0,1,0.9668503006299337,0.9668503006299337,0.9929067134857178,0.9935295780499777,0.9974220474561055,0.7944556146860122,0.7944556146860122,0.1690157713368535,0.8722862919171651
27_assy_0_1,002590.jpg,1,1,1,1,1,0,0,0,1,1,1,1,1,1,1,1,0,1,0.9673554062843323,0.9673554062843323,0.9929473241170247,0.9935051083564759,0.9974295020103454,0.8443272173404693,0.8443272173404693,0.18315218730519214,0.8826350569725037
27_assy_0_1,002595.jpg,1,1,1,1,1,0,0,0,1,1,1,1,1,1,1,1,0,1,0.9685824712117513,0.9685824712117513,0.9930657267570495,0.9934729973475138,0.99745112657547,0.8861981809139252,0.8861981809139252,0.18973107232401767,0.8829469283421835
27_assy_0_1,002600.jpg,1,1,1,1,1,0,0,0,1,1,1,1,1,1,1,1,0,1,0.971650771299998,0.971650771299998,0.993458108107249,0.9934723178545634,0.9975258270899455,0.9248816490173339,0.9248816490173339,0.19419335691879194,0.8767926851908366
27_assy_0_1,002605.jpg,1,1,1,1,1,0,0,0,1,1,1,1,1,1,1,1,0,1,0.9801012436548869,0.9801012436548869,0.9948918422063192,0.9938551465670268,0.9978689352671305,0.9486020962397258,0.9486020962397258,0.19963020390520494,0.8669387141863505
27_assy_0_1,002610.jpg,1,1,1,1,1,0,0,0,1,1,1,1,1,1,1,1,0,1,0.9901690324147542,0.9901690324147542,0.9964485804239909,0.9945866823196411,0.9983434597651164,0.9476243297259013,0.9476243297259013,0.20296277900536855,0.8440692722797394
27_assy_0_1,002615.jpg,1,1,1,1,1,0,0,0,1,1,1,1,1,1,1,1,0,1,0.9959179123242696,0.9959179123242696,0.9978075345357259,0.9950927217801412,0.9988293766975402,0.93665558497111,0.93665558497111,0.20503314385811489,0.8106947720050812
27_assy_0_1,002620.jpg,1,1,1,1,1,0,0,0,1,1,1,1,1,1,1,1,0,1,0.9977631211280823,0.9977631211280823,0.9986798008282979,0.9949147224426269,0.9991873900095621,0.920533013343811,0.920533013343811,0.20233645637830097,0.7696634451548259
27_assy_0_1,002625.jpg,1,1,1,1,1,0,0,0,1,1,1,1,1,1,1,1,0,1,0.9986716985702515,0.9986716985702515,0.9992264151573181,0.9950937271118164,0.999448319276174,0.8952513734499613,0.8952513734499613,0.1981671392917633,0.7238536794980367
27_assy_0_1,002630.jpg,1,1,1,1,1,0,0,0,1,1,1,1,1,1,1,1,0,1,0.9990539193153382,0.9990539193153382,0.9994618972142537,0.9953037818272908,0.9995567798614502,0.8657302180926005,0.8657302180926005,0.195146178205808,0.6752794663111369
27_assy_0_1,002635.jpg,1,1,1,1,1,0,0,0,1,1,1,1,1,1,1,1,0,1,0.9993985493977865,0.9993985493977865,0.9997098843256632,0.9957699020703633,0.9997159282366435,0.8430524269739786,0.8430524269739786,0.19173966447512308,0.6273462851842244
27_assy_0_1,002640.jpg,1,1,1,1,1,0,0,0,1,1,1,1,1,1,1,1,0,1,0.9995384097099305,0.9995384097099305,0.9998191873232524,0.9961817145347596,0.9997981389363607,0.8208028395970662,0.8208028395970662,0.18614480296770733,0.5798108239968618
27_assy_0_1,002645.jpg,1,1,1,1,1,0,0,0,1,1,1,1,1,1,1,1,0,1,0.9994934876759847,0.9994934876759847,0.9998324314753214,0.9960997899373373,0.9998021006584168,0.7973143577575683,0.7973143577575683,0.1790644218524297,0.5324628353118896
27_assy_0_1,002650.jpg,1,1,1,1,1,0,0,0,1,1,1,1,1,1,1,1,0,1,0.9993794480959575,0.9993794480959575,0.9998158693313599,0.9959023396174113,0.9997806151707967,0.7654036482175192,0.7654036482175192,0.17421723206837972,0.48206423620382943
27_assy_0_1,002655.jpg,1,1,1,1,1,0,0,0,1,1,1,1,1,1,1,1,0,1,0.9992530028025309,0.9992530028025309,0.9997957785924275,0.995720644791921,0.9997543931007385,0.7312669018904369,0.7312669018904369,0.16852595210075377,0.4301650712887446
27_assy_0_1,002660.jpg,1,1,1,1,1,0,0,0,1,1,1,1,1,1,1,1,0,1,0.999155859152476,0.999155859152476,0.9997802138328552,0.9955916444460551,0.9997336983680725,0.698343422015508,0.698343422015508,0.16536341706911722,0.38070858518282574
27_assy_0_1,002665.jpg,1,1,1,1,1,0,0,0,1,1,1,1,1,1,1,1,0,1,0.9990672667821249,0.9990672667821249,0.9997668107350667,0.9955139080683391,0.9997164964675903,0.65842325091362,0.65842325091362,0.1735508183638255,0.33294667055209476
27_assy_0_1,002670.jpg,1,1,1,1,1,0,0,0,1,1,1,1,1,1,1,1,0,1,0.9990284323692322,0.9990284323692322,0.9997625192006429,0.995522697766622,0.9997104247411092,0.6135046442349752,0.6135046442349752,0.1919468879699707,0.29278733680645624
27_assy_0_1,002675.jpg,1,1,1,1,1,0,0,0,1,1,1,1,1,1,1,1,0,1,0.9990110596021017,0.9990110596021017,0.9997612158457438,0.9955703536669414,0.9997080564498901,0.5815459171930949,0.5815459171930949,0.21563858489195506,0.25692565987507504
27_assy_0_1,002680.jpg,1,1,1,1,1,0,0,0,1,1,1,1,1,1,1,1,0,1,0.9990075111389161,0.9990075111389161,0.9997627178827921,0.9956435163815817,0.9997093200683593,0.5695693890253702,0.5695693890253702,0.2473103642463684,0.227152914305528
27_assy_0_1,002685.jpg,1,1,1,1,1,0,0,0,1,1,1,1,1,1,1,1,0,1,0.9990070740381877,0.9990070740381877,0.9997655232747396,0.9958326578140259,0.9997117042541503,0.5656834244728088,0.5656834244728088,0.2835879514614741,0.20486648827791215
27_assy_0_1,002690.jpg,1,1,1,1,1,0,0,0,1,1,1,1,1,1,1,1,0,1,0.9990152239799499,0.9990152239799499,0.9997711499532064,0.996266261736552,0.9997182448705038,0.5632720152537029,0.5632720152537029,0.32225047101577126,0.181863368054231
27_assy_0_1,002695.jpg,1,1,1,1,1,0,0,0,1,1,1,1,1,1,1,1,0,1,0.9990561445554097,0.9990561445554097,0.9997899969418843,0.9971411387125652,0.9997399648030599,0.5688497225443522,0.5688497225443522,0.3652065048615138,0.16172274500131606
27_assy_0_1,002700.jpg,1,1,1,1,1,0,0,0,1,1,1,1,1,1,1,1,0,1,0.9991135358810425,0.9991135358810425,0.9998138785362244,0.9975751479466756,0.9997662742932637,0.5886284629503886,0.5886284629503886,0.411016172170639,0.14609150538841884
27_assy_0_1,002705.jpg,1,1,1,1,1,0,0,0,1,1,1,1,1,1,1,1,0,1,0.999190111955007,0.999190111955007,0.9998407204945882,0.9978086948394775,0.9998000582059224,0.6162784934043884,0.6162784934043884,0.4568381150563558,0.1344748357931773
27_assy_0_1,002710.jpg,1,1,1,1,1,1,1,1,1,1,1,1,1,1,1,1,0,1,0.9992593924204508,0.9992593924204508,0.9998622258504232,0.998038093249003,0.9998274246851603,0.6363108237584432,0.6363108237584432,0.5001876751581827,0.12306865453720092
27_assy_0_1,002715.jpg,1,1,1,1,1,1,1,1,1,1,1,1,1,1,1,1,0,1,0.9993369936943054,0.9993369936943054,0.999882181485494,0.9983246246973674,0.9998514413833618,0.656354546546936,0.656354546546936,0.5424929022789001,0.11212085137764613
27_assy_0_1,002720.jpg,1,1,1,1,1,1,1,1,1,1,1,1,1,1,1,1,0,1,0.999444576104482,0.999444576104482,0.9999066670735677,0.998629093170166,0.9998813589413961,0.6795817335446676,0.6795817335446676,0.5881429900725682,0.10469862272342047
27_assy_0_1,002725.jpg,1,1,1,1,1,1,1,1,1,1,1,1,1,1,1,1,0,1,0.9995720505714416,0.9995720505714416,0.9999303023020426,0.9988630890846253,0.9999098777770996,0.7117312351862589,0.7117312351862589,0.6339047153790792,0.10474752138058345
27_assy_0_1,002730.jpg,1,1,1,1,1,1,1,1,1,1,1,1,1,1,1,1,0,1,0.9997003873189291,0.9997003873189291,0.999951442082723,0.9990450978279114,0.999937109152476,0.7462494631608327,0.7462494631608327,0.6769972364107768,0.10868080804745356
27_assy_0_1,002735.jpg,1,1,1,1,1,1,1,1,1,1,1,1,1,1,1,1,1,1,0.9997976740201314,0.9997976740201314,0.9999671419461568,0.9991637865702311,0.9999579310417175,0.7804142494996389,0.7804142494996389,0.7146701713403066,0.11948121239741644
27_assy_0_1,002740.jpg,1,1,1,1,1,1,1,1,1,1,1,1,1,1,1,1,1,1,0.9998877207438152,0.9998877207438152,0.9999810059865316,0.9992474834124248,0.9999756415685018,0.8221117277940114,0.8221117277940114,0.7506964763005575,0.1386699895064036
27_assy_0_1,002745.jpg,1,1,1,1,1,1,1,1,1,1,1,1,1,1,1,1,1,1,0.9999307990074158,0.9999307990074158,0.9999866088231405,0.9992695887883504,0.9999829371770222,0.8707650780677796,0.8707650780677796,0.7846152583758036,0.15844461619853972
27_assy_0_1,002750.jpg,1,1,1,1,1,1,1,1,1,1,1,1,1,1,1,1,1,1,0.9999539256095886,0.9999539256095886,0.9999899625778198,0.9993033528327941,0.9999872048695883,0.9090122938156128,0.9090122938156128,0.8161853194236756,0.18334530293941498
27_assy_0_1,002755.jpg,1,1,1,1,1,1,1,1,1,1,1,1,1,1,1,1,1,1,0.9999649047851562,0.9999649047851562,0.9999914407730103,0.9993510087331136,0.9999888181686402,0.9300955573717753,0.9300955573717753,0.8395529389381409,0.21011605064074199
27_assy_0_1,002760.jpg,1,1,1,1,1,1,1,1,1,1,1,1,1,1,1,1,1,1,0.999975077311198,0.999975077311198,0.999992839495341,0.9993804136912028,0.9999903281529744,0.9511496186256408,0.9511496186256408,0.861750598748525,0.247212885816892
27_assy_0_1,002765.jpg,1,1,1,1,1,1,1,1,1,1,1,1,1,1,1,1,1,1,0.9999814987182617,0.9999814987182617,0.9999935229619344,0.999366291364034,0.9999909162521362,0.9708352406819661,0.9708352406819661,0.8814398527145386,0.29268190264701843
27_assy_0_1,002770.jpg,1,1,1,1,1,1,1,1,1,1,1,1,1,1,1,1,1,1,0.9999837875366211,0.9999837875366211,0.9999931812286377,0.9993056535720826,0.9999900182088216,0.9833028157552083,0.9833028157552083,0.895287028948466,0.34169452885786694
27_assy_0_1,002775.jpg,1,1,1,1,1,1,1,1,1,1,1,1,1,1,1,1,1,1,0.9999847650527954,0.9999847650527954,0.9999925295511881,0.9992135604222615,0.9999885479609172,0.9898395220438639,0.9898395220438639,0.9040028214454651,0.394145123163859
27_assy_0_1,002780.jpg,1,1,1,1,1,1,1,1,1,1,1,1,1,1,1,1,1,1,0.9999853293100993,0.9999853293100993,0.9999919652938842,0.999075182278951,0.9999872048695883,0.9925433993339539,0.9925433993339539,0.9105218172073364,0.44808562050263084
