frame_idx,true,A3_smooth,A5_sustained
0,0.0,0.1111111111111111,0.0
1,0.0,0.1111111111111111,0.0
2,0.0,0.1111111111111111,0.0
3,0.0,0.1111111111111111,0.0
4,0.0,0.1111111111111111,0.0
5,0.0,0.2222222222222222,0.0
6,0.0,0.2222222222222222,0.0
7,0.0,0.2222222222222222,0.0
8,0.0,0.2222222222222222,0.0
9,0.0,0.2222222222222222,0.0
10,0.0,0.2222222222222222,0.0
11,0.0,0.2222222222222222,0.0
12,0.0,0.2222222222222222,0.0
13,0.0,0.2222222222222222,0.0
14,0.0,0.2222222222222222,0.1111111111111111
15,0.0,0.2222222222222222,0.1111111111111111
16,0.0,0.2222222222222222,0.1111111111111111
17,0.0,0.2222222222222222,0.1111111111111111
18,0.0,0.2222222222222222,0.1111111111111111
19,0.0,0.2222222222222222,0.2222222222222222
20,0.0,0.2222222222222222,0.2222222222222222
21,0.0,0.2222222222222222,0.2222222222222222
22,0.0,0.2222222222222222,0.2222222222222222
23,0.0,0.2222222222222222,0.2222222222222222
24,0.0,0.2222222222222222,0.2222222222222222
25,0.0,0.2222222222222222,0.2222222222222222
26,0.0,0.1111111111111111,0.2222222222222222
27,0.0,0.1111111111111111,0.2222222222222222
28,0.0,0.1111111111111111,0.2222222222222222
29,0.0,0.1111111111111111,0.2222222222222222
30,0.0,0.1111111111111111,0.2222222222222222
31,0.0,0.1111111111111111,0.2222222222222222
32,0.0,0.1111111111111111,0.2222222222222222
33,0.0,0.1111111111111111,0.2222222222222222
34,0.0,0.1111111111111111,0.2222222222222222
35,0.0,0.1111111111111111,0.2222222222222222
36,0.0,0.1111111111111111,0.2222222222222222
37,0.0,0.1111111111111111,0.2222222222222222
38,0.0,0.1111111111111111,0.2222222222222222
39,0.0,0.1111111111111111,0.2222222222222222
40,0.0,0.1111111111111111,0.2222222222222222
41,0.0,0.1111111111111111,0.2222222222222222
42,0.0,0.1111111111111111,0.2222222222222222
43,0.0,0.1111111111111111,0.2222222222222222
44,0.0,0.1111111111111111,0.2222222222222222
45,0.0,0.1111111111111111,0.2222222222222222
46,0.0,0.1111111111111111,0.2222222222222222
47,0.0,0.3333333333333333,0.2222222222222222
48,0.0,0.3333333333333333,0.2222222222222222
49,0.0,0.5555555555555556,0.2222222222222222
50,0.0,0.5555555555555556,0.2222222222222222
51,0.0,0.5555555555555556,0.2222222222222222
52,0.0,0.7777777777777778,0.2222222222222222
53,0.0,0.7777777777777778,0.2222222222222222
54,0.0,0.7777777777777778,0.2222222222222222
55,0.0,0.7777777777777778,0.2222222222222222
56,0.0,0.7777777777777778,0.2222222222222222
57,0.0,0.7777777777777778,0.2222222222222222
58,0.0,0.5555555555555556,0.2222222222222222
59,0.0,0.5555555555555556,0.2222222222222222
60,0.0,0.5555555555555556,0.2222222222222222
61,0.0,0.5555555555555556,0.3333333333333333
62,0.0,0.5555555555555556,0.3333333333333333
63,0.0,0.5555555555555556,0.3333333333333333
64,0.0,0.5555555555555556,0.3333333333333333
65,0.0,0.5555555555555556,0.3333333333333333
66,0.0,0.5555555555555556,0.5555555555555556
67,0.0,0.5555555555555556,0.5555555555555556
68,0.0,0.5555555555555556,0.5555555555555556
69,0.0,0.5555555555555556,0.5555555555555556
70,0.0,0.5555555555555556,0.5555555555555556
71,0.0,0.4444444444444444,0.5555555555555556
72,0.0,0.4444444444444444,0.5555555555555556
73,0.0,0.5555555555555556,0.5555555555555556
74,0.0,0.5555555555555556,0.5555555555555556
75,0.0,0.5555555555555556,0.5555555555555556
76,0.0,0.5555555555555556,0.5555555555555556
77,0.0,0.5555555555555556,0.5555555555555556
78,0.0,0.5555555555555556,0.5555555555555556
79,0.0,0.5555555555555556,0.5555555555555556
80,0.0,0.5555555555555556,0.5555555555555556
81,0.0,0.5555555555555556,0.5555555555555556
82,0.0,0.5555555555555556,0.5555555555555556
83,0.0,0.5555555555555556,0.5555555555555556
84,0.0,0.5555555555555556,0.5555555555555556
85,0.0,0.5555555555555556,0.5555555555555556
86,0.0,0.5555555555555556,0.5555555555555556
87,0.0,0.5555555555555556,0.5555555555555556
88,0.0,0.5555555555555556,0.5555555555555556
89,0.0,0.5555555555555556,0.5555555555555556
90,0.0,0.5555555555555556,0.5555555555555556
91,0.0,0.5555555555555556,0.5555555555555556
92,0.0,0.5555555555555556,0.5555555555555556
93,0.0,0.5555555555555556,0.5555555555555556
94,0.0,0.5555555555555556,0.5555555555555556
95,0.0,0.5555555555555556,0.5555555555555556
96,0.0,0.4444444444444444,0.5555555555555556
97,0.0,0.4444444444444444,0.5555555555555556
98,0.0,0.4444444444444444,0.5555555555555556
99,0.0,0.4444444444444444,0.5555555555555556
100,0.0,0.4444444444444444,0.5555555555555556
101,0.0,0.4444444444444444,0.5555555555555556
102,0.0,0.4444444444444444,0.5555555555555556
103,0.0,0.4444444444444444,0.5555555555555556
104,0.0,0.4444444444444444,0.5555555555555556
105,0.0,0.4444444444444444,0.5555555555555556
106,0.0,0.3333333333333333,0.5555555555555556
107,0.0,0.3333333333333333,0.5555555555555556
108,0.0,0.3333333333333333,0.5555555555555556
109,0.0,0.4444444444444444,0.5555555555555556
110,0.0,0.4444444444444444,0.5555555555555556
111,0.0,0.4444444444444444,0.5555555555555556
112,0.0,0.4444444444444444,0.5555555555555556
113,0.0,0.4444444444444444,0.5555555555555556
114,0.0,0.5555555555555556,0.5555555555555556
115,0.0,0.5555555555555556,0.5555555555555556
116,0.0,0.5555555555555556,0.5555555555555556
117,0.0,0.5555555555555556,0.5555555555555556
118,0.0,0.5555555555555556,0.5555555555555556
119,0.0,0.5555555555555556,0.5555555555555556
120,0.0,0.5555555555555556,0.5555555555555556
121,0.0,0.5555555555555556,0.5555555555555556
122,0.0,0.5555555555555556,0.5555555555555556
123,0.0,0.5555555555555556,0.5555555555555556
124,0.0,0.5555555555555556,0.5555555555555556
125,0.0,0.5555555555555556,0.5555555555555556
126,0.0,0.5555555555555556,0.5555555555555556
127,0.0,0.5555555555555556,0.5555555555555556
128,0.0,0.5555555555555556,0.5555555555555556
129,0.0,0.5555555555555556,0.5555555555555556
130,0.0,0.5555555555555556,0.5555555555555556
131,0.0,0.5555555555555556,0.5555555555555556
132,0.0,0.5555555555555556,0.5555555555555556
133,0.0,0.5555555555555556,0.5555555555555556
134,0.0,0.5555555555555556,0.5555555555555556
135,0.0,0.5555555555555556,0.5555555555555556
136,0.0,0.5555555555555556,0.5555555555555556
137,0.0,0.5555555555555556,0.5555555555555556
138,0.0,0.5555555555555556,0.5555555555555556
139,0.0,0.5555555555555556,0.5555555555555556
140,0.0,0.5555555555555556,0.5555555555555556
141,0.0,0.5555555555555556,0.5555555555555556
142,0.0,0.5555555555555556,0.5555555555555556
143,0.0,0.5555555555555556,0.5555555555555556
144,0.0,0.5555555555555556,0.5555555555555556
145,0.0,0.5555555555555556,0.5555555555555556
146,0.0,0.5555555555555556,0.5555555555555556
147,0.0,0.5555555555555556,0.5555555555555556
148,0.0,0.5555555555555556,0.5555555555555556
149,0.0,0.5555555555555556,0.5555555555555556
150,0.0,0.5555555555555556,0.5555555555555556
151,0.0,0.5555555555555556,0.5555555555555556
152,0.0,0.5555555555555556,0.5555555555555556
153,0.0,0.5555555555555556,0.5555555555555556
154,0.0,0.5555555555555556,0.5555555555555556
155,0.0,0.5555555555555556,0.5555555555555556
156,0.0,0.5555555555555556,0.5555555555555556
157,0.0,0.5555555555555556,0.5555555555555556
158,0.0,0.5555555555555556,0.5555555555555556
159,0.0,0.5555555555555556,0.5555555555555556
160,0.0,0.5555555555555556,0.5555555555555556
161,0.0,0.5555555555555556,0.5555555555555556
162,0.0,0.5555555555555556,0.5555555555555556
163,0.0,0.5555555555555556,0.5555555555555556
164,0.0,0.5555555555555556,0.5555555555555556
165,0.0,0.5555555555555556,0.5555555555555556
166,0.0,0.5555555555555556,0.5555555555555556
167,0.0,0.5555555555555556,0.5555555555555556
168,0.0,0.5555555555555556,0.5555555555555556
169,0.0,0.5555555555555556,0.5555555555555556
170,0.0,0.5555555555555556,0.5555555555555556
171,0.0,0.5555555555555556,0.5555555555555556
172,0.0,0.5555555555555556,0.5555555555555556
173,0.0,0.5555555555555556,0.5555555555555556
174,0.0,0.5555555555555556,0.5555555555555556
175,0.0,0.5555555555555556,0.5555555555555556
176,0.0,0.5555555555555556,0.5555555555555556
177,0.0,0.5555555555555556,0.5555555555555556
178,0.0,0.5555555555555556,0.5555555555555556
179,0.0,0.5555555555555556,0.5555555555555556
180,0.0,0.5555555555555556,0.5555555555555556
181,0.0,0.5555555555555556,0.5555555555555556
182,0.0,0.5555555555555556,0.5555555555555556
183,0.0,0.5555555555555556,0.5555555555555556
184,0.0,0.5555555555555556,0.5555555555555556
185,0.0,0.5555555555555556,0.5555555555555556
186,0.0,0.5555555555555556,0.5555555555555556
187,0.0,0.5555555555555556,0.5555555555555556
188,0.0,0.5555555555555556,0.5555555555555556
189,0.0,0.5555555555555556,0.5555555555555556
190,0.0,0.5555555555555556,0.5555555555555556
191,0.0,0.5555555555555556,0.5555555555555556
192,0.0,0.5555555555555556,0.5555555555555556
193,0.0,0.4444444444444444,0.5555555555555556
194,0.0,0.4444444444444444,0.5555555555555556
195,0.0,0.4444444444444444,0.5555555555555556
196,0.0,0.3333333333333333,0.5555555555555556
197,0.0,0.3333333333333333,0.5555555555555556
198,0.0,0.3333333333333333,0.5555555555555556
199,0.0,0.3333333333333333,0.5555555555555556
200,0.0,0.3333333333333333,0.5555555555555556
201,0.0,0.3333333333333333,0.5555555555555556
202,0.0,0.3333333333333333,0.5555555555555556
203,0.0,0.3333333333333333,0.5555555555555556
204,0.0,0.3333333333333333,0.5555555555555556
205,0.0,0.3333333333333333,0.5555555555555556
206,0.0,0.3333333333333333,0.5555555555555556
207,0.0,0.3333333333333333,0.5555555555555556
208,0.0,0.3333333333333333,0.5555555555555556
209,0.0,0.3333333333333333,0.5555555555555556
210,0.0,0.2222222222222222,0.5555555555555556
211,0.0,0.2222222222222222,0.5555555555555556
212,0.0,0.2222222222222222,0.5555555555555556
213,0.0,0.2222222222222222,0.5555555555555556
214,0.0,0.2222222222222222,0.5555555555555556
215,0.0,0.2222222222222222,0.5555555555555556
216,0.0,0.2222222222222222,0.5555555555555556
217,0.0,0.2222222222222222,0.5555555555555556
218,0.0,0.2222222222222222,0.5555555555555556
219,0.0,0.2222222222222222,0.5555555555555556
220,0.0,0.2222222222222222,0.5555555555555556
221,0.0,0.2222222222222222,0.5555555555555556
222,0.0,0.2222222222222222,0.5555555555555556
223,0.0,0.2222222222222222,0.5555555555555556
224,0.0,0.2222222222222222,0.5555555555555556
225,0.0,0.3333333333333333,0.5555555555555556
226,0.0,0.3333333333333333,0.5555555555555556
227,0.0,0.4444444444444444,0.5555555555555556
228,0.0,0.4444444444444444,0.5555555555555556
229,0.0,0.4444444444444444,0.5555555555555556
230,0.0,0.4444444444444444,0.5555555555555556
231,0.0,0.4444444444444444,0.5555555555555556
232,0.0,0.4444444444444444,0.5555555555555556
233,0.0,0.4444444444444444,0.5555555555555556
234,0.0,0.4444444444444444,0.5555555555555556
235,0.0,0.4444444444444444,0.5555555555555556
236,0.0,0.6666666666666666,0.5555555555555556
237,0.0,0.7777777777777778,0.5555555555555556
238,0.0,0.7777777777777778,0.5555555555555556
239,0.0,0.7777777777777778,0.5555555555555556
240,0.0,0.7777777777777778,0.5555555555555556
241,0.0,0.7777777777777778,0.5555555555555556
242,0.0,0.7777777777777778,0.5555555555555556
243,0.0,0.7777777777777778,0.5555555555555556
244,0.0,0.7777777777777778,0.5555555555555556
245,0.0,0.7777777777777778,0.5555555555555556
246,0.0,0.7777777777777778,0.5555555555555556
247,0.2222222222222222,0.7777777777777778,0.5555555555555556
248,0.2222222222222222,0.7777777777777778,0.5555555555555556
249,0.2222222222222222,0.7777777777777778,0.5555555555555556
250,0.2222222222222222,0.7777777777777778,0.7777777777777778
251,0.2222222222222222,0.5555555555555556,0.7777777777777778
252,0.2222222222222222,0.5555555555555556,0.7777777777777778
253,0.2222222222222222,0.5555555555555556,0.7777777777777778
254,0.2222222222222222,0.5555555555555556,0.7777777777777778
255,0.2222222222222222,0.5555555555555556,0.7777777777777778
256,0.2222222222222222,0.5555555555555556,0.7777777777777778
257,0.2222222222222222,0.5555555555555556,0.7777777777777778
258,0.2222222222222222,0.5555555555555556,0.7777777777777778
259,0.2222222222222222,0.5555555555555556,0.7777777777777778
260,0.2222222222222222,0.5555555555555556,0.7777777777777778
261,0.2222222222222222,0.5555555555555556,0.7777777777777778
262,0.2222222222222222,0.5555555555555556,0.7777777777777778
263,0.2222222222222222,0.5555555555555556,0.7777777777777778
264,0.2222222222222222,0.5555555555555556,0.7777777777777778
265,0.2222222222222222,0.5555555555555556,0.7777777777777778
266,0.2222222222222222,0.5555555555555556,0.7777777777777778
267,0.2222222222222222,0.5555555555555556,0.7777777777777778
268,0.2222222222222222,0.5555555555555556,0.7777777777777778
269,0.2222222222222222,0.5555555555555556,0.7777777777777778
270,0.2222222222222222,0.5555555555555556,0.7777777777777778
271,0.2222222222222222,0.5555555555555556,0.7777777777777778
272,0.2222222222222222,0.5555555555555556,0.7777777777777778
273,0.2222222222222222,0.5555555555555556,0.7777777777777778
274,0.2222222222222222,0.5555555555555556,0.7777777777777778
275,0.2222222222222222,0.5555555555555556,0.7777777777777778
276,0.2222222222222222,0.5555555555555556,0.7777777777777778
277,0.2222222222222222,0.5555555555555556,0.7777777777777778
278,0.2222222222222222,0.5555555555555556,0.7777777777777778
279,0.2222222222222222,0.5555555555555556,0.7777777777777778
280,0.2222222222222222,0.5555555555555556,0.7777777777777778
281,0.2222222222222222,0.5555555555555556,0.7777777777777778
282,0.2222222222222222,0.5555555555555556,0.7777777777777778
283,0.2222222222222222,0.5555555555555556,0.7777777777777778
284,0.2222222222222222,0.4444444444444444,0.7777777777777778
285,0.2222222222222222,0.4444444444444444,0.7777777777777778
286,0.2222222222222222,0.3333333333333333,0.7777777777777778
287,0.2222222222222222,0.3333333333333333,0.7777777777777778
288,0.2222222222222222,0.2222222222222222,0.7777777777777778
289,0.2222222222222222,0.2222222222222222,0.7777777777777778
290,0.2222222222222222,0.3333333333333333,0.7777777777777778
291,0.2222222222222222,0.3333333333333333,0.7777777777777778
292,0.2222222222222222,0.4444444444444444,0.7777777777777778
293,0.2222222222222222,0.4444444444444444,0.7777777777777778
294,0.2222222222222222,0.4444444444444444,0.7777777777777778
295,0.2222222222222222,0.4444444444444444,0.7777777777777778
296,0.2222222222222222,0.5555555555555556,0.7777777777777778
297,0.2222222222222222,0.5555555555555556,0.7777777777777778
298,0.2222222222222222,0.5555555555555556,0.7777777777777778
299,0.2222222222222222,0.5555555555555556,0.7777777777777778
300,0.2222222222222222,0.5555555555555556,0.7777777777777778
301,0.2222222222222222,0.5555555555555556,0.7777777777777778
302,0.2222222222222222,0.5555555555555556,0.7777777777777778
303,0.2222222222222222,0.5555555555555556,0.7777777777777778
304,0.2222222222222222,0.5555555555555556,0.7777777777777778
305,0.2222222222222222,0.5555555555555556,0.7777777777777778
306,0.2222222222222222,0.5555555555555556,0.7777777777777778
307,0.2222222222222222,0.5555555555555556,0.7777777777777778
308,0.2222222222222222,0.5555555555555556,0.7777777777777778
309,0.2222222222222222,0.5555555555555556,0.7777777777777778
310,0.2222222222222222,0.5555555555555556,0.7777777777777778
311,0.2222222222222222,0.5555555555555556,0.7777777777777778
312,0.2222222222222222,0.5555555555555556,0.7777777777777778
313,0.2222222222222222,0.5555555555555556,0.7777777777777778
314,0.2222222222222222,0.5555555555555556,0.7777777777777778
315,0.2222222222222222,0.5555555555555556,0.7777777777777778
316,0.2222222222222222,0.5555555555555556,0.7777777777777778
317,0.2222222222222222,0.4444444444444444,0.7777777777777778
318,0.2222222222222222,0.3333333333333333,0.7777777777777778
319,0.2222222222222222,0.2222222222222222,0.7777777777777778
320,0.2222222222222222,0.2222222222222222,0.7777777777777778
321,0.2222222222222222,0.2222222222222222,0.7777777777777778
322,0.2222222222222222,0.2222222222222222,0.7777777777777778
323,0.2222222222222222,0.2222222222222222,0.7777777777777778
324,0.2222222222222222,0.2222222222222222,0.7777777777777778
325,0.2222222222222222,0.2222222222222222,0.7777777777777778
326,0.2222222222222222,0.3333333333333333,0.7777777777777778
327,0.2222222222222222,0.4444444444444444,0.7777777777777778
328,0.2222222222222222,0.4444444444444444,0.7777777777777778
329,0.2222222222222222,0.5555555555555556,0.7777777777777778
330,0.2222222222222222,0.5555555555555556,0.7777777777777778
331,0.2222222222222222,0.5555555555555556,0.7777777777777778
332,0.2222222222222222,0.5555555555555556,0.7777777777777778
333,0.2222222222222222,0.5555555555555556,0.7777777777777778
334,0.2222222222222222,0.5555555555555556,0.7777777777777778
335,0.2222222222222222,0.5555555555555556,0.7777777777777778
336,0.2222222222222222,0.5555555555555556,0.7777777777777778
337,0.2222222222222222,0.5555555555555556,0.7777777777777778
338,0.2222222222222222,0.5555555555555556,0.7777777777777778
339,0.2222222222222222,0.5555555555555556,0.7777777777777778
340,0.2222222222222222,0.5555555555555556,0.7777777777777778
341,0.2222222222222222,0.5555555555555556,0.7777777777777778
342,0.2222222222222222,0.5555555555555556,0.7777777777777778
343,0.2222222222222222,0.5555555555555556,0.7777777777777778
344,0.2222222222222222,0.5555555555555556,0.7777777777777778
345,0.2222222222222222,0.5555555555555556,0.7777777777777778
346,0.2222222222222222,0.5555555555555556,0.7777777777777778
347,0.2222222222222222,0.5555555555555556,0.7777777777777778
348,0.2222222222222222,0.5555555555555556,0.7777777777777778
349,0.2222222222222222,0.5555555555555556,0.7777777777777778
350,0.2222222222222222,0.5555555555555556,0.7777777777777778
351,0.2222222222222222,0.5555555555555556,0.7777777777777778
352,0.2222222222222222,0.5555555555555556,0.7777777777777778
353,0.2222222222222222,0.5555555555555556,0.7777777777777778
354,0.2222222222222222,0.5555555555555556,0.7777777777777778
355,0.2222222222222222,0.5555555555555556,0.7777777777777778
356,0.2222222222222222,0.5555555555555556,0.7777777777777778
357,0.2222222222222222,0.5555555555555556,0.7777777777777778
358,0.2222222222222222,0.5555555555555556,0.7777777777777778
359,0.2222222222222222,0.5555555555555556,0.7777777777777778
360,0.2222222222222222,0.5555555555555556,0.7777777777777778
361,0.2222222222222222,0.5555555555555556,0.7777777777777778
362,0.2222222222222222,0.5555555555555556,0.7777777777777778
363,0.2222222222222222,0.5555555555555556,0.7777777777777778
364,0.2222222222222222,0.5555555555555556,0.7777777777777778
365,0.2222222222222222,0.5555555555555556,0.7777777777777778
366,0.2222222222222222,0.5555555555555556,0.7777777777777778
367,0.2222222222222222,0.5555555555555556,0.7777777777777778
368,0.2222222222222222,0.5555555555555556,0.7777777777777778
369,0.2222222222222222,0.5555555555555556,0.7777777777777778
370,0.2222222222222222,0.5555555555555556,0.7777777777777778
371,0.2222222222222222,0.5555555555555556,0.7777777777777778
372,0.2222222222222222,0.5555555555555556,0.7777777777777778
373,0.2222222222222222,0.5555555555555556,0.7777777777777778
374,0.2222222222222222,0.5555555555555556,0.7777777777777778
375,0.2222222222222222,0.5555555555555556,0.7777777777777778
376,0.2222222222222222,0.5555555555555556,0.7777777777777778
377,0.2222222222222222,0.5555555555555556,0.7777777777777778
378,0.2222222222222222,0.5555555555555556,0.7777777777777778
379,0.2222222222222222,0.5555555555555556,0.7777777777777778
380,0.2222222222222222,0.5555555555555556,0.7777777777777778
381,0.2222222222222222,0.5555555555555556,0.7777777777777778
382,0.2222222222222222,0.5555555555555556,0.7777777777777778
383,0.2222222222222222,0.5555555555555556,0.7777777777777778
384,0.2222222222222222,0.5555555555555556,0.7777777777777778
385,0.2222222222222222,0.5555555555555556,0.7777777777777778
386,0.2222222222222222,0.5555555555555556,0.7777777777777778
387,0.2222222222222222,0.5555555555555556,0.7777777777777778
388,0.2222222222222222,0.5555555555555556,0.7777777777777778
389,0.2222222222222222,0.5555555555555556,0.7777777777777778
390,0.2222222222222222,0.5555555555555556,0.7777777777777778
391,0.2222222222222222,0.5555555555555556,0.7777777777777778
392,0.2222222222222222,0.5555555555555556,0.7777777777777778
393,0.2222222222222222,0.5555555555555556,0.7777777777777778
394,0.2222222222222222,0.5555555555555556,0.7777777777777778
395,0.2222222222222222,0.5555555555555556,0.7777777777777778
396,0.2222222222222222,0.5555555555555556,0.7777777777777778
397,0.2222222222222222,0.5555555555555556,0.7777777777777778
398,0.2222222222222222,0.5555555555555556,0.7777777777777778
399,0.2222222222222222,0.5555555555555556,0.7777777777777778
400,0.2222222222222222,0.5555555555555556,0.7777777777777778
401,0.2222222222222222,0.5555555555555556,0.7777777777777778
402,0.2222222222222222,0.5555555555555556,0.7777777777777778
403,0.2222222222222222,0.5555555555555556,0.7777777777777778
404,0.2222222222222222,0.5555555555555556,0.7777777777777778
405,0.2222222222222222,0.5555555555555556,0.7777777777777778
406,0.2222222222222222,0.5555555555555556,0.7777777777777778
407,0.2222222222222222,0.5555555555555556,0.7777777777777778
408,0.2222222222222222,0.5555555555555556,0.7777777777777778
409,0.2222222222222222,0.5555555555555556,0.7777777777777778
410,0.2222222222222222,0.5555555555555556,0.7777777777777778
411,0.2222222222222222,0.5555555555555556,0.7777777777777778
412,0.2222222222222222,0.5555555555555556,0.7777777777777778
413,0.2222222222222222,0.5555555555555556,0.7777777777777778
414,0.2222222222222222,0.5555555555555556,0.7777777777777778
415,0.2222222222222222,0.5555555555555556,0.7777777777777778
416,0.2222222222222222,0.5555555555555556,0.7777777777777778
417,0.2222222222222222,0.5555555555555556,0.7777777777777778
418,0.2222222222222222,0.5555555555555556,0.7777777777777778
419,0.2222222222222222,0.5555555555555556,0.7777777777777778
420,0.2222222222222222,0.5555555555555556,0.7777777777777778
421,0.2222222222222222,0.5555555555555556,0.7777777777777778
422,0.2222222222222222,0.5555555555555556,0.7777777777777778
423,0.2222222222222222,0.5555555555555556,0.7777777777777778
424,0.2222222222222222,0.5555555555555556,0.7777777777777778
425,0.2222222222222222,0.5555555555555556,0.7777777777777778
426,0.2222222222222222,0.5555555555555556,0.7777777777777778
427,0.2222222222222222,0.4444444444444444,0.7777777777777778
428,0.2222222222222222,0.3333333333333333,0.7777777777777778
429,0.2222222222222222,0.3333333333333333,0.7777777777777778
430,0.2222222222222222,0.4444444444444444,0.7777777777777778
431,0.2222222222222222,0.4444444444444444,0.7777777777777778
432,0.2222222222222222,0.5555555555555556,0.7777777777777778
433,0.2222222222222222,0.5555555555555556,0.7777777777777778
434,0.2222222222222222,0.5555555555555556,0.7777777777777778
435,0.2222222222222222,0.5555555555555556,0.7777777777777778
436,0.2222222222222222,0.5555555555555556,0.7777777777777778
437,0.2222222222222222,0.5555555555555556,0.7777777777777778
438,0.2222222222222222,0.5555555555555556,0.7777777777777778
439,0.2222222222222222,0.5555555555555556,0.7777777777777778
440,0.2222222222222222,0.5555555555555556,0.7777777777777778
441,0.2222222222222222,0.5555555555555556,0.7777777777777778
442,0.2222222222222222,0.5555555555555556,0.7777777777777778
443,0.2222222222222222,0.5555555555555556,0.7777777777777778
444,0.2222222222222222,0.5555555555555556,0.7777777777777778
445,0.2222222222222222,0.5555555555555556,0.7777777777777778
446,0.2222222222222222,0.5555555555555556,0.7777777777777778
447,0.2222222222222222,0.5555555555555556,0.7777777777777778
448,0.2222222222222222,0.5555555555555556,0.7777777777777778
449,0.2222222222222222,0.5555555555555556,0.7777777777777778
450,0.2222222222222222,0.5555555555555556,0.7777777777777778
451,0.2222222222222222,0.5555555555555556,0.7777777777777778
452,0.2222222222222222,0.5555555555555556,0.7777777777777778
453,0.2222222222222222,0.5555555555555556,0.7777777777777778
454,0.2222222222222222,0.5555555555555556,0.7777777777777778
455,0.2222222222222222,0.5555555555555556,0.7777777777777778
456,0.2222222222222222,0.5555555555555556,0.7777777777777778
457,0.2222222222222222,0.5555555555555556,0.7777777777777778
458,0.2222222222222222,0.5555555555555556,0.7777777777777778
459,0.2222222222222222,0.5555555555555556,0.7777777777777778
460,0.2222222222222222,0.5555555555555556,0.7777777777777778
461,0.2222222222222222,0.5555555555555556,0.7777777777777778
462,0.2222222222222222,0.5555555555555556,0.7777777777777778
463,0.2222222222222222,0.5555555555555556,0.7777777777777778
464,0.2222222222222222,0.5555555555555556,0.7777777777777778
465,0.2222222222222222,0.7777777777777778,0.7777777777777778
466,0.2222222222222222,0.7777777777777778,0.7777777777777778
467,0.2222222222222222,0.7777777777777778,0.7777777777777778
468,0.2222222222222222,0.5555555555555556,0.7777777777777778
469,0.2222222222222222,0.5555555555555556,0.7777777777777778
470,0.2222222222222222,0.5555555555555556,0.7777777777777778
471,0.2222222222222222,0.5555555555555556,0.7777777777777778
472,0.2222222222222222,0.5555555555555556,0.7777777777777778
473,0.2222222222222222,0.5555555555555556,0.7777777777777778
474,0.2222222222222222,0.5555555555555556,0.7777777777777778
475,0.2222222222222222,0.5555555555555556,0.7777777777777778
476,0.2222222222222222,0.5555555555555556,0.7777777777777778
477,0.2222222222222222,0.5555555555555556,0.7777777777777778
478,0.2222222222222222,0.5555555555555556,0.7777777777777778
479,0.2222222222222222,0.5555555555555556,0.7777777777777778
480,0.2222222222222222,0.5555555555555556,0.7777777777777778
481,0.2222222222222222,0.5555555555555556,0.7777777777777778
482,0.2222222222222222,0.5555555555555556,0.7777777777777778
483,0.2222222222222222,0.7777777777777778,0.7777777777777778
484,0.2222222222222222,0.7777777777777778,0.7777777777777778
485,0.2222222222222222,0.7777777777777778,0.7777777777777778
486,0.2222222222222222,0.7777777777777778,0.7777777777777778
487,0.2222222222222222,0.7777777777777778,0.7777777777777778
488,0.2222222222222222,0.7777777777777778,0.7777777777777778
489,0.2222222222222222,0.7777777777777778,0.7777777777777778
490,0.2222222222222222,0.7777777777777778,0.7777777777777778
491,0.2222222222222222,0.7777777777777778,0.7777777777777778
492,0.2222222222222222,0.7777777777777778,0.7777777777777778
493,0.2222222222222222,0.7777777777777778,0.7777777777777778
494,0.2222222222222222,0.7777777777777778,0.7777777777777778
495,0.2222222222222222,0.7777777777777778,0.7777777777777778
496,0.2222222222222222,0.5555555555555556,0.7777777777777778
497,0.2222222222222222,0.5555555555555556,0.7777777777777778
498,0.2222222222222222,0.5555555555555556,0.7777777777777778
499,0.2222222222222222,0.5555555555555556,0.7777777777777778
500,0.2222222222222222,0.5555555555555556,0.7777777777777778
501,0.2222222222222222,0.5555555555555556,0.7777777777777778
502,0.2222222222222222,0.5555555555555556,0.7777777777777778
503,0.2222222222222222,0.5555555555555556,0.7777777777777778
504,0.2222222222222222,0.5555555555555556,0.7777777777777778
505,0.2222222222222222,0.5555555555555556,0.7777777777777778
506,0.2222222222222222,0.5555555555555556,0.7777777777777778
507,0.2222222222222222,0.5555555555555556,0.7777777777777778
508,0.2222222222222222,0.7777777777777778,0.7777777777777778
509,0.2222222222222222,0.7777777777777778,0.7777777777777778
510,0.2222222222222222,0.7777777777777778,0.7777777777777778
511,0.2222222222222222,0.7777777777777778,0.7777777777777778
512,0.2222222222222222,0.7777777777777778,0.7777777777777778
513,0.2222222222222222,0.7777777777777778,0.7777777777777778
514,0.2222222222222222,0.7777777777777778,0.7777777777777778
515,0.2222222222222222,0.7777777777777778,0.7777777777777778
516,0.2222222222222222,0.7777777777777778,0.7777777777777778
517,0.2222222222222222,0.7777777777777778,0.7777777777777778
518,0.2222222222222222,0.7777777777777778,0.7777777777777778
519,0.2222222222222222,0.7777777777777778,0.7777777777777778
520,0.2222222222222222,0.7777777777777778,0.7777777777777778
521,0.2222222222222222,0.7777777777777778,0.7777777777777778
522,0.2222222222222222,0.7777777777777778,0.7777777777777778
523,0.2222222222222222,0.7777777777777778,0.7777777777777778
524,0.2222222222222222,0.7777777777777778,0.7777777777777778
525,0.2222222222222222,0.7777777777777778,0.7777777777777778
526,0.2222222222222222,0.7777777777777778,0.7777777777777778
527,0.2222222222222222,0.7777777777777778,0.7777777777777778
528,0.2222222222222222,0.7777777777777778,0.7777777777777778
529,0.2222222222222222,0.5555555555555556,0.7777777777777778
530,0.2222222222222222,0.5555555555555556,0.7777777777777778
531,0.2222222222222222,0.5555555555555556,0.7777777777777778
532,0.2222222222222222,0.5555555555555556,0.7777777777777778
533,0.2222222222222222,0.4444444444444444,0.7777777777777778
534,0.2222222222222222,0.4444444444444444,0.7777777777777778
535,0.2222222222222222,0.4444444444444444,0.7777777777777778
536,0.2222222222222222,0.4444444444444444,0.7777777777777778
537,0.2222222222222222,0.4444444444444444,0.7777777777777778
538,0.2222222222222222,0.4444444444444444,0.7777777777777778
539,0.2222222222222222,0.4444444444444444,0.7777777777777778
540,0.2222222222222222,0.4444444444444444,0.7777777777777778
541,0.2222222222222222,0.4444444444444444,0.7777777777777778
542,0.2222222222222222,0.5555555555555556,0.7777777777777778
543,0.2222222222222222,0.5555555555555556,0.7777777777777778
544,0.2222222222222222,0.5555555555555556,0.7777777777777778
545,0.2222222222222222,0.5555555555555556,0.7777777777777778
546,0.2222222222222222,0.5555555555555556,0.7777777777777778
547,0.2222222222222222,0.5555555555555556,0.7777777777777778
548,0.2222222222222222,0.5555555555555556,0.7777777777777778
549,0.2222222222222222,0.5555555555555556,0.7777777777777778
550,0.2222222222222222,0.5555555555555556,0.7777777777777778
551,0.2222222222222222,0.5555555555555556,0.7777777777777778
552,0.2222222222222222,0.5555555555555556,0.7777777777777778
553,0.2222222222222222,0.5555555555555556,0.7777777777777778
554,0.2222222222222222,0.5555555555555556,0.7777777777777778
555,0.2222222222222222,0.5555555555555556,0.7777777777777778
556,0.2222222222222222,0.5555555555555556,0.7777777777777778
557,0.2222222222222222,0.5555555555555556,0.7777777777777778
558,0.2222222222222222,0.5555555555555556,0.7777777777777778
559,0.2222222222222222,0.5555555555555556,0.7777777777777778
560,0.2222222222222222,0.5555555555555556,0.7777777777777778
561,0.2222222222222222,0.5555555555555556,0.7777777777777778
562,0.2222222222222222,0.5555555555555556,0.7777777777777778
563,0.2222222222222222,0.5555555555555556,0.7777777777777778
564,0.2222222222222222,0.5555555555555556,0.7777777777777778
565,0.2222222222222222,0.5555555555555556,0.7777777777777778
566,0.2222222222222222,0.5555555555555556,0.7777777777777778
567,0.2222222222222222,0.5555555555555556,0.7777777777777778
568,0.2222222222222222,0.7777777777777778,0.7777777777777778
569,0.2222222222222222,0.7777777777777778,0.7777777777777778
570,0.2222222222222222,0.7777777777777778,0.7777777777777778
571,0.2222222222222222,0.7777777777777778,0.7777777777777778
572,0.2222222222222222,0.7777777777777778,0.7777777777777778
573,0.2222222222222222,0.7777777777777778,0.7777777777777778
574,0.2222222222222222,0.8888888888888888,0.7777777777777778
575,0.2222222222222222,0.8888888888888888,0.7777777777777778
576,0.2222222222222222,0.8888888888888888,0.7777777777777778
577,0.2222222222222222,0.8888888888888888,0.7777777777777778
578,0.2222222222222222,0.8888888888888888,0.7777777777777778
579,0.2222222222222222,0.7777777777777778,0.7777777777777778
580,0.2222222222222222,0.7777777777777778,0.7777777777777778
581,0.2222222222222222,0.7777777777777778,0.7777777777777778
582,0.2222222222222222,0.7777777777777778,0.7777777777777778
583,0.2222222222222222,0.5555555555555556,0.7777777777777778
584,0.2222222222222222,0.5555555555555556,0.7777777777777778
585,0.2222222222222222,0.5555555555555556,0.7777777777777778
586,0.2222222222222222,0.4444444444444444,0.7777777777777778
587,0.2222222222222222,0.3333333333333333,0.7777777777777778
588,0.2222222222222222,0.3333333333333333,0.7777777777777778
589,0.2222222222222222,0.3333333333333333,0.7777777777777778
590,0.2222222222222222,0.3333333333333333,0.7777777777777778
591,0.2222222222222222,0.3333333333333333,0.7777777777777778
592,0.2222222222222222,0.3333333333333333,0.7777777777777778
593,0.2222222222222222,0.4444444444444444,0.7777777777777778
594,0.2222222222222222,0.5555555555555556,0.7777777777777778
595,0.2222222222222222,0.5555555555555556,0.7777777777777778
596,0.2222222222222222,0.7777777777777778,0.7777777777777778
597,0.2222222222222222,0.7777777777777778,0.7777777777777778
598,0.2222222222222222,0.7777777777777778,0.7777777777777778
599,0.2222222222222222,0.8888888888888888,0.7777777777777778
600,0.2222222222222222,0.8888888888888888,0.7777777777777778
601,0.2222222222222222,0.8888888888888888,0.7777777777777778
602,0.2222222222222222,0.8888888888888888,0.7777777777777778
603,0.2222222222222222,0.8888888888888888,0.7777777777777778
604,0.2222222222222222,0.8888888888888888,0.7777777777777778
605,0.2222222222222222,0.8888888888888888,0.7777777777777778
606,0.2222222222222222,0.8888888888888888,0.7777777777777778
607,0.2222222222222222,0.8888888888888888,0.7777777777777778
608,0.2222222222222222,0.8888888888888888,0.7777777777777778
609,0.2222222222222222,0.8888888888888888,0.7777777777777778
610,0.2222222222222222,0.8888888888888888,0.7777777777777778
611,0.2222222222222222,0.8888888888888888,0.7777777777777778
612,0.2222222222222222,0.8888888888888888,0.7777777777777778
613,0.2222222222222222,0.8888888888888888,0.8888888888888888
614,0.2222222222222222,0.8888888888888888,0.8888888888888888
615,0.2222222222222222,0.8888888888888888,0.8888888888888888
616,0.2222222222222222,0.8888888888888888,0.8888888888888888
617,0.2222222222222222,0.8888888888888888,0.8888888888888888
618,0.2222222222222222,0.8888888888888888,0.8888888888888888
619,0.2222222222222222,0.8888888888888888,0.8888888888888888
620,0.2222222222222222,0.8888888888888888,0.8888888888888888
621,0.2222222222222222,0.8888888888888888,0.8888888888888888
622,0.2222222222222222,0.8888888888888888,0.8888888888888888
623,0.2222222222222222,0.8888888888888888,0.8888888888888888
624,0.2222222222222222,0.8888888888888888,0.8888888888888888
625,0.2222222222222222,0.8888888888888888,0.8888888888888888
626,0.2222222222222222,0.7777777777777778,0.8888888888888888
627,0.2222222222222222,0.7777777777777778,0.8888888888888888
628,0.2222222222222222,0.7777777777777778,0.8888888888888888
629,0.2222222222222222,0.7777777777777778,0.8888888888888888
630,0.2222222222222222,0.7777777777777778,0.8888888888888888
631,0.2222222222222222,0.7777777777777778,0.8888888888888888
632,0.2222222222222222,0.7777777777777778,0.8888888888888888
633,0.2222222222222222,0.7777777777777778,0.8888888888888888
634,0.2222222222222222,0.7777777777777778,0.8888888888888888
635,0.2222222222222222,0.7777777777777778,0.8888888888888888
636,0.2222222222222222,0.7777777777777778,0.8888888888888888
637,0.2222222222222222,0.7777777777777778,0.8888888888888888
638,0.2222222222222222,0.7777777777777778,0.8888888888888888
639,0.2222222222222222,0.5555555555555556,0.8888888888888888
640,0.2222222222222222,0.5555555555555556,0.8888888888888888
641,0.2222222222222222,0.5555555555555556,0.8888888888888888
642,0.2222222222222222,0.5555555555555556,0.8888888888888888
643,0.2222222222222222,0.5555555555555556,0.8888888888888888
644,0.2222222222222222,0.5555555555555556,0.8888888888888888
645,0.2222222222222222,0.5555555555555556,0.8888888888888888
646,0.2222222222222222,0.5555555555555556,0.8888888888888888
647,0.2222222222222222,0.5555555555555556,0.8888888888888888
648,0.2222222222222222,0.5555555555555556,0.8888888888888888
649,0.2222222222222222,0.5555555555555556,0.8888888888888888
650,0.2222222222222222,0.5555555555555556,0.8888888888888888
651,0.2222222222222222,0.5555555555555556,0.8888888888888888
652,0.2222222222222222,0.5555555555555556,0.8888888888888888
653,0.2222222222222222,0.5555555555555556,0.8888888888888888
654,0.2222222222222222,0.5555555555555556,0.8888888888888888
655,0.2222222222222222,0.5555555555555556,0.8888888888888888
656,0.2222222222222222,0.5555555555555556,0.8888888888888888
657,0.2222222222222222,0.5555555555555556,0.8888888888888888
658,0.2222222222222222,0.5555555555555556,0.8888888888888888
659,0.4444444444444444,0.5555555555555556,0.8888888888888888
660,0.4444444444444444,0.5555555555555556,0.8888888888888888
661,0.4444444444444444,0.5555555555555556,0.8888888888888888
662,0.4444444444444444,0.5555555555555556,0.8888888888888888
663,0.4444444444444444,0.5555555555555556,0.8888888888888888
664,0.4444444444444444,0.5555555555555556,0.8888888888888888
665,0.4444444444444444,0.5555555555555556,0.8888888888888888
666,0.4444444444444444,0.5555555555555556,0.8888888888888888
667,0.4444444444444444,0.5555555555555556,0.8888888888888888
668,0.4444444444444444,0.5555555555555556,0.8888888888888888
669,0.4444444444444444,0.5555555555555556,0.8888888888888888
670,0.4444444444444444,0.5555555555555556,0.8888888888888888
671,0.4444444444444444,0.5555555555555556,0.8888888888888888
672,0.4444444444444444,0.5555555555555556,0.8888888888888888
673,0.4444444444444444,0.5555555555555556,0.8888888888888888
674,0.4444444444444444,0.5555555555555556,0.8888888888888888
675,0.4444444444444444,0.5555555555555556,0.8888888888888888
676,0.4444444444444444,0.5555555555555556,0.8888888888888888
677,0.4444444444444444,0.5555555555555556,0.8888888888888888
678,0.4444444444444444,0.5555555555555556,0.8888888888888888
679,0.4444444444444444,0.5555555555555556,0.8888888888888888
680,0.4444444444444444,0.5555555555555556,0.8888888888888888
681,0.4444444444444444,0.5555555555555556,0.8888888888888888
682,0.4444444444444444,0.5555555555555556,0.8888888888888888
683,0.4444444444444444,0.5555555555555556,0.8888888888888888
684,0.4444444444444444,0.5555555555555556,0.8888888888888888
685,0.4444444444444444,0.5555555555555556,0.8888888888888888
686,0.4444444444444444,0.5555555555555556,0.8888888888888888
687,0.4444444444444444,0.5555555555555556,0.8888888888888888
688,0.4444444444444444,0.5555555555555556,0.8888888888888888
689,0.4444444444444444,0.5555555555555556,0.8888888888888888
690,0.4444444444444444,0.5555555555555556,0.8888888888888888
691,0.4444444444444444,0.5555555555555556,0.8888888888888888
692,0.4444444444444444,0.5555555555555556,0.8888888888888888
693,0.4444444444444444,0.5555555555555556,0.8888888888888888
694,0.4444444444444444,0.5555555555555556,0.8888888888888888
695,0.4444444444444444,0.5555555555555556,0.8888888888888888
696,0.4444444444444444,0.5555555555555556,0.8888888888888888
697,0.4444444444444444,0.5555555555555556,0.8888888888888888
698,0.4444444444444444,0.5555555555555556,0.8888888888888888
699,0.4444444444444444,0.5555555555555556,0.8888888888888888
700,0.4444444444444444,0.5555555555555556,0.8888888888888888
701,0.4444444444444444,0.5555555555555556,0.8888888888888888
702,0.4444444444444444,0.5555555555555556,0.8888888888888888
703,0.4444444444444444,0.5555555555555556,0.8888888888888888
704,0.4444444444444444,0.5555555555555556,0.8888888888888888
705,0.4444444444444444,0.5555555555555556,0.8888888888888888
706,0.4444444444444444,0.5555555555555556,0.8888888888888888
707,0.4444444444444444,0.5555555555555556,0.8888888888888888
708,0.4444444444444444,0.5555555555555556,0.8888888888888888
709,0.4444444444444444,0.5555555555555556,0.8888888888888888
710,0.4444444444444444,0.5555555555555556,0.8888888888888888
711,0.4444444444444444,0.5555555555555556,0.8888888888888888
712,0.4444444444444444,0.5555555555555556,0.8888888888888888
713,0.4444444444444444,0.5555555555555556,0.8888888888888888
714,0.4444444444444444,0.5555555555555556,0.8888888888888888
715,0.4444444444444444,0.5555555555555556,0.8888888888888888
716,0.4444444444444444,0.5555555555555556,0.8888888888888888
717,0.4444444444444444,0.5555555555555556,0.8888888888888888
718,0.4444444444444444,0.5555555555555556,0.8888888888888888
719,0.4444444444444444,0.5555555555555556,0.8888888888888888
720,0.4444444444444444,0.5555555555555556,0.8888888888888888
721,0.4444444444444444,0.5555555555555556,0.8888888888888888
722,0.4444444444444444,0.5555555555555556,0.8888888888888888
723,0.4444444444444444,0.5555555555555556,0.8888888888888888
724,0.4444444444444444,0.5555555555555556,0.8888888888888888
725,0.4444444444444444,0.5555555555555556,0.8888888888888888
726,0.4444444444444444,0.5555555555555556,0.8888888888888888
727,0.4444444444444444,0.5555555555555556,0.8888888888888888
728,0.4444444444444444,0.5555555555555556,0.8888888888888888
729,0.4444444444444444,0.5555555555555556,0.8888888888888888
730,0.4444444444444444,0.5555555555555556,0.8888888888888888
731,0.4444444444444444,0.5555555555555556,0.8888888888888888
732,0.4444444444444444,0.5555555555555556,0.8888888888888888
733,0.4444444444444444,0.5555555555555556,0.8888888888888888
734,0.4444444444444444,0.5555555555555556,0.8888888888888888
735,0.4444444444444444,0.5555555555555556,0.8888888888888888
736,0.4444444444444444,0.5555555555555556,0.8888888888888888
737,0.4444444444444444,0.5555555555555556,0.8888888888888888
738,0.4444444444444444,0.5555555555555556,0.8888888888888888
739,0.4444444444444444,0.5555555555555556,0.8888888888888888
740,0.4444444444444444,0.5555555555555556,0.8888888888888888
741,0.4444444444444444,0.5555555555555556,0.8888888888888888
742,0.4444444444444444,0.5555555555555556,0.8888888888888888
743,0.4444444444444444,0.5555555555555556,0.8888888888888888
744,0.4444444444444444,0.5555555555555556,0.8888888888888888
745,0.4444444444444444,0.5555555555555556,0.8888888888888888
746,0.4444444444444444,0.5555555555555556,0.8888888888888888
747,0.4444444444444444,0.5555555555555556,0.8888888888888888
748,0.4444444444444444,0.5555555555555556,0.8888888888888888
749,0.4444444444444444,0.5555555555555556,0.8888888888888888
750,0.4444444444444444,0.5555555555555556,0.8888888888888888
751,0.4444444444444444,0.5555555555555556,0.8888888888888888
752,0.4444444444444444,0.7777777777777778,0.8888888888888888
753,0.4444444444444444,0.7777777777777778,0.8888888888888888
754,0.4444444444444444,0.7777777777777778,0.8888888888888888
755,0.4444444444444444,0.7777777777777778,0.8888888888888888
756,0.4444444444444444,0.7777777777777778,0.8888888888888888
757,0.4444444444444444,0.5555555555555556,0.8888888888888888
758,0.4444444444444444,0.5555555555555556,0.8888888888888888
759,0.4444444444444444,0.5555555555555556,0.8888888888888888
760,0.4444444444444444,0.5555555555555556,0.8888888888888888
761,0.4444444444444444,0.5555555555555556,0.8888888888888888
762,0.4444444444444444,0.5555555555555556,0.8888888888888888
763,0.4444444444444444,0.5555555555555556,0.8888888888888888
764,0.4444444444444444,0.5555555555555556,0.8888888888888888
765,0.4444444444444444,0.5555555555555556,0.8888888888888888
766,0.4444444444444444,0.5555555555555556,0.8888888888888888
767,0.4444444444444444,0.5555555555555556,0.8888888888888888
768,0.4444444444444444,0.5555555555555556,0.8888888888888888
769,0.4444444444444444,0.5555555555555556,0.8888888888888888
770,0.4444444444444444,0.5555555555555556,0.8888888888888888
771,0.4444444444444444,0.5555555555555556,0.8888888888888888
772,0.4444444444444444,0.5555555555555556,0.8888888888888888
773,0.4444444444444444,0.5555555555555556,0.8888888888888888
774,0.4444444444444444,0.5555555555555556,0.8888888888888888
775,0.4444444444444444,0.5555555555555556,0.8888888888888888
776,0.4444444444444444,0.5555555555555556,0.8888888888888888
777,0.4444444444444444,0.5555555555555556,0.8888888888888888
778,0.4444444444444444,0.5555555555555556,0.8888888888888888
779,0.4444444444444444,0.5555555555555556,0.8888888888888888
780,0.4444444444444444,0.5555555555555556,0.8888888888888888
781,0.4444444444444444,0.5555555555555556,0.8888888888888888
782,0.4444444444444444,0.5555555555555556,0.8888888888888888
783,0.4444444444444444,0.5555555555555556,0.8888888888888888
784,0.4444444444444444,0.5555555555555556,0.8888888888888888
785,0.4444444444444444,0.5555555555555556,0.8888888888888888
786,0.4444444444444444,0.5555555555555556,0.8888888888888888
787,0.4444444444444444,0.5555555555555556,0.8888888888888888
788,0.4444444444444444,0.5555555555555556,0.8888888888888888
789,0.4444444444444444,0.5555555555555556,0.8888888888888888
790,0.4444444444444444,0.5555555555555556,0.8888888888888888
791,0.4444444444444444,0.5555555555555556,0.8888888888888888
792,0.4444444444444444,0.5555555555555556,0.8888888888888888
793,0.4444444444444444,0.5555555555555556,0.8888888888888888
794,0.4444444444444444,0.5555555555555556,0.8888888888888888
795,0.4444444444444444,0.5555555555555556,0.8888888888888888
796,0.4444444444444444,0.5555555555555556,0.8888888888888888
797,0.4444444444444444,0.5555555555555556,0.8888888888888888
798,0.4444444444444444,0.5555555555555556,0.8888888888888888
799,0.4444444444444444,0.5555555555555556,0.8888888888888888
800,0.4444444444444444,0.5555555555555556,0.8888888888888888
801,0.4444444444444444,0.5555555555555556,0.8888888888888888
802,0.4444444444444444,0.5555555555555556,0.8888888888888888
803,0.4444444444444444,0.5555555555555556,0.8888888888888888
804,0.4444444444444444,0.5555555555555556,0.8888888888888888
805,0.4444444444444444,0.5555555555555556,0.8888888888888888
806,0.4444444444444444,0.5555555555555556,0.8888888888888888
807,0.4444444444444444,0.5555555555555556,0.8888888888888888
808,0.4444444444444444,0.5555555555555556,0.8888888888888888
809,0.4444444444444444,0.5555555555555556,0.8888888888888888
810,0.4444444444444444,0.5555555555555556,0.8888888888888888
811,0.4444444444444444,0.5555555555555556,0.8888888888888888
812,0.4444444444444444,0.5555555555555556,0.8888888888888888
813,0.4444444444444444,0.5555555555555556,0.8888888888888888
814,0.4444444444444444,0.5555555555555556,0.8888888888888888
815,0.4444444444444444,0.5555555555555556,0.8888888888888888
816,0.4444444444444444,0.5555555555555556,0.8888888888888888
817,0.4444444444444444,0.5555555555555556,0.8888888888888888
818,0.4444444444444444,0.5555555555555556,0.8888888888888888
819,0.4444444444444444,0.5555555555555556,0.8888888888888888
820,0.4444444444444444,0.5555555555555556,0.8888888888888888
821,0.4444444444444444,0.5555555555555556,0.8888888888888888
822,0.4444444444444444,0.5555555555555556,0.8888888888888888
823,0.4444444444444444,0.5555555555555556,0.8888888888888888
824,0.4444444444444444,0.5555555555555556,0.8888888888888888
825,0.4444444444444444,0.5555555555555556,0.8888888888888888
826,0.4444444444444444,0.5555555555555556,0.8888888888888888
827,0.4444444444444444,0.5555555555555556,0.8888888888888888
828,0.4444444444444444,0.5555555555555556,0.8888888888888888
829,0.4444444444444444,0.5555555555555556,0.8888888888888888
830,0.4444444444444444,0.5555555555555556,0.8888888888888888
831,0.4444444444444444,0.5555555555555556,0.8888888888888888
832,0.4444444444444444,0.5555555555555556,0.8888888888888888
833,0.4444444444444444,0.5555555555555556,0.8888888888888888
834,0.4444444444444444,0.5555555555555556,0.8888888888888888
835,0.4444444444444444,0.5555555555555556,0.8888888888888888
836,0.4444444444444444,0.5555555555555556,0.8888888888888888
837,0.4444444444444444,0.5555555555555556,0.8888888888888888
838,0.4444444444444444,0.5555555555555556,0.8888888888888888
839,0.4444444444444444,0.5555555555555556,0.8888888888888888
840,0.4444444444444444,0.5555555555555556,0.8888888888888888
841,0.4444444444444444,0.5555555555555556,0.8888888888888888
842,0.4444444444444444,0.5555555555555556,0.8888888888888888
843,0.4444444444444444,0.5555555555555556,0.8888888888888888
844,0.5555555555555556,0.5555555555555556,0.8888888888888888
845,0.5555555555555556,0.5555555555555556,0.8888888888888888
846,0.5555555555555556,0.5555555555555556,0.8888888888888888
847,0.5555555555555556,0.5555555555555556,0.8888888888888888
848,0.5555555555555556,0.5555555555555556,0.8888888888888888
849,0.5555555555555556,0.5555555555555556,0.8888888888888888
850,0.5555555555555556,0.7777777777777778,0.8888888888888888
851,0.5555555555555556,0.7777777777777778,0.8888888888888888
852,0.5555555555555556,0.7777777777777778,0.8888888888888888
853,0.5555555555555556,0.7777777777777778,0.8888888888888888
854,0.5555555555555556,0.7777777777777778,0.8888888888888888
855,0.5555555555555556,0.7777777777777778,0.8888888888888888
856,0.5555555555555556,0.7777777777777778,0.8888888888888888
857,0.5555555555555556,0.5555555555555556,0.8888888888888888
858,0.5555555555555556,0.5555555555555556,0.8888888888888888
859,0.5555555555555556,0.5555555555555556,0.8888888888888888
860,0.5555555555555556,0.5555555555555556,0.8888888888888888
861,0.5555555555555556,0.5555555555555556,0.8888888888888888
862,0.5555555555555556,0.5555555555555556,0.8888888888888888
863,0.5555555555555556,0.5555555555555556,0.8888888888888888
864,0.5555555555555556,0.5555555555555556,0.8888888888888888
865,0.5555555555555556,0.5555555555555556,0.8888888888888888
866,0.5555555555555556,0.5555555555555556,0.8888888888888888
867,0.5555555555555556,0.5555555555555556,0.8888888888888888
868,0.5555555555555556,0.5555555555555556,0.8888888888888888
869,0.5555555555555556,0.5555555555555556,0.8888888888888888
870,0.5555555555555556,0.5555555555555556,0.8888888888888888
871,0.5555555555555556,0.5555555555555556,0.8888888888888888
872,0.5555555555555556,0.5555555555555556,0.8888888888888888
873,0.5555555555555556,0.5555555555555556,0.8888888888888888
874,0.5555555555555556,0.5555555555555556,0.8888888888888888
875,0.5555555555555556,0.5555555555555556,0.8888888888888888
876,0.5555555555555556,0.5555555555555556,0.8888888888888888
877,0.5555555555555556,0.5555555555555556,0.8888888888888888
878,0.5555555555555556,0.5555555555555556,0.8888888888888888
879,0.5555555555555556,0.5555555555555556,0.8888888888888888
880,0.5555555555555556,0.4444444444444444,0.8888888888888888
881,0.5555555555555556,0.4444444444444444,0.8888888888888888
882,0.5555555555555556,0.4444444444444444,0.8888888888888888
883,0.5555555555555556,0.4444444444444444,0.8888888888888888
884,0.5555555555555556,0.2222222222222222,0.8888888888888888
885,0.5555555555555556,0.2222222222222222,0.8888888888888888
886,0.5555555555555556,0.2222222222222222,0.8888888888888888
887,0.5555555555555556,0.2222222222222222,0.8888888888888888
888,0.5555555555555556,0.3333333333333333,0.8888888888888888
889,0.5555555555555556,0.3333333333333333,0.8888888888888888
890,0.5555555555555556,0.4444444444444444,0.8888888888888888
891,0.5555555555555556,0.4444444444444444,0.8888888888888888
892,0.5555555555555556,0.5555555555555556,0.8888888888888888
893,0.5555555555555556,0.5555555555555556,0.8888888888888888
894,0.5555555555555556,0.5555555555555556,0.8888888888888888
895,0.5555555555555556,0.5555555555555556,0.8888888888888888
896,0.5555555555555556,0.5555555555555556,0.8888888888888888
897,0.5555555555555556,0.5555555555555556,0.8888888888888888
898,0.5555555555555556,0.5555555555555556,0.8888888888888888
899,0.5555555555555556,0.5555555555555556,0.8888888888888888
900,0.5555555555555556,0.5555555555555556,0.8888888888888888
901,0.5555555555555556,0.5555555555555556,0.8888888888888888
902,0.5555555555555556,0.5555555555555556,0.8888888888888888
903,0.5555555555555556,0.5555555555555556,0.8888888888888888
904,0.5555555555555556,0.5555555555555556,0.8888888888888888
905,0.5555555555555556,0.5555555555555556,0.8888888888888888
906,0.5555555555555556,0.5555555555555556,0.8888888888888888
907,0.5555555555555556,0.5555555555555556,0.8888888888888888
908,0.5555555555555556,0.5555555555555556,0.8888888888888888
909,0.5555555555555556,0.5555555555555556,0.8888888888888888
910,0.5555555555555556,0.5555555555555556,0.8888888888888888
911,0.5555555555555556,0.5555555555555556,0.8888888888888888
912,0.5555555555555556,0.5555555555555556,0.8888888888888888
913,0.5555555555555556,0.5555555555555556,0.8888888888888888
914,0.5555555555555556,0.7777777777777778,0.8888888888888888
915,0.5555555555555556,0.7777777777777778,0.8888888888888888
916,0.5555555555555556,0.7777777777777778,0.8888888888888888
917,0.5555555555555556,0.7777777777777778,0.8888888888888888
918,0.5555555555555556,0.8888888888888888,0.8888888888888888
919,0.5555555555555556,0.8888888888888888,0.8888888888888888
920,0.5555555555555556,0.8888888888888888,0.8888888888888888
921,0.5555555555555556,0.8888888888888888,0.8888888888888888
922,0.5555555555555556,0.8888888888888888,0.8888888888888888
923,0.5555555555555556,0.8888888888888888,0.8888888888888888
924,0.5555555555555556,0.8888888888888888,0.8888888888888888
925,0.5555555555555556,0.8888888888888888,0.8888888888888888
926,0.5555555555555556,0.8888888888888888,0.8888888888888888
927,0.5555555555555556,0.8888888888888888,0.8888888888888888
928,0.5555555555555556,0.8888888888888888,0.8888888888888888
929,0.5555555555555556,0.8888888888888888,0.8888888888888888
930,0.5555555555555556,0.8888888888888888,0.8888888888888888
931,0.5555555555555556,0.8888888888888888,0.8888888888888888
932,0.5555555555555556,0.8888888888888888,0.8888888888888888
933,0.5555555555555556,0.7777777777777778,0.8888888888888888
934,0.5555555555555556,0.7777777777777778,0.8888888888888888
935,0.5555555555555556,0.7777777777777778,0.8888888888888888
936,0.5555555555555556,0.7777777777777778,0.8888888888888888
937,0.5555555555555556,0.7777777777777778,0.8888888888888888
938,0.5555555555555556,0.7777777777777778,0.8888888888888888
939,0.5555555555555556,0.7777777777777778,0.8888888888888888
940,0.5555555555555556,0.7777777777777778,0.8888888888888888
941,0.5555555555555556,0.7777777777777778,0.8888888888888888
942,0.5555555555555556,0.7777777777777778,0.8888888888888888
943,0.5555555555555556,0.7777777777777778,0.8888888888888888
944,0.5555555555555556,0.7777777777777778,0.8888888888888888
945,0.5555555555555556,0.7777777777777778,0.8888888888888888
946,0.5555555555555556,0.7777777777777778,0.8888888888888888
947,0.5555555555555556,0.7777777777777778,0.8888888888888888
948,0.5555555555555556,0.7777777777777778,0.8888888888888888
949,0.5555555555555556,0.7777777777777778,0.8888888888888888
950,0.5555555555555556,0.7777777777777778,0.8888888888888888
951,0.5555555555555556,0.7777777777777778,0.8888888888888888
952,0.5555555555555556,0.7777777777777778,0.8888888888888888
953,0.5555555555555556,0.7777777777777778,0.8888888888888888
954,0.5555555555555556,0.7777777777777778,0.8888888888888888
955,0.5555555555555556,0.7777777777777778,0.8888888888888888
956,0.5555555555555556,0.7777777777777778,0.8888888888888888
957,0.5555555555555556,0.7777777777777778,0.8888888888888888
958,0.5555555555555556,0.7777777777777778,0.8888888888888888
959,0.5555555555555556,0.7777777777777778,0.8888888888888888
960,0.5555555555555556,0.7777777777777778,0.8888888888888888
961,0.5555555555555556,0.7777777777777778,0.8888888888888888
962,0.5555555555555556,0.7777777777777778,0.8888888888888888
963,0.5555555555555556,0.7777777777777778,0.8888888888888888
964,0.5555555555555556,0.5555555555555556,0.8888888888888888
965,0.5555555555555556,0.5555555555555556,0.8888888888888888
966,0.5555555555555556,0.5555555555555556,0.8888888888888888
967,0.5555555555555556,0.5555555555555556,0.8888888888888888
968,0.5555555555555556,0.5555555555555556,0.8888888888888888
969,0.5555555555555556,0.5555555555555556,0.8888888888888888
970,0.5555555555555556,0.5555555555555556,0.8888888888888888
971,0.5555555555555556,0.5555555555555556,0.8888888888888888
972,0.5555555555555556,0.5555555555555556,0.8888888888888888
973,0.5555555555555556,0.5555555555555556,0.8888888888888888
974,0.5555555555555556,0.5555555555555556,0.8888888888888888
975,0.5555555555555556,0.5555555555555556,0.8888888888888888
976,0.5555555555555556,0.5555555555555556,0.8888888888888888
977,0.5555555555555556,0.5555555555555556,0.8888888888888888
978,0.5555555555555556,0.5555555555555556,0.8888888888888888
979,0.5555555555555556,0.5555555555555556,0.8888888888888888
980,0.5555555555555556,0.5555555555555556,0.8888888888888888
981,0.5555555555555556,0.5555555555555556,0.8888888888888888
982,0.5555555555555556,0.5555555555555556,0.8888888888888888
983,0.5555555555555556,0.5555555555555556,0.8888888888888888
984,0.5555555555555556,0.5555555555555556,0.8888888888888888
985,0.5555555555555556,0.5555555555555556,0.8888888888888888
986,0.5555555555555556,0.5555555555555556,0.8888888888888888
987,0.5555555555555556,0.5555555555555556,0.8888888888888888
988,0.5555555555555556,0.5555555555555556,0.8888888888888888
989,0.5555555555555556,0.5555555555555556,0.8888888888888888
990,0.5555555555555556,0.5555555555555556,0.8888888888888888
991,0.5555555555555556,0.5555555555555556,0.8888888888888888
992,0.5555555555555556,0.5555555555555556,0.8888888888888888
993,0.5555555555555556,0.5555555555555556,0.8888888888888888
994,0.5555555555555556,0.5555555555555556,0.8888888888888888
995,0.5555555555555556,0.5555555555555556,0.8888888888888888
996,0.5555555555555556,0.5555555555555556,0.8888888888888888
997,0.5555555555555556,0.5555555555555556,0.8888888888888888
998,0.5555555555555556,0.5555555555555556,0.8888888888888888
999,0.5555555555555556,0.5555555555555556,0.8888888888888888
1000,0.5555555555555556,0.5555555555555556,0.8888888888888888
1001,0.5555555555555556,0.5555555555555556,0.8888888888888888
1002,0.5555555555555556,0.5555555555555556,0.8888888888888888
1003,0.5555555555555556,0.5555555555555556,0.8888888888888888
1004,0.5555555555555556,0.5555555555555556,0.8888888888888888
1005,0.5555555555555556,0.5555555555555556,0.8888888888888888
1006,0.5555555555555556,0.5555555555555556,0.8888888888888888
1007,0.5555555555555556,0.5555555555555556,0.8888888888888888
1008,0.5555555555555556,0.5555555555555556,0.8888888888888888
1009,0.5555555555555556,0.5555555555555556,0.8888888888888888
1010,0.5555555555555556,0.5555555555555556,0.8888888888888888
1011,0.5555555555555556,0.5555555555555556,0.8888888888888888
1012,0.5555555555555556,0.5555555555555556,0.8888888888888888
1013,0.5555555555555556,0.5555555555555556,0.8888888888888888
1014,0.5555555555555556,0.5555555555555556,0.8888888888888888
1015,0.5555555555555556,0.5555555555555556,0.8888888888888888
1016,0.5555555555555556,0.5555555555555556,0.8888888888888888
1017,0.5555555555555556,0.5555555555555556,0.8888888888888888
1018,0.5555555555555556,0.5555555555555556,0.8888888888888888
1019,0.5555555555555556,0.5555555555555556,0.8888888888888888
1020,0.5555555555555556,0.5555555555555556,0.8888888888888888
1021,0.5555555555555556,0.5555555555555556,0.8888888888888888
1022,0.5555555555555556,0.5555555555555556,0.8888888888888888
1023,0.5555555555555556,0.5555555555555556,0.8888888888888888
1024,0.5555555555555556,0.5555555555555556,0.8888888888888888
1025,0.5555555555555556,0.5555555555555556,0.8888888888888888
1026,0.5555555555555556,0.5555555555555556,0.8888888888888888
1027,0.5555555555555556,0.5555555555555556,0.8888888888888888
1028,0.5555555555555556,0.5555555555555556,0.8888888888888888
1029,0.5555555555555556,0.5555555555555556,0.8888888888888888
1030,0.5555555555555556,0.5555555555555556,0.8888888888888888
1031,0.5555555555555556,0.5555555555555556,0.8888888888888888
1032,0.5555555555555556,0.5555555555555556,0.8888888888888888
1033,0.5555555555555556,0.5555555555555556,0.8888888888888888
1034,0.5555555555555556,0.5555555555555556,0.8888888888888888
1035,0.5555555555555556,0.6666666666666666,0.8888888888888888
1036,0.5555555555555556,0.6666666666666666,0.8888888888888888
1037,0.5555555555555556,0.6666666666666666,0.8888888888888888
1038,0.5555555555555556,0.6666666666666666,0.8888888888888888
1039,0.5555555555555556,0.6666666666666666,0.8888888888888888
1040,0.5555555555555556,0.6666666666666666,0.8888888888888888
1041,0.5555555555555556,0.6666666666666666,0.8888888888888888
1042,0.5555555555555556,0.6666666666666666,0.8888888888888888
1043,0.5555555555555556,0.6666666666666666,0.8888888888888888
1044,0.5555555555555556,0.5555555555555556,0.8888888888888888
1045,0.5555555555555556,0.5555555555555556,0.8888888888888888
1046,0.5555555555555556,0.5555555555555556,0.8888888888888888
1047,0.5555555555555556,0.5555555555555556,0.8888888888888888
1048,0.5555555555555556,0.5555555555555556,0.8888888888888888
1049,0.5555555555555556,0.5555555555555556,0.8888888888888888
1050,0.5555555555555556,0.5555555555555556,0.8888888888888888
1051,0.5555555555555556,0.5555555555555556,0.8888888888888888
1052,0.5555555555555556,0.5555555555555556,0.8888888888888888
1053,0.5555555555555556,0.5555555555555556,0.8888888888888888
1054,0.5555555555555556,0.5555555555555556,0.8888888888888888
1055,0.5555555555555556,0.5555555555555556,0.8888888888888888
1056,0.5555555555555556,0.5555555555555556,0.8888888888888888
1057,0.5555555555555556,0.5555555555555556,0.8888888888888888
1058,0.5555555555555556,0.5555555555555556,0.8888888888888888
1059,0.5555555555555556,0.5555555555555556,0.8888888888888888
1060,0.5555555555555556,0.5555555555555556,0.8888888888888888
1061,0.5555555555555556,0.5555555555555556,0.8888888888888888
1062,0.5555555555555556,0.5555555555555556,0.8888888888888888
1063,0.5555555555555556,0.5555555555555556,0.8888888888888888
1064,0.5555555555555556,0.5555555555555556,0.8888888888888888
1065,0.5555555555555556,0.5555555555555556,0.8888888888888888
1066,0.5555555555555556,0.5555555555555556,0.8888888888888888
1067,0.5555555555555556,0.5555555555555556,0.8888888888888888
1068,0.5555555555555556,0.5555555555555556,0.8888888888888888
1069,0.5555555555555556,0.5555555555555556,0.8888888888888888
1070,0.5555555555555556,0.5555555555555556,0.8888888888888888
1071,0.5555555555555556,0.5555555555555556,0.8888888888888888
1072,0.5555555555555556,0.5555555555555556,0.8888888888888888
1073,0.5555555555555556,0.5555555555555556,0.8888888888888888
1074,0.5555555555555556,0.5555555555555556,0.8888888888888888
1075,0.5555555555555556,0.4444444444444444,0.8888888888888888
1076,0.5555555555555556,0.4444444444444444,0.8888888888888888
1077,0.5555555555555556,0.4444444444444444,0.8888888888888888
1078,0.5555555555555556,0.4444444444444444,0.8888888888888888
1079,0.5555555555555556,0.4444444444444444,0.8888888888888888
1080,0.5555555555555556,0.4444444444444444,0.8888888888888888
1081,0.5555555555555556,0.4444444444444444,0.8888888888888888
1082,0.5555555555555556,0.4444444444444444,0.8888888888888888
1083,0.5555555555555556,0.4444444444444444,0.8888888888888888
1084,0.5555555555555556,0.4444444444444444,0.8888888888888888
1085,0.5555555555555556,0.4444444444444444,0.8888888888888888
1086,0.5555555555555556,0.4444444444444444,0.8888888888888888
1087,0.5555555555555556,0.4444444444444444,0.8888888888888888
1088,0.5555555555555556,0.3333333333333333,0.8888888888888888
1089,0.5555555555555556,0.3333333333333333,0.8888888888888888
1090,0.5555555555555556,0.3333333333333333,0.8888888888888888
1091,0.5555555555555556,0.3333333333333333,0.8888888888888888
1092,0.5555555555555556,0.3333333333333333,0.8888888888888888
1093,0.5555555555555556,0.3333333333333333,0.8888888888888888
1094,0.5555555555555556,0.3333333333333333,0.8888888888888888
1095,0.5555555555555556,0.4444444444444444,0.8888888888888888
1096,0.5555555555555556,0.4444444444444444,0.8888888888888888
1097,0.5555555555555556,0.4444444444444444,0.8888888888888888
1098,0.5555555555555556,0.4444444444444444,0.8888888888888888
1099,0.5555555555555556,0.3333333333333333,0.8888888888888888
1100,0.5555555555555556,0.3333333333333333,0.8888888888888888
1101,0.5555555555555556,0.4444444444444444,0.8888888888888888
1102,0.5555555555555556,0.4444444444444444,0.8888888888888888
1103,0.5555555555555556,0.4444444444444444,0.8888888888888888
1104,0.5555555555555556,0.4444444444444444,0.8888888888888888
1105,0.5555555555555556,0.4444444444444444,0.8888888888888888
1106,0.5555555555555556,0.4444444444444444,0.8888888888888888
1107,0.5555555555555556,0.4444444444444444,0.8888888888888888
1108,0.5555555555555556,0.4444444444444444,0.8888888888888888
1109,0.5555555555555556,0.4444444444444444,0.8888888888888888
1110,0.5555555555555556,0.4444444444444444,0.8888888888888888
1111,0.5555555555555556,0.4444444444444444,0.8888888888888888
1112,0.5555555555555556,0.4444444444444444,0.8888888888888888
1113,0.5555555555555556,0.5555555555555556,0.8888888888888888
1114,0.5555555555555556,0.5555555555555556,0.8888888888888888
1115,0.5555555555555556,0.5555555555555556,0.8888888888888888
1116,0.5555555555555556,0.5555555555555556,0.8888888888888888
1117,0.5555555555555556,0.7777777777777778,0.8888888888888888
1118,0.5555555555555556,0.7777777777777778,0.8888888888888888
1119,0.5555555555555556,0.7777777777777778,0.8888888888888888
1120,0.5555555555555556,0.7777777777777778,0.8888888888888888
1121,0.5555555555555556,0.7777777777777778,0.8888888888888888
1122,0.5555555555555556,0.7777777777777778,0.8888888888888888
1123,0.5555555555555556,0.7777777777777778,0.8888888888888888
1124,0.5555555555555556,0.7777777777777778,0.8888888888888888
1125,0.5555555555555556,0.7777777777777778,0.8888888888888888
1126,0.5555555555555556,0.7777777777777778,0.8888888888888888
1127,0.5555555555555556,0.7777777777777778,0.8888888888888888
1128,0.5555555555555556,0.7777777777777778,0.8888888888888888
1129,0.5555555555555556,0.7777777777777778,0.8888888888888888
1130,0.5555555555555556,0.7777777777777778,0.8888888888888888
1131,0.5555555555555556,0.7777777777777778,0.8888888888888888
1132,0.5555555555555556,0.7777777777777778,0.8888888888888888
1133,0.5555555555555556,0.7777777777777778,0.8888888888888888
1134,0.5555555555555556,0.7777777777777778,0.8888888888888888
1135,0.5555555555555556,0.7777777777777778,0.8888888888888888
1136,0.5555555555555556,0.7777777777777778,0.8888888888888888
1137,0.5555555555555556,0.7777777777777778,0.8888888888888888
1138,0.5555555555555556,0.7777777777777778,0.8888888888888888
1139,0.5555555555555556,0.7777777777777778,0.8888888888888888
1140,0.5555555555555556,0.7777777777777778,0.8888888888888888
1141,0.5555555555555556,0.7777777777777778,0.8888888888888888
1142,0.5555555555555556,0.7777777777777778,0.8888888888888888
1143,0.5555555555555556,0.7777777777777778,0.8888888888888888
1144,0.5555555555555556,0.7777777777777778,0.8888888888888888
1145,0.5555555555555556,0.7777777777777778,0.8888888888888888
1146,0.5555555555555556,0.7777777777777778,0.8888888888888888
1147,0.5555555555555556,0.7777777777777778,0.8888888888888888
1148,0.5555555555555556,0.7777777777777778,0.8888888888888888
1149,0.5555555555555556,0.7777777777777778,0.8888888888888888
1150,0.5555555555555556,0.7777777777777778,0.8888888888888888
1151,0.5555555555555556,0.7777777777777778,0.8888888888888888
1152,0.5555555555555556,0.7777777777777778,0.8888888888888888
1153,0.5555555555555556,0.7777777777777778,0.8888888888888888
1154,0.5555555555555556,0.7777777777777778,0.8888888888888888
1155,0.5555555555555556,0.7777777777777778,0.8888888888888888
1156,0.5555555555555556,0.7777777777777778,0.8888888888888888
1157,0.5555555555555556,0.7777777777777778,0.8888888888888888
1158,0.5555555555555556,0.5555555555555556,0.8888888888888888
1159,0.5555555555555556,0.4444444444444444,0.8888888888888888
1160,0.5555555555555556,0.4444444444444444,0.8888888888888888
1161,0.5555555555555556,0.4444444444444444,0.8888888888888888
1162,0.5555555555555556,0.4444444444444444,0.8888888888888888
1163,0.5555555555555556,0.4444444444444444,0.8888888888888888
1164,0.5555555555555556,0.4444444444444444,0.8888888888888888
1165,0.5555555555555556,0.3333333333333333,0.8888888888888888
1166,0.5555555555555556,0.3333333333333333,0.8888888888888888
1167,0.5555555555555556,0.3333333333333333,0.8888888888888888
1168,0.5555555555555556,0.3333333333333333,0.8888888888888888
1169,0.5555555555555556,0.3333333333333333,0.8888888888888888
1170,0.5555555555555556,0.3333333333333333,0.8888888888888888
1171,0.5555555555555556,0.3333333333333333,0.8888888888888888
1172,0.5555555555555556,0.3333333333333333,0.8888888888888888
1173,0.5555555555555556,0.3333333333333333,0.8888888888888888
1174,0.5555555555555556,0.3333333333333333,0.8888888888888888
1175,0.5555555555555556,0.3333333333333333,0.8888888888888888
1176,0.5555555555555556,0.3333333333333333,0.8888888888888888
1177,0.5555555555555556,0.3333333333333333,0.8888888888888888
1178,0.5555555555555556,0.3333333333333333,0.8888888888888888
1179,0.5555555555555556,0.3333333333333333,0.8888888888888888
1180,0.5555555555555556,0.3333333333333333,0.8888888888888888
1181,0.5555555555555556,0.3333333333333333,0.8888888888888888
1182,0.5555555555555556,0.3333333333333333,0.8888888888888888
1183,0.5555555555555556,0.3333333333333333,0.8888888888888888
1184,0.5555555555555556,0.3333333333333333,0.8888888888888888
1185,0.5555555555555556,0.4444444444444444,0.8888888888888888
1186,0.5555555555555556,0.4444444444444444,0.8888888888888888
1187,0.5555555555555556,0.4444444444444444,0.8888888888888888
1188,0.5555555555555556,0.4444444444444444,0.8888888888888888
1189,0.5555555555555556,0.4444444444444444,0.8888888888888888
1190,0.5555555555555556,0.4444444444444444,0.8888888888888888
1191,0.5555555555555556,0.4444444444444444,0.8888888888888888
1192,0.5555555555555556,0.4444444444444444,0.8888888888888888
1193,0.5555555555555556,0.4444444444444444,0.8888888888888888
1194,0.5555555555555556,0.4444444444444444,0.8888888888888888
1195,0.5555555555555556,0.4444444444444444,0.8888888888888888
1196,0.5555555555555556,0.4444444444444444,0.8888888888888888
1197,0.5555555555555556,0.4444444444444444,0.8888888888888888
1198,0.5555555555555556,0.4444444444444444,0.8888888888888888
1199,0.5555555555555556,0.4444444444444444,0.8888888888888888
1200,0.5555555555555556,0.5555555555555556,0.8888888888888888
1201,0.5555555555555556,0.7777777777777778,0.8888888888888888
1202,0.5555555555555556,0.7777777777777778,0.8888888888888888
1203,0.5555555555555556,0.7777777777777778,0.8888888888888888
1204,0.5555555555555556,0.7777777777777778,0.8888888888888888
1205,0.5555555555555556,0.7777777777777778,0.8888888888888888
1206,0.5555555555555556,0.7777777777777778,0.8888888888888888
1207,0.5555555555555556,0.7777777777777778,0.8888888888888888
1208,0.5555555555555556,0.5555555555555556,0.8888888888888888
1209,0.5555555555555556,0.5555555555555556,0.8888888888888888
1210,0.5555555555555556,0.5555555555555556,0.8888888888888888
1211,0.5555555555555556,0.5555555555555556,0.8888888888888888
1212,0.5555555555555556,0.5555555555555556,0.8888888888888888
1213,0.5555555555555556,0.5555555555555556,0.8888888888888888
1214,0.5555555555555556,0.5555555555555556,0.8888888888888888
1215,0.5555555555555556,0.5555555555555556,0.8888888888888888
1216,0.5555555555555556,0.5555555555555556,0.8888888888888888
1217,0.5555555555555556,0.5555555555555556,0.8888888888888888
1218,0.5555555555555556,0.5555555555555556,0.8888888888888888
1219,0.5555555555555556,0.5555555555555556,0.8888888888888888
1220,0.5555555555555556,0.5555555555555556,0.8888888888888888
1221,0.5555555555555556,0.5555555555555556,0.8888888888888888
1222,0.5555555555555556,0.5555555555555556,0.8888888888888888
1223,0.5555555555555556,0.5555555555555556,0.8888888888888888
1224,0.5555555555555556,0.5555555555555556,0.8888888888888888
1225,0.5555555555555556,0.5555555555555556,0.8888888888888888
1226,0.5555555555555556,0.5555555555555556,0.8888888888888888
1227,0.5555555555555556,0.5555555555555556,0.8888888888888888
1228,0.5555555555555556,0.5555555555555556,0.8888888888888888
1229,0.5555555555555556,0.7777777777777778,0.8888888888888888
1230,0.5555555555555556,0.7777777777777778,0.8888888888888888
1231,0.5555555555555556,0.5555555555555556,0.8888888888888888
1232,0.5555555555555556,0.5555555555555556,0.8888888888888888
1233,0.5555555555555556,0.5555555555555556,0.8888888888888888
1234,0.5555555555555556,0.5555555555555556,0.8888888888888888
1235,0.5555555555555556,0.5555555555555556,0.8888888888888888
1236,0.5555555555555556,0.5555555555555556,0.8888888888888888
1237,0.5555555555555556,0.5555555555555556,0.8888888888888888
1238,0.5555555555555556,0.5555555555555556,0.8888888888888888
1239,0.5555555555555556,0.5555555555555556,0.8888888888888888
1240,0.5555555555555556,0.5555555555555556,0.8888888888888888
1241,0.5555555555555556,0.5555555555555556,0.8888888888888888
1242,0.5555555555555556,0.5555555555555556,0.8888888888888888
1243,0.5555555555555556,0.5555555555555556,0.8888888888888888
1244,0.5555555555555556,0.5555555555555556,0.8888888888888888
1245,0.5555555555555556,0.5555555555555556,0.8888888888888888
1246,0.5555555555555556,0.5555555555555556,0.8888888888888888
1247,0.5555555555555556,0.5555555555555556,0.8888888888888888
1248,0.5555555555555556,0.5555555555555556,0.8888888888888888
1249,0.5555555555555556,0.5555555555555556,0.8888888888888888
1250,0.5555555555555556,0.5555555555555556,0.8888888888888888
1251,0.5555555555555556,0.7777777777777778,0.8888888888888888
1252,0.5555555555555556,0.7777777777777778,0.8888888888888888
1253,0.5555555555555556,0.7777777777777778,0.8888888888888888
1254,0.5555555555555556,0.7777777777777778,0.8888888888888888
1255,0.5555555555555556,0.7777777777777778,0.8888888888888888
1256,0.5555555555555556,0.7777777777777778,0.8888888888888888
1257,0.5555555555555556,0.7777777777777778,0.8888888888888888
1258,0.5555555555555556,0.7777777777777778,0.8888888888888888
1259,0.5555555555555556,0.7777777777777778,0.8888888888888888
1260,0.5555555555555556,0.7777777777777778,0.8888888888888888
1261,0.5555555555555556,0.7777777777777778,0.8888888888888888
1262,0.5555555555555556,0.7777777777777778,0.8888888888888888
1263,0.5555555555555556,0.7777777777777778,0.8888888888888888
1264,0.5555555555555556,0.5555555555555556,0.8888888888888888
1265,0.5555555555555556,0.5555555555555556,0.8888888888888888
1266,0.5555555555555556,0.5555555555555556,0.8888888888888888
1267,0.5555555555555556,0.5555555555555556,0.8888888888888888
1268,0.5555555555555556,0.5555555555555556,0.8888888888888888
1269,0.5555555555555556,0.5555555555555556,0.8888888888888888
1270,0.5555555555555556,0.5555555555555556,0.8888888888888888
1271,0.5555555555555556,0.5555555555555556,0.8888888888888888
1272,0.5555555555555556,0.5555555555555556,0.8888888888888888
1273,0.5555555555555556,0.5555555555555556,0.8888888888888888
1274,0.5555555555555556,0.5555555555555556,0.8888888888888888
1275,0.5555555555555556,0.5555555555555556,0.8888888888888888
1276,0.5555555555555556,0.5555555555555556,0.8888888888888888
1277,0.5555555555555556,0.5555555555555556,0.8888888888888888
1278,0.5555555555555556,0.5555555555555556,0.8888888888888888
1279,0.5555555555555556,0.5555555555555556,0.8888888888888888
1280,0.5555555555555556,0.5555555555555556,0.8888888888888888
1281,0.5555555555555556,0.5555555555555556,0.8888888888888888
1282,0.5555555555555556,0.5555555555555556,0.8888888888888888
1283,0.5555555555555556,0.5555555555555556,0.8888888888888888
1284,0.5555555555555556,0.5555555555555556,0.8888888888888888
1285,0.5555555555555556,0.5555555555555556,0.8888888888888888
1286,0.5555555555555556,0.7777777777777778,0.8888888888888888
1287,0.5555555555555556,0.7777777777777778,0.8888888888888888
1288,0.5555555555555556,0.7777777777777778,0.8888888888888888
1289,0.5555555555555556,0.7777777777777778,0.8888888888888888
1290,0.5555555555555556,0.7777777777777778,0.8888888888888888
1291,0.5555555555555556,0.7777777777777778,0.8888888888888888
1292,0.5555555555555556,0.7777777777777778,0.8888888888888888
1293,0.5555555555555556,0.7777777777777778,0.8888888888888888
1294,0.5555555555555556,0.7777777777777778,0.8888888888888888
1295,0.5555555555555556,0.7777777777777778,0.8888888888888888
1296,0.5555555555555556,0.7777777777777778,0.8888888888888888
1297,0.5555555555555556,0.7777777777777778,0.8888888888888888
1298,0.5555555555555556,0.7777777777777778,0.8888888888888888
1299,0.5555555555555556,0.7777777777777778,0.8888888888888888
1300,0.5555555555555556,0.7777777777777778,0.8888888888888888
1301,0.5555555555555556,0.7777777777777778,0.8888888888888888
1302,0.5555555555555556,0.7777777777777778,0.8888888888888888
1303,0.5555555555555556,0.8888888888888888,0.8888888888888888
1304,0.5555555555555556,0.8888888888888888,0.8888888888888888
1305,0.5555555555555556,0.8888888888888888,0.8888888888888888
1306,0.5555555555555556,0.8888888888888888,0.8888888888888888
1307,0.5555555555555556,0.8888888888888888,0.8888888888888888
1308,0.5555555555555556,0.8888888888888888,0.8888888888888888
1309,0.5555555555555556,0.8888888888888888,0.8888888888888888
1310,0.5555555555555556,0.8888888888888888,0.8888888888888888
1311,0.5555555555555556,0.8888888888888888,0.8888888888888888
1312,0.5555555555555556,0.8888888888888888,0.8888888888888888
1313,0.5555555555555556,0.7777777777777778,0.8888888888888888
1314,0.5555555555555556,0.7777777777777778,0.8888888888888888
1315,0.5555555555555556,0.7777777777777778,0.8888888888888888
1316,0.5555555555555556,0.5555555555555556,0.8888888888888888
1317,0.5555555555555556,0.5555555555555556,0.8888888888888888
1318,0.5555555555555556,0.5555555555555556,0.8888888888888888
1319,0.5555555555555556,0.5555555555555556,0.8888888888888888
1320,0.5555555555555556,0.5555555555555556,0.8888888888888888
1321,0.5555555555555556,0.5555555555555556,0.8888888888888888
1322,0.5555555555555556,0.4444444444444444,0.8888888888888888
1323,0.5555555555555556,0.5555555555555556,0.8888888888888888
1324,0.5555555555555556,0.5555555555555556,0.8888888888888888
1325,0.5555555555555556,0.5555555555555556,0.8888888888888888
1326,0.5555555555555556,0.5555555555555556,0.8888888888888888
1327,0.5555555555555556,0.5555555555555556,0.8888888888888888
1328,0.5555555555555556,0.5555555555555556,0.8888888888888888
1329,0.5555555555555556,0.5555555555555556,0.8888888888888888
1330,0.5555555555555556,0.5555555555555556,0.8888888888888888
1331,0.5555555555555556,0.5555555555555556,0.8888888888888888
1332,0.5555555555555556,0.5555555555555556,0.8888888888888888
1333,0.5555555555555556,0.5555555555555556,0.8888888888888888
1334,0.5555555555555556,0.5555555555555556,0.8888888888888888
1335,0.5555555555555556,0.5555555555555556,0.8888888888888888
1336,0.5555555555555556,0.5555555555555556,0.8888888888888888
1337,0.5555555555555556,0.5555555555555556,0.8888888888888888
1338,0.5555555555555556,0.5555555555555556,0.8888888888888888
1339,0.5555555555555556,0.5555555555555556,0.8888888888888888
1340,0.5555555555555556,0.5555555555555556,0.8888888888888888
1341,0.5555555555555556,0.5555555555555556,0.8888888888888888
1342,0.5555555555555556,0.5555555555555556,0.8888888888888888
1343,0.5555555555555556,0.5555555555555556,0.8888888888888888
1344,0.5555555555555556,0.5555555555555556,0.8888888888888888
1345,0.5555555555555556,0.5555555555555556,0.8888888888888888
1346,0.5555555555555556,0.5555555555555556,0.8888888888888888
1347,0.5555555555555556,0.5555555555555556,0.8888888888888888
1348,0.5555555555555556,0.7777777777777778,0.8888888888888888
1349,0.5555555555555556,0.7777777777777778,0.8888888888888888
1350,0.5555555555555556,0.7777777777777778,0.8888888888888888
1351,0.5555555555555556,0.7777777777777778,0.8888888888888888
1352,0.5555555555555556,0.7777777777777778,0.8888888888888888
1353,0.5555555555555556,0.7777777777777778,0.8888888888888888
1354,0.5555555555555556,0.7777777777777778,0.8888888888888888
1355,0.5555555555555556,0.7777777777777778,0.8888888888888888
1356,0.5555555555555556,0.7777777777777778,0.8888888888888888
1357,0.5555555555555556,0.7777777777777778,0.8888888888888888
1358,0.5555555555555556,0.7777777777777778,0.8888888888888888
1359,0.5555555555555556,0.7777777777777778,0.8888888888888888
1360,0.5555555555555556,0.7777777777777778,0.8888888888888888
1361,0.5555555555555556,0.7777777777777778,0.8888888888888888
1362,0.5555555555555556,0.5555555555555556,0.8888888888888888
1363,0.5555555555555556,0.5555555555555556,0.8888888888888888
1364,0.5555555555555556,0.5555555555555556,0.8888888888888888
1365,0.5555555555555556,0.5555555555555556,0.8888888888888888
1366,0.5555555555555556,0.5555555555555556,0.8888888888888888
1367,0.5555555555555556,0.5555555555555556,0.8888888888888888
1368,0.5555555555555556,0.5555555555555556,0.8888888888888888
1369,0.5555555555555556,0.5555555555555556,0.8888888888888888
1370,0.5555555555555556,0.5555555555555556,0.8888888888888888
1371,0.5555555555555556,0.5555555555555556,0.8888888888888888
1372,0.5555555555555556,0.5555555555555556,0.8888888888888888
1373,0.5555555555555556,0.5555555555555556,0.8888888888888888
1374,0.5555555555555556,0.5555555555555556,0.8888888888888888
1375,0.5555555555555556,0.5555555555555556,0.8888888888888888
1376,0.5555555555555556,0.5555555555555556,0.8888888888888888
1377,0.5555555555555556,0.5555555555555556,0.8888888888888888
1378,0.5555555555555556,0.5555555555555556,0.8888888888888888
1379,0.5555555555555556,0.5555555555555556,0.8888888888888888
1380,0.5555555555555556,0.5555555555555556,0.8888888888888888
1381,0.5555555555555556,0.5555555555555556,0.8888888888888888
1382,0.5555555555555556,0.5555555555555556,0.8888888888888888
1383,0.5555555555555556,0.5555555555555556,0.8888888888888888
1384,0.5555555555555556,0.5555555555555556,0.8888888888888888
1385,0.5555555555555556,0.5555555555555556,0.8888888888888888
1386,0.5555555555555556,0.5555555555555556,0.8888888888888888
1387,0.5555555555555556,0.5555555555555556,0.8888888888888888
1388,0.5555555555555556,0.5555555555555556,0.8888888888888888
1389,0.5555555555555556,0.5555555555555556,0.8888888888888888
1390,0.5555555555555556,0.5555555555555556,0.8888888888888888
1391,0.5555555555555556,0.5555555555555556,0.8888888888888888
1392,0.5555555555555556,0.5555555555555556,0.8888888888888888
1393,0.5555555555555556,0.5555555555555556,0.8888888888888888
1394,0.5555555555555556,0.7777777777777778,0.8888888888888888
1395,0.5555555555555556,0.7777777777777778,0.8888888888888888
1396,0.5555555555555556,0.7777777777777778,0.8888888888888888
1397,0.5555555555555556,0.7777777777777778,0.8888888888888888
1398,0.5555555555555556,0.7777777777777778,0.8888888888888888
1399,0.5555555555555556,0.7777777777777778,0.8888888888888888
1400,0.5555555555555556,0.7777777777777778,0.8888888888888888
1401,0.5555555555555556,0.7777777777777778,0.8888888888888888
1402,0.5555555555555556,0.7777777777777778,0.8888888888888888
1403,0.5555555555555556,0.7777777777777778,0.8888888888888888
1404,0.5555555555555556,0.5555555555555556,0.8888888888888888
1405,0.5555555555555556,0.5555555555555556,0.8888888888888888
1406,0.5555555555555556,0.5555555555555556,0.8888888888888888
1407,0.5555555555555556,0.5555555555555556,0.8888888888888888
1408,0.5555555555555556,0.5555555555555556,0.8888888888888888
1409,0.5555555555555556,0.5555555555555556,0.8888888888888888
1410,0.5555555555555556,0.5555555555555556,0.8888888888888888
1411,0.5555555555555556,0.5555555555555556,0.8888888888888888
1412,0.5555555555555556,0.5555555555555556,0.8888888888888888
1413,0.5555555555555556,0.5555555555555556,0.8888888888888888
1414,0.5555555555555556,0.5555555555555556,0.8888888888888888
1415,0.5555555555555556,0.5555555555555556,0.8888888888888888
1416,0.5555555555555556,0.5555555555555556,0.8888888888888888
1417,0.5555555555555556,0.5555555555555556,0.8888888888888888
1418,0.5555555555555556,0.5555555555555556,0.8888888888888888
1419,0.5555555555555556,0.5555555555555556,0.8888888888888888
1420,0.5555555555555556,0.5555555555555556,0.8888888888888888
1421,0.5555555555555556,0.5555555555555556,0.8888888888888888
1422,0.5555555555555556,0.5555555555555556,0.8888888888888888
1423,0.5555555555555556,0.5555555555555556,0.8888888888888888
1424,0.5555555555555556,0.4444444444444444,0.8888888888888888
1425,0.5555555555555556,0.5555555555555556,0.8888888888888888
1426,0.5555555555555556,0.5555555555555556,0.8888888888888888
1427,0.5555555555555556,0.5555555555555556,0.8888888888888888
1428,0.5555555555555556,0.5555555555555556,0.8888888888888888
1429,0.5555555555555556,0.5555555555555556,0.8888888888888888
1430,0.5555555555555556,0.5555555555555556,0.8888888888888888
1431,0.5555555555555556,0.5555555555555556,0.8888888888888888
1432,0.5555555555555556,0.5555555555555556,0.8888888888888888
1433,0.5555555555555556,0.5555555555555556,0.8888888888888888
1434,0.5555555555555556,0.5555555555555556,0.8888888888888888
1435,0.5555555555555556,0.5555555555555556,0.8888888888888888
1436,0.5555555555555556,0.5555555555555556,0.8888888888888888
1437,0.5555555555555556,0.5555555555555556,0.8888888888888888
1438,0.5555555555555556,0.5555555555555556,0.8888888888888888
1439,0.5555555555555556,0.5555555555555556,0.8888888888888888
1440,0.5555555555555556,0.5555555555555556,0.8888888888888888
1441,0.5555555555555556,0.5555555555555556,0.8888888888888888
1442,0.5555555555555556,0.5555555555555556,0.8888888888888888
1443,0.5555555555555556,0.5555555555555556,0.8888888888888888
1444,0.5555555555555556,0.5555555555555556,0.8888888888888888
1445,0.5555555555555556,0.5555555555555556,0.8888888888888888
1446,0.5555555555555556,0.5555555555555556,0.8888888888888888
1447,0.5555555555555556,0.5555555555555556,0.8888888888888888
1448,0.5555555555555556,0.5555555555555556,0.8888888888888888
1449,0.5555555555555556,0.5555555555555556,0.8888888888888888
1450,0.5555555555555556,0.5555555555555556,0.8888888888888888
1451,0.5555555555555556,0.5555555555555556,0.8888888888888888
1452,0.5555555555555556,0.5555555555555556,0.8888888888888888
1453,0.5555555555555556,0.5555555555555556,0.8888888888888888
1454,0.5555555555555556,0.5555555555555556,0.8888888888888888
1455,0.5555555555555556,0.5555555555555556,0.8888888888888888
1456,0.5555555555555556,0.5555555555555556,0.8888888888888888
1457,0.5555555555555556,0.5555555555555556,0.8888888888888888
1458,0.5555555555555556,0.5555555555555556,0.8888888888888888
1459,0.5555555555555556,0.5555555555555556,0.8888888888888888
1460,0.5555555555555556,0.5555555555555556,0.8888888888888888
1461,0.5555555555555556,0.5555555555555556,0.8888888888888888
1462,0.5555555555555556,0.5555555555555556,0.8888888888888888
1463,0.5555555555555556,0.5555555555555556,0.8888888888888888
1464,0.5555555555555556,0.5555555555555556,0.8888888888888888
1465,0.5555555555555556,0.5555555555555556,0.8888888888888888
1466,0.5555555555555556,0.5555555555555556,0.8888888888888888
1467,0.5555555555555556,0.5555555555555556,0.8888888888888888
1468,0.5555555555555556,0.5555555555555556,0.8888888888888888
1469,0.5555555555555556,0.5555555555555556,0.8888888888888888
1470,0.5555555555555556,0.5555555555555556,0.8888888888888888
1471,0.5555555555555556,0.5555555555555556,0.8888888888888888
1472,0.5555555555555556,0.5555555555555556,0.8888888888888888
1473,0.5555555555555556,0.5555555555555556,0.8888888888888888
1474,0.5555555555555556,0.5555555555555556,0.8888888888888888
1475,0.5555555555555556,0.5555555555555556,0.8888888888888888
1476,0.5555555555555556,0.5555555555555556,0.8888888888888888
1477,0.5555555555555556,0.7777777777777778,0.8888888888888888
1478,0.5555555555555556,0.7777777777777778,0.8888888888888888
1479,0.5555555555555556,0.7777777777777778,0.8888888888888888
1480,0.5555555555555556,0.7777777777777778,0.8888888888888888
1481,0.5555555555555556,0.7777777777777778,0.8888888888888888
1482,0.5555555555555556,0.7777777777777778,0.8888888888888888
1483,0.5555555555555556,0.7777777777777778,0.8888888888888888
1484,0.5555555555555556,0.7777777777777778,0.8888888888888888
1485,0.5555555555555556,0.7777777777777778,0.8888888888888888
1486,0.5555555555555556,0.7777777777777778,0.8888888888888888
1487,0.5555555555555556,0.5555555555555556,0.8888888888888888
1488,0.5555555555555556,0.5555555555555556,0.8888888888888888
1489,0.5555555555555556,0.5555555555555556,0.8888888888888888
1490,0.5555555555555556,0.5555555555555556,0.8888888888888888
1491,0.5555555555555556,0.5555555555555556,0.8888888888888888
1492,0.5555555555555556,0.5555555555555556,0.8888888888888888
1493,0.5555555555555556,0.5555555555555556,0.8888888888888888
1494,0.5555555555555556,0.5555555555555556,0.8888888888888888
1495,0.5555555555555556,0.5555555555555556,0.8888888888888888
1496,0.5555555555555556,0.5555555555555556,0.8888888888888888
1497,0.5555555555555556,0.5555555555555556,0.8888888888888888
1498,0.5555555555555556,0.5555555555555556,0.8888888888888888
1499,0.5555555555555556,0.5555555555555556,0.8888888888888888
1500,0.5555555555555556,0.5555555555555556,0.8888888888888888
1501,0.5555555555555556,0.5555555555555556,0.8888888888888888
1502,0.5555555555555556,0.5555555555555556,0.8888888888888888
1503,0.5555555555555556,0.5555555555555556,0.8888888888888888
1504,0.5555555555555556,0.5555555555555556,0.8888888888888888
1505,0.5555555555555556,0.5555555555555556,0.8888888888888888
1506,0.5555555555555556,0.5555555555555556,0.8888888888888888
1507,0.5555555555555556,0.5555555555555556,0.8888888888888888
1508,0.5555555555555556,0.5555555555555556,0.8888888888888888
1509,0.5555555555555556,0.5555555555555556,0.8888888888888888
1510,0.5555555555555556,0.5555555555555556,0.8888888888888888
1511,0.5555555555555556,0.5555555555555556,0.8888888888888888
1512,0.5555555555555556,0.5555555555555556,0.8888888888888888
1513,0.5555555555555556,0.5555555555555556,0.8888888888888888
1514,0.5555555555555556,0.5555555555555556,0.8888888888888888
1515,0.5555555555555556,0.5555555555555556,0.8888888888888888
1516,0.5555555555555556,0.5555555555555556,0.8888888888888888
1517,0.5555555555555556,0.5555555555555556,0.8888888888888888
1518,0.5555555555555556,0.5555555555555556,0.8888888888888888
1519,0.5555555555555556,0.5555555555555556,0.8888888888888888
1520,0.5555555555555556,0.5555555555555556,0.8888888888888888
1521,0.5555555555555556,0.5555555555555556,0.8888888888888888
1522,0.5555555555555556,0.5555555555555556,0.8888888888888888
1523,0.5555555555555556,0.5555555555555556,0.8888888888888888
1524,0.5555555555555556,0.5555555555555556,0.8888888888888888
1525,0.5555555555555556,0.5555555555555556,0.8888888888888888
1526,0.5555555555555556,0.5555555555555556,0.8888888888888888
1527,0.5555555555555556,0.5555555555555556,0.8888888888888888
1528,0.5555555555555556,0.5555555555555556,0.8888888888888888
1529,0.5555555555555556,0.5555555555555556,0.8888888888888888
1530,0.5555555555555556,0.5555555555555556,0.8888888888888888
1531,0.5555555555555556,0.5555555555555556,0.8888888888888888
1532,0.5555555555555556,0.5555555555555556,0.8888888888888888
1533,0.5555555555555556,0.5555555555555556,0.8888888888888888
1534,0.5555555555555556,0.5555555555555556,0.8888888888888888
1535,0.5555555555555556,0.5555555555555556,0.8888888888888888
1536,0.5555555555555556,0.5555555555555556,0.8888888888888888
1537,0.5555555555555556,0.5555555555555556,0.8888888888888888
1538,0.5555555555555556,0.5555555555555556,0.8888888888888888
1539,0.5555555555555556,0.5555555555555556,0.8888888888888888
1540,0.5555555555555556,0.5555555555555556,0.8888888888888888
1541,0.5555555555555556,0.5555555555555556,0.8888888888888888
1542,0.5555555555555556,0.5555555555555556,0.8888888888888888
1543,0.5555555555555556,0.5555555555555556,0.8888888888888888
1544,0.5555555555555556,0.5555555555555556,0.8888888888888888
1545,0.5555555555555556,0.5555555555555556,0.8888888888888888
1546,0.5555555555555556,0.5555555555555556,0.8888888888888888
1547,0.5555555555555556,0.5555555555555556,0.8888888888888888
1548,0.5555555555555556,0.5555555555555556,0.8888888888888888
1549,0.5555555555555556,0.5555555555555556,0.8888888888888888
1550,0.5555555555555556,0.5555555555555556,0.8888888888888888
1551,0.5555555555555556,0.5555555555555556,0.8888888888888888
1552,0.5555555555555556,0.5555555555555556,0.8888888888888888
1553,0.5555555555555556,0.5555555555555556,0.8888888888888888
1554,0.5555555555555556,0.5555555555555556,0.8888888888888888
1555,0.5555555555555556,0.5555555555555556,0.8888888888888888
1556,0.5555555555555556,0.5555555555555556,0.8888888888888888
1557,0.5555555555555556,0.5555555555555556,0.8888888888888888
1558,0.5555555555555556,0.5555555555555556,0.8888888888888888
1559,0.5555555555555556,0.5555555555555556,0.8888888888888888
1560,0.5555555555555556,0.5555555555555556,0.8888888888888888
1561,0.5555555555555556,0.5555555555555556,0.8888888888888888
1562,0.5555555555555556,0.5555555555555556,0.8888888888888888
1563,0.5555555555555556,0.5555555555555556,0.8888888888888888
1564,0.5555555555555556,0.5555555555555556,0.8888888888888888
1565,0.5555555555555556,0.5555555555555556,0.8888888888888888
1566,0.5555555555555556,0.5555555555555556,0.8888888888888888
1567,0.5555555555555556,0.5555555555555556,0.8888888888888888
1568,0.5555555555555556,0.5555555555555556,0.8888888888888888
1569,0.5555555555555556,0.5555555555555556,0.8888888888888888
1570,0.5555555555555556,0.5555555555555556,0.8888888888888888
1571,0.5555555555555556,0.5555555555555556,0.8888888888888888
1572,0.5555555555555556,0.5555555555555556,0.8888888888888888
1573,0.5555555555555556,0.5555555555555556,0.8888888888888888
1574,0.5555555555555556,0.5555555555555556,0.8888888888888888
1575,0.5555555555555556,0.5555555555555556,0.8888888888888888
1576,0.5555555555555556,0.5555555555555556,0.8888888888888888
1577,0.5555555555555556,0.5555555555555556,0.8888888888888888
1578,0.5555555555555556,0.5555555555555556,0.8888888888888888
1579,0.5555555555555556,0.5555555555555556,0.8888888888888888
1580,0.5555555555555556,0.5555555555555556,0.8888888888888888
1581,0.5555555555555556,0.5555555555555556,0.8888888888888888
1582,0.5555555555555556,0.5555555555555556,0.8888888888888888
1583,0.5555555555555556,0.5555555555555556,0.8888888888888888
1584,0.5555555555555556,0.5555555555555556,0.8888888888888888
1585,0.5555555555555556,0.5555555555555556,0.8888888888888888
1586,0.5555555555555556,0.5555555555555556,0.8888888888888888
1587,0.5555555555555556,0.5555555555555556,0.8888888888888888
1588,0.5555555555555556,0.5555555555555556,0.8888888888888888
1589,0.5555555555555556,0.5555555555555556,0.8888888888888888
1590,0.5555555555555556,0.5555555555555556,0.8888888888888888
1591,0.5555555555555556,0.5555555555555556,0.8888888888888888
1592,0.5555555555555556,0.5555555555555556,0.8888888888888888
1593,0.5555555555555556,0.5555555555555556,0.8888888888888888
1594,0.5555555555555556,0.5555555555555556,0.8888888888888888
1595,0.5555555555555556,0.5555555555555556,0.8888888888888888
1596,0.5555555555555556,0.5555555555555556,0.8888888888888888
1597,0.5555555555555556,0.5555555555555556,0.8888888888888888
1598,0.5555555555555556,0.5555555555555556,0.8888888888888888
1599,0.5555555555555556,0.5555555555555556,0.8888888888888888
1600,0.5555555555555556,0.5555555555555556,0.8888888888888888
1601,0.5555555555555556,0.5555555555555556,0.8888888888888888
1602,0.5555555555555556,0.5555555555555556,0.8888888888888888
1603,0.5555555555555556,0.5555555555555556,0.8888888888888888
1604,0.5555555555555556,0.5555555555555556,0.8888888888888888
1605,0.5555555555555556,0.4444444444444444,0.8888888888888888
1606,0.5555555555555556,0.4444444444444444,0.8888888888888888
1607,0.5555555555555556,0.4444444444444444,0.8888888888888888
1608,0.5555555555555556,0.4444444444444444,0.8888888888888888
1609,0.5555555555555556,0.4444444444444444,0.8888888888888888
1610,0.5555555555555556,0.4444444444444444,0.8888888888888888
1611,0.5555555555555556,0.4444444444444444,0.8888888888888888
1612,0.5555555555555556,0.4444444444444444,0.8888888888888888
1613,0.5555555555555556,0.4444444444444444,0.8888888888888888
1614,0.5555555555555556,0.4444444444444444,0.8888888888888888
1615,0.5555555555555556,0.4444444444444444,0.8888888888888888
1616,0.5555555555555556,0.4444444444444444,0.8888888888888888
1617,0.5555555555555556,0.4444444444444444,0.8888888888888888
1618,0.5555555555555556,0.4444444444444444,0.8888888888888888
1619,0.5555555555555556,0.4444444444444444,0.8888888888888888
1620,0.5555555555555556,0.4444444444444444,0.8888888888888888
1621,0.5555555555555556,0.4444444444444444,0.8888888888888888
1622,0.5555555555555556,0.4444444444444444,0.8888888888888888
1623,0.5555555555555556,0.4444444444444444,0.8888888888888888
1624,0.5555555555555556,0.4444444444444444,0.8888888888888888
1625,0.5555555555555556,0.4444444444444444,0.8888888888888888
1626,0.5555555555555556,0.4444444444444444,0.8888888888888888
1627,0.5555555555555556,0.5555555555555556,0.8888888888888888
1628,0.5555555555555556,0.5555555555555556,0.8888888888888888
1629,0.5555555555555556,0.5555555555555556,0.8888888888888888
1630,0.5555555555555556,0.5555555555555556,0.8888888888888888
1631,0.5555555555555556,0.5555555555555556,0.8888888888888888
1632,0.5555555555555556,0.5555555555555556,0.8888888888888888
1633,0.5555555555555556,0.5555555555555556,0.8888888888888888
1634,0.5555555555555556,0.5555555555555556,0.8888888888888888
1635,0.5555555555555556,0.5555555555555556,0.8888888888888888
1636,0.5555555555555556,0.5555555555555556,0.8888888888888888
1637,0.5555555555555556,0.5555555555555556,0.8888888888888888
1638,0.5555555555555556,0.5555555555555556,0.8888888888888888
1639,0.5555555555555556,0.5555555555555556,0.8888888888888888
1640,0.5555555555555556,0.5555555555555556,0.8888888888888888
1641,0.5555555555555556,0.5555555555555556,0.8888888888888888
1642,0.5555555555555556,0.5555555555555556,0.8888888888888888
1643,0.5555555555555556,0.5555555555555556,0.8888888888888888
1644,0.5555555555555556,0.5555555555555556,0.8888888888888888
1645,0.5555555555555556,0.5555555555555556,0.8888888888888888
1646,0.5555555555555556,0.5555555555555556,0.8888888888888888
1647,0.5555555555555556,0.5555555555555556,0.8888888888888888
1648,0.5555555555555556,0.5555555555555556,0.8888888888888888
1649,0.5555555555555556,0.5555555555555556,0.8888888888888888
1650,0.5555555555555556,0.7777777777777778,0.8888888888888888
1651,0.5555555555555556,0.7777777777777778,0.8888888888888888
1652,0.5555555555555556,0.7777777777777778,0.8888888888888888
1653,0.5555555555555556,0.7777777777777778,0.8888888888888888
1654,0.5555555555555556,0.8888888888888888,0.8888888888888888
1655,0.5555555555555556,0.8888888888888888,0.8888888888888888
1656,0.5555555555555556,0.8888888888888888,0.8888888888888888
1657,0.5555555555555556,0.8888888888888888,0.8888888888888888
1658,0.5555555555555556,0.8888888888888888,0.8888888888888888
1659,0.5555555555555556,0.7777777777777778,0.8888888888888888
1660,0.5555555555555556,0.7777777777777778,0.8888888888888888
1661,0.5555555555555556,0.7777777777777778,0.8888888888888888
1662,0.5555555555555556,0.5555555555555556,0.8888888888888888
1663,0.5555555555555556,0.5555555555555556,0.8888888888888888
1664,0.5555555555555556,0.5555555555555556,0.8888888888888888
1665,0.5555555555555556,0.5555555555555556,0.8888888888888888
1666,0.5555555555555556,0.5555555555555556,0.8888888888888888
1667,0.5555555555555556,0.5555555555555556,0.8888888888888888
1668,0.5555555555555556,0.5555555555555556,0.8888888888888888
1669,0.5555555555555556,0.5555555555555556,0.8888888888888888
1670,0.5555555555555556,0.5555555555555556,0.8888888888888888
1671,0.5555555555555556,0.5555555555555556,0.8888888888888888
1672,0.5555555555555556,0.5555555555555556,0.8888888888888888
1673,0.5555555555555556,0.5555555555555556,0.8888888888888888
1674,0.5555555555555556,0.5555555555555556,0.8888888888888888
1675,0.5555555555555556,0.5555555555555556,0.8888888888888888
1676,0.5555555555555556,0.5555555555555556,0.8888888888888888
1677,0.5555555555555556,0.5555555555555556,0.8888888888888888
1678,0.5555555555555556,0.5555555555555556,0.8888888888888888
1679,0.5555555555555556,0.5555555555555556,0.8888888888888888
1680,0.5555555555555556,0.5555555555555556,0.8888888888888888
1681,0.5555555555555556,0.5555555555555556,0.8888888888888888
1682,0.5555555555555556,0.5555555555555556,0.8888888888888888
1683,0.5555555555555556,0.5555555555555556,0.8888888888888888
1684,0.5555555555555556,0.5555555555555556,0.8888888888888888
1685,0.5555555555555556,0.5555555555555556,0.8888888888888888
1686,0.5555555555555556,0.5555555555555556,0.8888888888888888
1687,0.5555555555555556,0.5555555555555556,0.8888888888888888
1688,0.5555555555555556,0.5555555555555556,0.8888888888888888
1689,0.5555555555555556,0.5555555555555556,0.8888888888888888
1690,0.5555555555555556,0.5555555555555556,0.8888888888888888
1691,0.5555555555555556,0.5555555555555556,0.8888888888888888
1692,0.5555555555555556,0.5555555555555556,0.8888888888888888
1693,0.5555555555555556,0.5555555555555556,0.8888888888888888
1694,0.5555555555555556,0.5555555555555556,0.8888888888888888
1695,0.5555555555555556,0.5555555555555556,0.8888888888888888
1696,0.6666666666666666,0.5555555555555556,0.8888888888888888
1697,0.6666666666666666,0.5555555555555556,0.8888888888888888
1698,0.6666666666666666,0.5555555555555556,0.8888888888888888
1699,0.6666666666666666,0.5555555555555556,0.8888888888888888
1700,0.6666666666666666,0.5555555555555556,0.8888888888888888
1701,0.6666666666666666,0.5555555555555556,0.8888888888888888
1702,0.6666666666666666,0.5555555555555556,0.8888888888888888
1703,0.6666666666666666,0.5555555555555556,0.8888888888888888
1704,0.6666666666666666,0.5555555555555556,0.8888888888888888
1705,0.6666666666666666,0.5555555555555556,0.8888888888888888
1706,0.6666666666666666,0.5555555555555556,0.8888888888888888
1707,0.6666666666666666,0.5555555555555556,0.8888888888888888
1708,0.6666666666666666,0.5555555555555556,0.8888888888888888
1709,0.6666666666666666,0.5555555555555556,0.8888888888888888
1710,0.6666666666666666,0.5555555555555556,0.8888888888888888
1711,0.6666666666666666,0.5555555555555556,0.8888888888888888
1712,0.6666666666666666,0.5555555555555556,0.8888888888888888
1713,0.6666666666666666,0.5555555555555556,0.8888888888888888
1714,0.6666666666666666,0.5555555555555556,0.8888888888888888
1715,0.6666666666666666,0.5555555555555556,0.8888888888888888
1716,0.6666666666666666,0.5555555555555556,0.8888888888888888
1717,0.6666666666666666,0.5555555555555556,0.8888888888888888
1718,0.6666666666666666,0.5555555555555556,0.8888888888888888
1719,0.6666666666666666,0.5555555555555556,0.8888888888888888
1720,0.6666666666666666,0.5555555555555556,0.8888888888888888
1721,0.6666666666666666,0.5555555555555556,0.8888888888888888
1722,0.6666666666666666,0.5555555555555556,0.8888888888888888
1723,0.6666666666666666,0.5555555555555556,0.8888888888888888
1724,0.6666666666666666,0.5555555555555556,0.8888888888888888
1725,0.6666666666666666,0.5555555555555556,0.8888888888888888
1726,0.6666666666666666,0.5555555555555556,0.8888888888888888
1727,0.6666666666666666,0.5555555555555556,0.8888888888888888
1728,0.6666666666666666,0.5555555555555556,0.8888888888888888
1729,0.6666666666666666,0.5555555555555556,0.8888888888888888
1730,0.6666666666666666,0.5555555555555556,0.8888888888888888
1731,0.6666666666666666,0.5555555555555556,0.8888888888888888
1732,0.6666666666666666,0.5555555555555556,0.8888888888888888
1733,0.6666666666666666,0.5555555555555556,0.8888888888888888
1734,0.6666666666666666,0.5555555555555556,0.8888888888888888
1735,0.6666666666666666,0.5555555555555556,0.8888888888888888
1736,0.6666666666666666,0.5555555555555556,0.8888888888888888
1737,0.6666666666666666,0.5555555555555556,0.8888888888888888
1738,0.6666666666666666,0.5555555555555556,0.8888888888888888
1739,0.6666666666666666,0.5555555555555556,0.8888888888888888
1740,0.6666666666666666,0.5555555555555556,0.8888888888888888
1741,0.6666666666666666,0.5555555555555556,0.8888888888888888
1742,0.6666666666666666,0.5555555555555556,0.8888888888888888
1743,0.6666666666666666,0.5555555555555556,0.8888888888888888
1744,0.6666666666666666,0.5555555555555556,0.8888888888888888
1745,0.6666666666666666,0.5555555555555556,0.8888888888888888
1746,0.6666666666666666,0.5555555555555556,0.8888888888888888
1747,0.6666666666666666,0.5555555555555556,0.8888888888888888
1748,0.6666666666666666,0.5555555555555556,0.8888888888888888
1749,0.6666666666666666,0.5555555555555556,0.8888888888888888
1750,0.6666666666666666,0.5555555555555556,0.8888888888888888
1751,0.6666666666666666,0.5555555555555556,0.8888888888888888
1752,0.6666666666666666,0.5555555555555556,0.8888888888888888
1753,0.6666666666666666,0.5555555555555556,0.8888888888888888
1754,0.6666666666666666,0.5555555555555556,0.8888888888888888
1755,0.6666666666666666,0.5555555555555556,0.8888888888888888
1756,0.6666666666666666,0.5555555555555556,0.8888888888888888
1757,0.6666666666666666,0.5555555555555556,0.8888888888888888
1758,0.6666666666666666,0.5555555555555556,0.8888888888888888
1759,0.6666666666666666,0.5555555555555556,0.8888888888888888
1760,0.6666666666666666,0.5555555555555556,0.8888888888888888
1761,0.6666666666666666,0.5555555555555556,0.8888888888888888
1762,0.6666666666666666,0.5555555555555556,0.8888888888888888
1763,0.6666666666666666,0.5555555555555556,0.8888888888888888
1764,0.6666666666666666,0.5555555555555556,0.8888888888888888
1765,0.6666666666666666,0.5555555555555556,0.8888888888888888
1766,0.6666666666666666,0.5555555555555556,0.8888888888888888
1767,0.6666666666666666,0.5555555555555556,0.8888888888888888
1768,0.6666666666666666,0.5555555555555556,0.8888888888888888
1769,0.6666666666666666,0.5555555555555556,0.8888888888888888
1770,0.6666666666666666,0.7777777777777778,0.8888888888888888
1771,0.6666666666666666,0.7777777777777778,0.8888888888888888
1772,0.6666666666666666,0.7777777777777778,0.8888888888888888
1773,0.6666666666666666,0.7777777777777778,0.8888888888888888
1774,0.6666666666666666,0.7777777777777778,0.8888888888888888
1775,0.6666666666666666,0.7777777777777778,0.8888888888888888
1776,0.6666666666666666,0.7777777777777778,0.8888888888888888
1777,0.6666666666666666,0.7777777777777778,0.8888888888888888
1778,0.6666666666666666,0.7777777777777778,0.8888888888888888
1779,0.6666666666666666,0.7777777777777778,0.8888888888888888
1780,0.6666666666666666,0.7777777777777778,0.8888888888888888
1781,0.6666666666666666,0.7777777777777778,0.8888888888888888
1782,0.6666666666666666,0.7777777777777778,0.8888888888888888
1783,0.6666666666666666,0.7777777777777778,0.8888888888888888
1784,0.6666666666666666,0.5555555555555556,0.8888888888888888
1785,0.6666666666666666,0.5555555555555556,0.8888888888888888
1786,0.6666666666666666,0.5555555555555556,0.8888888888888888
1787,0.6666666666666666,0.5555555555555556,0.8888888888888888
1788,0.6666666666666666,0.5555555555555556,0.8888888888888888
1789,0.6666666666666666,0.5555555555555556,0.8888888888888888
1790,0.6666666666666666,0.5555555555555556,0.8888888888888888
1791,0.6666666666666666,0.5555555555555556,0.8888888888888888
1792,0.6666666666666666,0.5555555555555556,0.8888888888888888
1793,0.6666666666666666,0.5555555555555556,0.8888888888888888
1794,0.6666666666666666,0.5555555555555556,0.8888888888888888
1795,0.6666666666666666,0.5555555555555556,0.8888888888888888
1796,0.6666666666666666,0.5555555555555556,0.8888888888888888
1797,0.6666666666666666,0.5555555555555556,0.8888888888888888
1798,0.6666666666666666,0.5555555555555556,0.8888888888888888
1799,0.6666666666666666,0.5555555555555556,0.8888888888888888
1800,0.6666666666666666,0.5555555555555556,0.8888888888888888
1801,0.6666666666666666,0.5555555555555556,0.8888888888888888
1802,0.6666666666666666,0.7777777777777778,0.8888888888888888
1803,0.6666666666666666,0.7777777777777778,0.8888888888888888
1804,0.6666666666666666,0.7777777777777778,0.8888888888888888
1805,0.6666666666666666,0.7777777777777778,0.8888888888888888
1806,0.6666666666666666,0.7777777777777778,0.8888888888888888
1807,0.6666666666666666,0.7777777777777778,0.8888888888888888
1808,0.6666666666666666,0.5555555555555556,0.8888888888888888
1809,0.6666666666666666,0.5555555555555556,0.8888888888888888
1810,0.6666666666666666,0.5555555555555556,0.8888888888888888
1811,0.6666666666666666,0.5555555555555556,0.8888888888888888
1812,0.6666666666666666,0.5555555555555556,0.8888888888888888
1813,0.6666666666666666,0.7777777777777778,0.8888888888888888
1814,0.6666666666666666,0.7777777777777778,0.8888888888888888
1815,0.6666666666666666,0.7777777777777778,0.8888888888888888
1816,0.6666666666666666,0.7777777777777778,0.8888888888888888
1817,0.6666666666666666,0.7777777777777778,0.8888888888888888
1818,0.6666666666666666,0.7777777777777778,0.8888888888888888
1819,0.6666666666666666,0.7777777777777778,0.8888888888888888
1820,0.6666666666666666,0.7777777777777778,0.8888888888888888
1821,0.6666666666666666,0.7777777777777778,0.8888888888888888
1822,0.6666666666666666,0.7777777777777778,0.8888888888888888
1823,0.6666666666666666,0.5555555555555556,0.8888888888888888
1824,0.6666666666666666,0.5555555555555556,0.8888888888888888
1825,0.6666666666666666,0.5555555555555556,0.8888888888888888
1826,0.6666666666666666,0.5555555555555556,0.8888888888888888
1827,0.6666666666666666,0.5555555555555556,0.8888888888888888
1828,0.6666666666666666,0.5555555555555556,0.8888888888888888
1829,0.6666666666666666,0.5555555555555556,0.8888888888888888
1830,0.6666666666666666,0.5555555555555556,0.8888888888888888
1831,0.6666666666666666,0.5555555555555556,0.8888888888888888
1832,0.6666666666666666,0.5555555555555556,0.8888888888888888
1833,0.6666666666666666,0.5555555555555556,0.8888888888888888
1834,0.6666666666666666,0.5555555555555556,0.8888888888888888
1835,0.6666666666666666,0.5555555555555556,0.8888888888888888
1836,0.6666666666666666,0.5555555555555556,0.8888888888888888
1837,0.6666666666666666,0.5555555555555556,0.8888888888888888
1838,0.6666666666666666,0.5555555555555556,0.8888888888888888
1839,0.6666666666666666,0.5555555555555556,0.8888888888888888
1840,0.6666666666666666,0.5555555555555556,0.8888888888888888
1841,0.6666666666666666,0.6666666666666666,0.8888888888888888
1842,0.6666666666666666,0.6666666666666666,0.8888888888888888
1843,0.6666666666666666,0.6666666666666666,0.8888888888888888
1844,0.6666666666666666,0.6666666666666666,0.8888888888888888
1845,0.6666666666666666,0.6666666666666666,0.8888888888888888
1846,0.6666666666666666,0.6666666666666666,0.8888888888888888
1847,0.6666666666666666,0.6666666666666666,0.8888888888888888
1848,0.6666666666666666,0.6666666666666666,0.8888888888888888
1849,0.6666666666666666,0.6666666666666666,0.8888888888888888
1850,0.6666666666666666,0.6666666666666666,0.8888888888888888
1851,0.6666666666666666,0.6666666666666666,0.8888888888888888
1852,0.6666666666666666,0.6666666666666666,0.8888888888888888
1853,0.6666666666666666,0.6666666666666666,0.8888888888888888
1854,0.6666666666666666,0.6666666666666666,0.8888888888888888
1855,0.6666666666666666,0.6666666666666666,1.0
1856,0.6666666666666666,0.6666666666666666,1.0
1857,0.6666666666666666,0.6666666666666666,1.0
1858,0.6666666666666666,0.6666666666666666,1.0
1859,0.6666666666666666,0.5555555555555556,1.0
1860,0.6666666666666666,0.5555555555555556,1.0
1861,0.6666666666666666,0.5555555555555556,1.0
1862,0.6666666666666666,0.5555555555555556,1.0
1863,0.6666666666666666,0.5555555555555556,1.0
1864,0.6666666666666666,0.5555555555555556,1.0
1865,0.6666666666666666,0.5555555555555556,1.0
1866,0.6666666666666666,0.5555555555555556,1.0
1867,0.6666666666666666,0.5555555555555556,1.0
1868,0.6666666666666666,0.5555555555555556,1.0
1869,0.6666666666666666,0.5555555555555556,1.0
1870,0.6666666666666666,0.5555555555555556,1.0
1871,0.6666666666666666,0.5555555555555556,1.0
1872,0.6666666666666666,0.5555555555555556,1.0
1873,0.6666666666666666,0.5555555555555556,1.0
1874,0.6666666666666666,0.5555555555555556,1.0
1875,0.6666666666666666,0.5555555555555556,1.0
1876,0.6666666666666666,0.5555555555555556,1.0
1877,0.6666666666666666,0.5555555555555556,1.0
1878,0.6666666666666666,0.5555555555555556,1.0
1879,0.6666666666666666,0.5555555555555556,1.0
1880,0.6666666666666666,0.5555555555555556,1.0
1881,0.6666666666666666,0.5555555555555556,1.0
1882,0.6666666666666666,0.5555555555555556,1.0
1883,0.6666666666666666,0.5555555555555556,1.0
1884,0.6666666666666666,0.5555555555555556,1.0
1885,0.6666666666666666,0.5555555555555556,1.0
1886,0.6666666666666666,0.5555555555555556,1.0
1887,0.6666666666666666,0.5555555555555556,1.0
1888,0.6666666666666666,0.5555555555555556,1.0
1889,0.6666666666666666,0.5555555555555556,1.0
1890,0.6666666666666666,0.5555555555555556,1.0
1891,0.6666666666666666,0.5555555555555556,1.0
1892,0.6666666666666666,0.5555555555555556,1.0
1893,0.6666666666666666,0.5555555555555556,1.0
1894,0.6666666666666666,0.5555555555555556,1.0
1895,0.6666666666666666,0.5555555555555556,1.0
1896,0.6666666666666666,0.5555555555555556,1.0
1897,0.6666666666666666,0.5555555555555556,1.0
1898,0.6666666666666666,0.5555555555555556,1.0
1899,0.6666666666666666,0.5555555555555556,1.0
1900,0.6666666666666666,0.5555555555555556,1.0
1901,0.6666666666666666,0.5555555555555556,1.0
1902,0.6666666666666666,0.5555555555555556,1.0
1903,0.6666666666666666,0.5555555555555556,1.0
1904,0.6666666666666666,0.5555555555555556,1.0
1905,0.6666666666666666,0.5555555555555556,1.0
1906,0.6666666666666666,0.5555555555555556,1.0
1907,0.6666666666666666,0.5555555555555556,1.0
1908,0.6666666666666666,0.5555555555555556,1.0
1909,0.6666666666666666,0.5555555555555556,1.0
1910,0.6666666666666666,0.5555555555555556,1.0
1911,0.6666666666666666,0.5555555555555556,1.0
1912,0.6666666666666666,0.5555555555555556,1.0
1913,0.6666666666666666,0.5555555555555556,1.0
1914,0.6666666666666666,0.5555555555555556,1.0
1915,0.6666666666666666,0.5555555555555556,1.0
1916,0.6666666666666666,0.5555555555555556,1.0
1917,0.6666666666666666,0.5555555555555556,1.0
1918,0.6666666666666666,0.5555555555555556,1.0
1919,0.6666666666666666,0.5555555555555556,1.0
1920,0.6666666666666666,0.5555555555555556,1.0
1921,0.6666666666666666,0.5555555555555556,1.0
1922,0.6666666666666666,0.5555555555555556,1.0
1923,0.6666666666666666,0.5555555555555556,1.0
1924,0.6666666666666666,0.5555555555555556,1.0
1925,0.6666666666666666,0.5555555555555556,1.0
1926,0.6666666666666666,0.5555555555555556,1.0
1927,0.6666666666666666,0.5555555555555556,1.0
1928,0.6666666666666666,0.5555555555555556,1.0
1929,0.6666666666666666,0.5555555555555556,1.0
1930,0.6666666666666666,0.5555555555555556,1.0
1931,0.6666666666666666,0.5555555555555556,1.0
1932,0.6666666666666666,0.5555555555555556,1.0
1933,0.6666666666666666,0.5555555555555556,1.0
1934,0.6666666666666666,0.5555555555555556,1.0
1935,0.6666666666666666,0.5555555555555556,1.0
1936,0.6666666666666666,0.5555555555555556,1.0
1937,0.6666666666666666,0.5555555555555556,1.0
1938,0.6666666666666666,0.5555555555555556,1.0
1939,0.6666666666666666,0.5555555555555556,1.0
1940,0.6666666666666666,0.5555555555555556,1.0
1941,0.6666666666666666,0.5555555555555556,1.0
1942,0.6666666666666666,0.5555555555555556,1.0
1943,0.6666666666666666,0.5555555555555556,1.0
1944,0.6666666666666666,0.5555555555555556,1.0
1945,0.6666666666666666,0.5555555555555556,1.0
1946,0.6666666666666666,0.5555555555555556,1.0
1947,0.6666666666666666,0.5555555555555556,1.0
1948,0.6666666666666666,0.5555555555555556,1.0
1949,0.6666666666666666,0.5555555555555556,1.0
1950,0.6666666666666666,0.5555555555555556,1.0
1951,0.6666666666666666,0.5555555555555556,1.0
1952,0.6666666666666666,0.5555555555555556,1.0
1953,0.6666666666666666,0.5555555555555556,1.0
1954,0.6666666666666666,0.5555555555555556,1.0
1955,0.6666666666666666,0.5555555555555556,1.0
1956,0.6666666666666666,0.5555555555555556,1.0
1957,0.6666666666666666,0.5555555555555556,1.0
1958,0.6666666666666666,0.5555555555555556,1.0
1959,0.6666666666666666,0.5555555555555556,1.0
1960,0.6666666666666666,0.5555555555555556,1.0
1961,0.6666666666666666,0.5555555555555556,1.0
1962,0.6666666666666666,0.5555555555555556,1.0
1963,0.6666666666666666,0.5555555555555556,1.0
1964,0.6666666666666666,0.5555555555555556,1.0
1965,0.6666666666666666,0.5555555555555556,1.0
1966,0.6666666666666666,0.5555555555555556,1.0
1967,0.6666666666666666,0.5555555555555556,1.0
1968,0.6666666666666666,0.5555555555555556,1.0
1969,0.6666666666666666,0.5555555555555556,1.0
1970,0.6666666666666666,0.5555555555555556,1.0
1971,0.6666666666666666,0.5555555555555556,1.0
1972,0.6666666666666666,0.5555555555555556,1.0
1973,0.6666666666666666,0.5555555555555556,1.0
1974,0.6666666666666666,0.5555555555555556,1.0
1975,0.6666666666666666,0.5555555555555556,1.0
1976,0.6666666666666666,0.5555555555555556,1.0
1977,0.6666666666666666,0.5555555555555556,1.0
1978,0.6666666666666666,0.5555555555555556,1.0
1979,0.6666666666666666,0.5555555555555556,1.0
1980,0.6666666666666666,0.5555555555555556,1.0
1981,0.6666666666666666,0.7777777777777778,1.0
1982,0.6666666666666666,0.7777777777777778,1.0
1983,0.6666666666666666,0.7777777777777778,1.0
1984,0.6666666666666666,0.7777777777777778,1.0
1985,0.6666666666666666,0.7777777777777778,1.0
1986,0.6666666666666666,0.7777777777777778,1.0
1987,0.6666666666666666,0.7777777777777778,1.0
1988,0.6666666666666666,0.7777777777777778,1.0
1989,0.6666666666666666,0.7777777777777778,1.0
1990,0.6666666666666666,0.7777777777777778,1.0
1991,0.6666666666666666,0.5555555555555556,1.0
1992,0.6666666666666666,0.5555555555555556,1.0
1993,0.6666666666666666,0.5555555555555556,1.0
1994,0.6666666666666666,0.5555555555555556,1.0
1995,0.6666666666666666,0.5555555555555556,1.0
1996,0.6666666666666666,0.5555555555555556,1.0
1997,0.6666666666666666,0.5555555555555556,1.0
1998,0.6666666666666666,0.5555555555555556,1.0
1999,0.6666666666666666,0.5555555555555556,1.0
2000,0.6666666666666666,0.5555555555555556,1.0
2001,0.6666666666666666,0.5555555555555556,1.0
2002,0.6666666666666666,0.5555555555555556,1.0
2003,0.6666666666666666,0.5555555555555556,1.0
2004,0.6666666666666666,0.5555555555555556,1.0
2005,0.6666666666666666,0.5555555555555556,1.0
2006,0.6666666666666666,0.5555555555555556,1.0
2007,0.6666666666666666,0.5555555555555556,1.0
2008,0.6666666666666666,0.5555555555555556,1.0
2009,0.6666666666666666,0.5555555555555556,1.0
2010,0.6666666666666666,0.5555555555555556,1.0
2011,0.6666666666666666,0.5555555555555556,1.0
2012,0.6666666666666666,0.5555555555555556,1.0
2013,0.6666666666666666,0.5555555555555556,1.0
2014,0.6666666666666666,0.5555555555555556,1.0
2015,0.6666666666666666,0.5555555555555556,1.0
2016,0.6666666666666666,0.5555555555555556,1.0
2017,0.6666666666666666,0.5555555555555556,1.0
2018,0.6666666666666666,0.5555555555555556,1.0
2019,0.6666666666666666,0.5555555555555556,1.0
2020,0.6666666666666666,0.5555555555555556,1.0
2021,0.6666666666666666,0.5555555555555556,1.0
2022,0.6666666666666666,0.5555555555555556,1.0
2023,0.6666666666666666,0.5555555555555556,1.0
2024,0.6666666666666666,0.5555555555555556,1.0
2025,0.6666666666666666,0.5555555555555556,1.0
2026,0.6666666666666666,0.5555555555555556,1.0
2027,0.6666666666666666,0.5555555555555556,1.0
2028,0.6666666666666666,0.5555555555555556,1.0
2029,0.6666666666666666,0.5555555555555556,1.0
2030,0.6666666666666666,0.5555555555555556,1.0
2031,0.6666666666666666,0.5555555555555556,1.0
2032,0.6666666666666666,0.5555555555555556,1.0
2033,0.6666666666666666,0.5555555555555556,1.0
2034,0.6666666666666666,0.5555555555555556,1.0
2035,0.6666666666666666,0.5555555555555556,1.0
2036,0.6666666666666666,0.5555555555555556,1.0
2037,0.6666666666666666,0.5555555555555556,1.0
2038,0.6666666666666666,0.5555555555555556,1.0
2039,0.6666666666666666,0.5555555555555556,1.0
2040,0.6666666666666666,0.5555555555555556,1.0
2041,0.6666666666666666,0.5555555555555556,1.0
2042,0.6666666666666666,0.5555555555555556,1.0
2043,0.6666666666666666,0.7777777777777778,1.0
2044,0.6666666666666666,0.7777777777777778,1.0
2045,0.6666666666666666,0.7777777777777778,1.0
2046,0.6666666666666666,0.7777777777777778,1.0
2047,0.6666666666666666,0.7777777777777778,1.0
2048,0.6666666666666666,0.8888888888888888,1.0
2049,0.6666666666666666,0.8888888888888888,1.0
2050,0.6666666666666666,0.8888888888888888,1.0
2051,0.6666666666666666,0.8888888888888888,1.0
2052,0.6666666666666666,0.8888888888888888,1.0
2053,0.6666666666666666,0.8888888888888888,1.0
2054,0.6666666666666666,0.8888888888888888,1.0
2055,0.6666666666666666,0.8888888888888888,1.0
2056,0.6666666666666666,0.8888888888888888,1.0
2057,0.6666666666666666,0.8888888888888888,1.0
2058,0.6666666666666666,0.8888888888888888,1.0
2059,0.6666666666666666,0.7777777777777778,1.0
2060,0.6666666666666666,0.7777777777777778,1.0
2061,0.6666666666666666,0.7777777777777778,1.0
2062,0.6666666666666666,0.7777777777777778,1.0
2063,0.6666666666666666,0.7777777777777778,1.0
2064,0.6666666666666666,0.7777777777777778,1.0
2065,0.6666666666666666,0.7777777777777778,1.0
2066,0.6666666666666666,0.5555555555555556,1.0
2067,0.6666666666666666,0.5555555555555556,1.0
2068,0.6666666666666666,0.5555555555555556,1.0
2069,0.6666666666666666,0.5555555555555556,1.0
2070,0.6666666666666666,0.5555555555555556,1.0
2071,0.6666666666666666,0.5555555555555556,1.0
2072,0.6666666666666666,0.5555555555555556,1.0
2073,0.6666666666666666,0.5555555555555556,1.0
2074,0.6666666666666666,0.5555555555555556,1.0
2075,0.6666666666666666,0.5555555555555556,1.0
2076,0.6666666666666666,0.5555555555555556,1.0
2077,0.6666666666666666,0.5555555555555556,1.0
2078,0.6666666666666666,0.5555555555555556,1.0
2079,0.6666666666666666,0.5555555555555556,1.0
2080,0.6666666666666666,0.5555555555555556,1.0
2081,0.6666666666666666,0.5555555555555556,1.0
2082,0.6666666666666666,0.5555555555555556,1.0
2083,0.6666666666666666,0.6666666666666666,1.0
2084,0.6666666666666666,0.6666666666666666,1.0
2085,0.6666666666666666,0.6666666666666666,1.0
2086,0.6666666666666666,0.6666666666666666,1.0
2087,0.6666666666666666,0.6666666666666666,1.0
2088,0.6666666666666666,0.6666666666666666,1.0
2089,0.6666666666666666,0.6666666666666666,1.0
2090,0.6666666666666666,0.6666666666666666,1.0
2091,0.6666666666666666,0.6666666666666666,1.0
2092,0.6666666666666666,0.6666666666666666,1.0
2093,0.6666666666666666,0.6666666666666666,1.0
2094,0.6666666666666666,0.6666666666666666,1.0
2095,0.6666666666666666,0.6666666666666666,1.0
2096,0.6666666666666666,0.6666666666666666,1.0
2097,0.6666666666666666,0.6666666666666666,1.0
2098,0.6666666666666666,0.6666666666666666,1.0
2099,0.6666666666666666,0.6666666666666666,1.0
2100,0.6666666666666666,0.6666666666666666,1.0
2101,0.6666666666666666,0.6666666666666666,1.0
2102,0.6666666666666666,0.6666666666666666,1.0
2103,0.6666666666666666,0.6666666666666666,1.0
2104,0.6666666666666666,0.6666666666666666,1.0
2105,0.6666666666666666,0.6666666666666666,1.0
2106,0.6666666666666666,0.6666666666666666,1.0
2107,0.6666666666666666,0.6666666666666666,1.0
2108,0.6666666666666666,0.6666666666666666,1.0
2109,0.6666666666666666,0.5555555555555556,1.0
2110,0.6666666666666666,0.5555555555555556,1.0
2111,0.6666666666666666,0.5555555555555556,1.0
2112,0.6666666666666666,0.5555555555555556,1.0
2113,0.6666666666666666,0.5555555555555556,1.0
2114,0.6666666666666666,0.5555555555555556,1.0
2115,0.6666666666666666,0.5555555555555556,1.0
2116,0.6666666666666666,0.5555555555555556,1.0
2117,0.6666666666666666,0.5555555555555556,1.0
2118,0.6666666666666666,0.5555555555555556,1.0
2119,0.6666666666666666,0.5555555555555556,1.0
2120,0.6666666666666666,0.5555555555555556,1.0
2121,0.6666666666666666,0.5555555555555556,1.0
2122,0.6666666666666666,0.5555555555555556,1.0
2123,0.6666666666666666,0.5555555555555556,1.0
2124,0.6666666666666666,0.5555555555555556,1.0
2125,0.6666666666666666,0.5555555555555556,1.0
2126,0.6666666666666666,0.5555555555555556,1.0
2127,0.6666666666666666,0.5555555555555556,1.0
2128,0.6666666666666666,0.5555555555555556,1.0
2129,0.6666666666666666,0.5555555555555556,1.0
2130,0.6666666666666666,0.5555555555555556,1.0
2131,0.6666666666666666,0.5555555555555556,1.0
2132,0.6666666666666666,0.5555555555555556,1.0
2133,0.6666666666666666,0.5555555555555556,1.0
2134,0.6666666666666666,0.5555555555555556,1.0
2135,0.6666666666666666,0.5555555555555556,1.0
2136,0.6666666666666666,0.5555555555555556,1.0
2137,0.6666666666666666,0.5555555555555556,1.0
2138,0.6666666666666666,0.5555555555555556,1.0
2139,0.6666666666666666,0.5555555555555556,1.0
2140,0.6666666666666666,0.5555555555555556,1.0
2141,0.6666666666666666,0.5555555555555556,1.0
2142,0.6666666666666666,0.5555555555555556,1.0
2143,0.6666666666666666,0.5555555555555556,1.0
2144,0.6666666666666666,0.5555555555555556,1.0
2145,0.6666666666666666,0.5555555555555556,1.0
2146,0.6666666666666666,0.5555555555555556,1.0
2147,0.6666666666666666,0.5555555555555556,1.0
2148,0.6666666666666666,0.5555555555555556,1.0
2149,0.6666666666666666,0.5555555555555556,1.0
2150,0.6666666666666666,0.5555555555555556,1.0
2151,0.6666666666666666,0.5555555555555556,1.0
2152,0.6666666666666666,0.5555555555555556,1.0
2153,0.6666666666666666,0.5555555555555556,1.0
2154,0.6666666666666666,0.5555555555555556,1.0
2155,0.6666666666666666,0.5555555555555556,1.0
2156,0.6666666666666666,0.5555555555555556,1.0
2157,0.6666666666666666,0.5555555555555556,1.0
2158,0.6666666666666666,0.5555555555555556,1.0
2159,0.6666666666666666,0.5555555555555556,1.0
2160,0.6666666666666666,0.5555555555555556,1.0
2161,0.6666666666666666,0.5555555555555556,1.0
2162,0.6666666666666666,0.5555555555555556,1.0
2163,0.6666666666666666,0.5555555555555556,1.0
2164,0.6666666666666666,0.5555555555555556,1.0
2165,0.6666666666666666,0.5555555555555556,1.0
2166,0.6666666666666666,0.5555555555555556,1.0
2167,0.6666666666666666,0.5555555555555556,1.0
2168,0.6666666666666666,0.5555555555555556,1.0
2169,0.6666666666666666,0.5555555555555556,1.0
2170,0.6666666666666666,0.5555555555555556,1.0
2171,0.6666666666666666,0.5555555555555556,1.0
2172,0.6666666666666666,0.5555555555555556,1.0
2173,0.6666666666666666,0.5555555555555556,1.0
2174,0.6666666666666666,0.5555555555555556,1.0
2175,0.6666666666666666,0.5555555555555556,1.0
2176,0.6666666666666666,0.5555555555555556,1.0
2177,0.6666666666666666,0.5555555555555556,1.0
2178,0.6666666666666666,0.5555555555555556,1.0
2179,0.6666666666666666,0.5555555555555556,1.0
2180,0.6666666666666666,0.5555555555555556,1.0
2181,0.6666666666666666,0.5555555555555556,1.0
2182,0.6666666666666666,0.5555555555555556,1.0
2183,0.6666666666666666,0.5555555555555556,1.0
2184,0.6666666666666666,0.5555555555555556,1.0
2185,0.6666666666666666,0.5555555555555556,1.0
2186,0.6666666666666666,0.5555555555555556,1.0
2187,0.6666666666666666,0.5555555555555556,1.0
2188,0.6666666666666666,0.5555555555555556,1.0
2189,0.6666666666666666,0.5555555555555556,1.0
2190,0.6666666666666666,0.5555555555555556,1.0
2191,0.6666666666666666,0.5555555555555556,1.0
2192,0.6666666666666666,0.5555555555555556,1.0
2193,0.6666666666666666,0.5555555555555556,1.0
2194,0.6666666666666666,0.5555555555555556,1.0
2195,0.6666666666666666,0.5555555555555556,1.0
2196,0.6666666666666666,0.5555555555555556,1.0
2197,0.6666666666666666,0.5555555555555556,1.0
2198,0.6666666666666666,0.5555555555555556,1.0
2199,0.6666666666666666,0.5555555555555556,1.0
2200,0.6666666666666666,0.5555555555555556,1.0
2201,0.6666666666666666,0.5555555555555556,1.0
2202,0.6666666666666666,0.5555555555555556,1.0
2203,0.6666666666666666,0.5555555555555556,1.0
2204,0.6666666666666666,0.5555555555555556,1.0
2205,0.6666666666666666,0.5555555555555556,1.0
2206,0.6666666666666666,0.5555555555555556,1.0
2207,0.6666666666666666,0.5555555555555556,1.0
2208,0.6666666666666666,0.5555555555555556,1.0
2209,0.6666666666666666,0.5555555555555556,1.0
2210,0.6666666666666666,0.5555555555555556,1.0
2211,0.6666666666666666,0.5555555555555556,1.0
2212,0.6666666666666666,0.5555555555555556,1.0
2213,0.6666666666666666,0.5555555555555556,1.0
2214,0.6666666666666666,0.5555555555555556,1.0
2215,0.6666666666666666,0.5555555555555556,1.0
2216,0.6666666666666666,0.5555555555555556,1.0
2217,0.6666666666666666,0.5555555555555556,1.0
2218,0.6666666666666666,0.5555555555555556,1.0
2219,0.6666666666666666,0.5555555555555556,1.0
2220,0.6666666666666666,0.5555555555555556,1.0
2221,0.6666666666666666,0.5555555555555556,1.0
2222,0.6666666666666666,0.5555555555555556,1.0
2223,0.6666666666666666,0.5555555555555556,1.0
2224,0.6666666666666666,0.5555555555555556,1.0
2225,0.6666666666666666,0.5555555555555556,1.0
2226,0.6666666666666666,0.5555555555555556,1.0
2227,0.6666666666666666,0.5555555555555556,1.0
2228,0.6666666666666666,0.5555555555555556,1.0
2229,0.6666666666666666,0.5555555555555556,1.0
2230,0.6666666666666666,0.5555555555555556,1.0
2231,0.6666666666666666,0.5555555555555556,1.0
2232,0.6666666666666666,0.5555555555555556,1.0
2233,0.6666666666666666,0.5555555555555556,1.0
2234,0.6666666666666666,0.5555555555555556,1.0
2235,0.6666666666666666,0.5555555555555556,1.0
2236,0.6666666666666666,0.5555555555555556,1.0
2237,0.6666666666666666,0.5555555555555556,1.0
2238,0.6666666666666666,0.5555555555555556,1.0
2239,0.6666666666666666,0.5555555555555556,1.0
2240,0.6666666666666666,0.5555555555555556,1.0
2241,0.6666666666666666,0.5555555555555556,1.0
2242,0.6666666666666666,0.5555555555555556,1.0
2243,0.6666666666666666,0.5555555555555556,1.0
2244,0.6666666666666666,0.5555555555555556,1.0
2245,0.6666666666666666,0.5555555555555556,1.0
2246,0.6666666666666666,0.5555555555555556,1.0
2247,0.6666666666666666,0.5555555555555556,1.0
2248,0.6666666666666666,0.5555555555555556,1.0
2249,0.6666666666666666,0.5555555555555556,1.0
2250,0.6666666666666666,0.5555555555555556,1.0
2251,0.6666666666666666,0.5555555555555556,1.0
2252,0.6666666666666666,0.5555555555555556,1.0
2253,0.6666666666666666,0.5555555555555556,1.0
2254,0.6666666666666666,0.5555555555555556,1.0
2255,0.6666666666666666,0.5555555555555556,1.0
2256,0.6666666666666666,0.5555555555555556,1.0
2257,0.6666666666666666,0.5555555555555556,1.0
2258,0.6666666666666666,0.5555555555555556,1.0
2259,0.6666666666666666,0.5555555555555556,1.0
2260,0.6666666666666666,0.5555555555555556,1.0
2261,0.6666666666666666,0.5555555555555556,1.0
2262,0.6666666666666666,0.5555555555555556,1.0
2263,0.6666666666666666,0.5555555555555556,1.0
2264,0.6666666666666666,0.5555555555555556,1.0
2265,0.6666666666666666,0.5555555555555556,1.0
2266,0.6666666666666666,0.5555555555555556,1.0
2267,0.6666666666666666,0.5555555555555556,1.0
2268,0.6666666666666666,0.5555555555555556,1.0
2269,0.6666666666666666,0.5555555555555556,1.0
2270,0.6666666666666666,0.5555555555555556,1.0
2271,0.6666666666666666,0.5555555555555556,1.0
2272,0.6666666666666666,0.5555555555555556,1.0
2273,0.6666666666666666,0.5555555555555556,1.0
2274,0.6666666666666666,0.5555555555555556,1.0
2275,0.6666666666666666,0.5555555555555556,1.0
2276,0.6666666666666666,0.5555555555555556,1.0
2277,0.6666666666666666,0.5555555555555556,1.0
2278,0.6666666666666666,0.5555555555555556,1.0
2279,0.6666666666666666,0.5555555555555556,1.0
2280,0.6666666666666666,0.5555555555555556,1.0
2281,0.6666666666666666,0.5555555555555556,1.0
2282,0.6666666666666666,0.5555555555555556,1.0
2283,0.6666666666666666,0.5555555555555556,1.0
2284,0.6666666666666666,0.5555555555555556,1.0
2285,0.6666666666666666,0.5555555555555556,1.0
2286,0.6666666666666666,0.5555555555555556,1.0
2287,0.6666666666666666,0.5555555555555556,1.0
2288,0.6666666666666666,0.5555555555555556,1.0
2289,0.6666666666666666,0.5555555555555556,1.0
2290,0.6666666666666666,0.5555555555555556,1.0
2291,0.6666666666666666,0.5555555555555556,1.0
2292,0.6666666666666666,0.5555555555555556,1.0
2293,0.6666666666666666,0.5555555555555556,1.0
2294,0.6666666666666666,0.5555555555555556,1.0
2295,0.6666666666666666,0.5555555555555556,1.0
2296,0.6666666666666666,0.5555555555555556,1.0
2297,0.6666666666666666,0.5555555555555556,1.0
2298,0.6666666666666666,0.5555555555555556,1.0
2299,0.6666666666666666,0.5555555555555556,1.0
2300,0.6666666666666666,0.5555555555555556,1.0
2301,0.6666666666666666,0.5555555555555556,1.0
2302,0.6666666666666666,0.5555555555555556,1.0
2303,0.6666666666666666,0.5555555555555556,1.0
2304,0.6666666666666666,0.5555555555555556,1.0
2305,0.6666666666666666,0.5555555555555556,1.0
2306,0.6666666666666666,0.5555555555555556,1.0
2307,0.6666666666666666,0.5555555555555556,1.0
2308,0.6666666666666666,0.5555555555555556,1.0
2309,0.6666666666666666,0.5555555555555556,1.0
2310,0.6666666666666666,0.5555555555555556,1.0
2311,0.6666666666666666,0.5555555555555556,1.0
2312,0.6666666666666666,0.5555555555555556,1.0
2313,0.6666666666666666,0.5555555555555556,1.0
2314,0.6666666666666666,0.5555555555555556,1.0
2315,0.6666666666666666,0.5555555555555556,1.0
2316,0.6666666666666666,0.5555555555555556,1.0
2317,0.6666666666666666,0.5555555555555556,1.0
2318,0.6666666666666666,0.5555555555555556,1.0
2319,0.6666666666666666,0.5555555555555556,1.0
2320,0.6666666666666666,0.5555555555555556,1.0
2321,0.6666666666666666,0.5555555555555556,1.0
2322,0.6666666666666666,0.5555555555555556,1.0
2323,0.6666666666666666,0.5555555555555556,1.0
2324,0.6666666666666666,0.5555555555555556,1.0
2325,0.6666666666666666,0.5555555555555556,1.0
2326,0.6666666666666666,0.5555555555555556,1.0
2327,0.6666666666666666,0.5555555555555556,1.0
2328,0.6666666666666666,0.5555555555555556,1.0
2329,0.6666666666666666,0.5555555555555556,1.0
2330,0.6666666666666666,0.5555555555555556,1.0
2331,0.6666666666666666,0.5555555555555556,1.0
2332,0.6666666666666666,0.5555555555555556,1.0
2333,0.6666666666666666,0.5555555555555556,1.0
2334,0.6666666666666666,0.5555555555555556,1.0
2335,0.6666666666666666,0.5555555555555556,1.0
2336,0.6666666666666666,0.5555555555555556,1.0
2337,0.6666666666666666,0.5555555555555556,1.0
2338,0.6666666666666666,0.5555555555555556,1.0
2339,0.6666666666666666,0.5555555555555556,1.0
2340,0.6666666666666666,0.5555555555555556,1.0
2341,0.6666666666666666,0.5555555555555556,1.0
2342,0.6666666666666666,0.5555555555555556,1.0
2343,0.6666666666666666,0.5555555555555556,1.0
2344,0.6666666666666666,0.5555555555555556,1.0
2345,0.6666666666666666,0.5555555555555556,1.0
2346,0.6666666666666666,0.5555555555555556,1.0
2347,0.6666666666666666,0.5555555555555556,1.0
2348,0.6666666666666666,0.5555555555555556,1.0
2349,0.6666666666666666,0.5555555555555556,1.0
2350,0.6666666666666666,0.5555555555555556,1.0
2351,0.6666666666666666,0.5555555555555556,1.0
2352,0.6666666666666666,0.5555555555555556,1.0
2353,0.6666666666666666,0.5555555555555556,1.0
2354,0.6666666666666666,0.5555555555555556,1.0
2355,0.6666666666666666,0.5555555555555556,1.0
2356,0.6666666666666666,0.5555555555555556,1.0
2357,0.6666666666666666,0.5555555555555556,1.0
2358,0.6666666666666666,0.5555555555555556,1.0
2359,0.6666666666666666,0.5555555555555556,1.0
2360,0.6666666666666666,0.5555555555555556,1.0
2361,0.6666666666666666,0.5555555555555556,1.0
2362,0.6666666666666666,0.5555555555555556,1.0
2363,0.6666666666666666,0.5555555555555556,1.0
2364,0.6666666666666666,0.5555555555555556,1.0
2365,0.6666666666666666,0.5555555555555556,1.0
2366,0.6666666666666666,0.5555555555555556,1.0
2367,0.6666666666666666,0.5555555555555556,1.0
2368,0.6666666666666666,0.5555555555555556,1.0
2369,0.6666666666666666,0.5555555555555556,1.0
2370,0.6666666666666666,0.5555555555555556,1.0
2371,0.6666666666666666,0.5555555555555556,1.0
2372,0.6666666666666666,0.5555555555555556,1.0
2373,0.6666666666666666,0.5555555555555556,1.0
2374,0.6666666666666666,0.5555555555555556,1.0
2375,0.6666666666666666,0.5555555555555556,1.0
2376,0.6666666666666666,0.5555555555555556,1.0
2377,0.6666666666666666,0.5555555555555556,1.0
2378,0.6666666666666666,0.5555555555555556,1.0
2379,0.6666666666666666,0.5555555555555556,1.0
2380,0.6666666666666666,0.5555555555555556,1.0
2381,0.6666666666666666,0.5555555555555556,1.0
2382,0.6666666666666666,0.5555555555555556,1.0
2383,0.6666666666666666,0.5555555555555556,1.0
2384,0.6666666666666666,0.5555555555555556,1.0
2385,0.6666666666666666,0.5555555555555556,1.0
2386,0.6666666666666666,0.5555555555555556,1.0
2387,0.6666666666666666,0.5555555555555556,1.0
2388,0.6666666666666666,0.5555555555555556,1.0
2389,0.6666666666666666,0.5555555555555556,1.0
2390,0.6666666666666666,0.4444444444444444,1.0
2391,0.6666666666666666,0.4444444444444444,1.0
2392,0.6666666666666666,0.4444444444444444,1.0
2393,0.6666666666666666,0.4444444444444444,1.0
2394,0.6666666666666666,0.4444444444444444,1.0
2395,0.6666666666666666,0.4444444444444444,1.0
2396,0.6666666666666666,0.4444444444444444,1.0
2397,0.6666666666666666,0.4444444444444444,1.0
2398,0.6666666666666666,0.5555555555555556,1.0
2399,0.6666666666666666,0.5555555555555556,1.0
2400,0.6666666666666666,0.8888888888888888,1.0
2401,0.6666666666666666,0.8888888888888888,1.0
2402,0.6666666666666666,0.8888888888888888,1.0
2403,0.6666666666666666,0.8888888888888888,1.0
2404,0.6666666666666666,0.8888888888888888,1.0
2405,0.6666666666666666,0.8888888888888888,1.0
2406,0.6666666666666666,0.8888888888888888,1.0
2407,0.6666666666666666,0.8888888888888888,1.0
2408,0.6666666666666666,0.8888888888888888,1.0
2409,0.6666666666666666,0.8888888888888888,1.0
2410,0.6666666666666666,0.8888888888888888,1.0
2411,0.6666666666666666,0.8888888888888888,1.0
2412,0.6666666666666666,0.8888888888888888,1.0
2413,0.6666666666666666,0.8888888888888888,1.0
2414,0.6666666666666666,0.8888888888888888,1.0
2415,0.6666666666666666,0.8888888888888888,1.0
2416,0.6666666666666666,0.8888888888888888,1.0
2417,0.6666666666666666,0.8888888888888888,1.0
2418,0.6666666666666666,0.8888888888888888,1.0
2419,0.6666666666666666,0.7777777777777778,1.0
2420,0.6666666666666666,0.7777777777777778,1.0
2421,0.6666666666666666,0.7777777777777778,1.0
2422,0.6666666666666666,0.7777777777777778,1.0
2423,0.6666666666666666,0.5555555555555556,1.0
2424,0.6666666666666666,0.5555555555555556,1.0
2425,0.6666666666666666,0.5555555555555556,1.0
2426,0.6666666666666666,0.5555555555555556,1.0
2427,0.6666666666666666,0.5555555555555556,1.0
2428,0.6666666666666666,0.5555555555555556,1.0
2429,0.6666666666666666,0.5555555555555556,1.0
2430,0.6666666666666666,0.5555555555555556,1.0
2431,0.6666666666666666,0.5555555555555556,1.0
2432,0.6666666666666666,0.5555555555555556,1.0
2433,0.6666666666666666,0.5555555555555556,1.0
2434,0.6666666666666666,0.5555555555555556,1.0
2435,0.6666666666666666,0.5555555555555556,1.0
2436,0.6666666666666666,0.5555555555555556,1.0
2437,0.6666666666666666,0.5555555555555556,1.0
2438,0.6666666666666666,0.5555555555555556,1.0
2439,0.6666666666666666,0.5555555555555556,1.0
2440,0.6666666666666666,0.5555555555555556,1.0
2441,0.6666666666666666,0.5555555555555556,1.0
2442,0.6666666666666666,0.5555555555555556,1.0
2443,0.6666666666666666,0.5555555555555556,1.0
2444,0.6666666666666666,0.5555555555555556,1.0
2445,0.6666666666666666,0.5555555555555556,1.0
2446,0.6666666666666666,0.7777777777777778,1.0
2447,0.6666666666666666,0.7777777777777778,1.0
2448,0.6666666666666666,0.7777777777777778,1.0
2449,0.6666666666666666,0.7777777777777778,1.0
2450,0.6666666666666666,0.7777777777777778,1.0
2451,0.6666666666666666,0.7777777777777778,1.0
2452,0.6666666666666666,0.7777777777777778,1.0
2453,0.6666666666666666,0.5555555555555556,1.0
2454,0.6666666666666666,0.5555555555555556,1.0
2455,0.6666666666666666,0.5555555555555556,1.0
2456,0.6666666666666666,0.5555555555555556,1.0
2457,0.6666666666666666,0.5555555555555556,1.0
2458,0.6666666666666666,0.5555555555555556,1.0
2459,0.6666666666666666,0.5555555555555556,1.0
2460,0.6666666666666666,0.5555555555555556,1.0
2461,0.6666666666666666,0.5555555555555556,1.0
2462,0.6666666666666666,0.5555555555555556,1.0
2463,0.6666666666666666,0.5555555555555556,1.0
2464,0.6666666666666666,0.5555555555555556,1.0
2465,0.6666666666666666,0.5555555555555556,1.0
2466,0.6666666666666666,0.5555555555555556,1.0
2467,0.6666666666666666,0.5555555555555556,1.0
2468,0.6666666666666666,0.5555555555555556,1.0
2469,0.6666666666666666,0.5555555555555556,1.0
2470,0.6666666666666666,0.5555555555555556,1.0
2471,0.6666666666666666,0.5555555555555556,1.0
2472,0.6666666666666666,0.5555555555555556,1.0
2473,0.6666666666666666,0.5555555555555556,1.0
2474,0.6666666666666666,0.5555555555555556,1.0
2475,0.6666666666666666,0.5555555555555556,1.0
2476,0.6666666666666666,0.5555555555555556,1.0
2477,0.6666666666666666,0.5555555555555556,1.0
2478,0.6666666666666666,0.5555555555555556,1.0
2479,0.6666666666666666,0.5555555555555556,1.0
2480,0.6666666666666666,0.5555555555555556,1.0
2481,0.6666666666666666,0.5555555555555556,1.0
2482,0.6666666666666666,0.5555555555555556,1.0
2483,0.6666666666666666,0.5555555555555556,1.0
2484,0.6666666666666666,0.5555555555555556,1.0
2485,0.6666666666666666,0.5555555555555556,1.0
2486,0.6666666666666666,0.5555555555555556,1.0
2487,0.6666666666666666,0.5555555555555556,1.0
2488,0.6666666666666666,0.5555555555555556,1.0
2489,0.6666666666666666,0.5555555555555556,1.0
2490,0.6666666666666666,0.5555555555555556,1.0
2491,0.6666666666666666,0.5555555555555556,1.0
2492,0.6666666666666666,0.4444444444444444,1.0
2493,0.6666666666666666,0.4444444444444444,1.0
2494,0.6666666666666666,0.3333333333333333,1.0
2495,0.6666666666666666,0.2222222222222222,1.0
2496,0.6666666666666666,0.2222222222222222,1.0
2497,0.6666666666666666,0.2222222222222222,1.0
2498,0.6666666666666666,0.2222222222222222,1.0
2499,0.6666666666666666,0.2222222222222222,1.0
2500,0.6666666666666666,0.2222222222222222,1.0
2501,0.6666666666666666,0.3333333333333333,1.0
2502,0.6666666666666666,0.3333333333333333,1.0
2503,0.6666666666666666,0.5555555555555556,1.0
2504,0.6666666666666666,0.5555555555555556,1.0
2505,0.6666666666666666,0.5555555555555556,1.0
2506,0.6666666666666666,0.5555555555555556,1.0
2507,0.6666666666666666,0.5555555555555556,1.0
2508,0.6666666666666666,0.5555555555555556,1.0
2509,0.6666666666666666,0.5555555555555556,1.0
2510,0.6666666666666666,0.5555555555555556,1.0
2511,0.6666666666666666,0.5555555555555556,1.0
2512,0.6666666666666666,0.5555555555555556,1.0
2513,0.6666666666666666,0.5555555555555556,1.0
2514,0.6666666666666666,0.5555555555555556,1.0
2515,0.6666666666666666,0.5555555555555556,1.0
2516,0.6666666666666666,0.5555555555555556,1.0
2517,0.6666666666666666,0.5555555555555556,1.0
2518,0.6666666666666666,0.5555555555555556,1.0
2519,0.6666666666666666,0.5555555555555556,1.0
2520,0.6666666666666666,0.5555555555555556,1.0
2521,0.6666666666666666,0.5555555555555556,1.0
2522,0.6666666666666666,0.5555555555555556,1.0
2523,0.6666666666666666,0.5555555555555556,1.0
2524,0.6666666666666666,0.5555555555555556,1.0
2525,0.6666666666666666,0.5555555555555556,1.0
2526,0.6666666666666666,0.5555555555555556,1.0
2527,0.6666666666666666,0.5555555555555556,1.0
2528,0.6666666666666666,0.5555555555555556,1.0
2529,0.6666666666666666,0.5555555555555556,1.0
2530,0.6666666666666666,0.5555555555555556,1.0
2531,0.6666666666666666,0.5555555555555556,1.0
2532,0.6666666666666666,0.5555555555555556,1.0
2533,0.6666666666666666,0.5555555555555556,1.0
2534,0.6666666666666666,0.5555555555555556,1.0
2535,0.6666666666666666,0.5555555555555556,1.0
2536,0.6666666666666666,0.5555555555555556,1.0
2537,0.6666666666666666,0.7777777777777778,1.0
2538,0.6666666666666666,0.7777777777777778,1.0
2539,0.6666666666666666,0.7777777777777778,1.0
2540,0.6666666666666666,0.7777777777777778,1.0
2541,0.6666666666666666,0.7777777777777778,1.0
2542,0.6666666666666666,0.7777777777777778,1.0
2543,0.6666666666666666,0.7777777777777778,1.0
2544,0.6666666666666666,0.7777777777777778,1.0
2545,0.6666666666666666,0.7777777777777778,1.0
2546,0.6666666666666666,0.7777777777777778,1.0
2547,0.6666666666666666,0.7777777777777778,1.0
2548,0.6666666666666666,0.7777777777777778,1.0
2549,0.6666666666666666,0.7777777777777778,1.0
2550,0.6666666666666666,0.7777777777777778,1.0
2551,0.6666666666666666,0.7777777777777778,1.0
2552,0.6666666666666666,0.7777777777777778,1.0
2553,0.6666666666666666,0.7777777777777778,1.0
2554,0.6666666666666666,0.7777777777777778,1.0
2555,0.6666666666666666,0.7777777777777778,1.0
2556,0.6666666666666666,0.7777777777777778,1.0
2557,0.6666666666666666,0.7777777777777778,1.0
2558,0.6666666666666666,0.7777777777777778,1.0
2559,0.6666666666666666,0.7777777777777778,1.0
2560,0.6666666666666666,0.7777777777777778,1.0
2561,0.6666666666666666,0.5555555555555556,1.0
2562,0.6666666666666666,0.5555555555555556,1.0
2563,0.6666666666666666,0.5555555555555556,1.0
2564,0.6666666666666666,0.5555555555555556,1.0
2565,0.6666666666666666,0.5555555555555556,1.0
2566,0.6666666666666666,0.5555555555555556,1.0
2567,0.6666666666666666,0.5555555555555556,1.0
2568,0.6666666666666666,0.5555555555555556,1.0
2569,0.6666666666666666,0.5555555555555556,1.0
2570,0.6666666666666666,0.5555555555555556,1.0
2571,0.6666666666666666,0.5555555555555556,1.0
2572,0.6666666666666666,0.5555555555555556,1.0
2573,0.6666666666666666,0.5555555555555556,1.0
2574,0.6666666666666666,0.5555555555555556,1.0
2575,0.6666666666666666,0.5555555555555556,1.0
2576,0.6666666666666666,0.5555555555555556,1.0
2577,0.6666666666666666,0.5555555555555556,1.0
2578,0.6666666666666666,0.5555555555555556,1.0
2579,0.6666666666666666,0.5555555555555556,1.0
2580,0.6666666666666666,0.5555555555555556,1.0
2581,0.6666666666666666,0.5555555555555556,1.0
2582,0.6666666666666666,0.7777777777777778,1.0
2583,0.6666666666666666,0.7777777777777778,1.0
2584,0.6666666666666666,0.7777777777777778,1.0
2585,0.6666666666666666,0.7777777777777778,1.0
2586,0.6666666666666666,0.7777777777777778,1.0
2587,0.6666666666666666,0.7777777777777778,1.0
2588,0.6666666666666666,0.7777777777777778,1.0
2589,0.6666666666666666,0.7777777777777778,1.0
2590,0.6666666666666666,0.7777777777777778,1.0
2591,0.6666666666666666,0.7777777777777778,1.0
2592,0.6666666666666666,0.7777777777777778,1.0
2593,0.6666666666666666,0.7777777777777778,1.0
2594,0.6666666666666666,0.7777777777777778,1.0
2595,0.6666666666666666,0.7777777777777778,1.0
2596,0.6666666666666666,0.7777777777777778,1.0
2597,0.6666666666666666,0.7777777777777778,1.0
2598,0.6666666666666666,0.7777777777777778,1.0
2599,0.6666666666666666,0.7777777777777778,1.0
2600,0.6666666666666666,0.7777777777777778,1.0
2601,0.6666666666666666,0.5555555555555556,1.0
2602,0.6666666666666666,0.5555555555555556,1.0
2603,0.6666666666666666,0.5555555555555556,1.0
2604,0.6666666666666666,0.5555555555555556,1.0
2605,0.6666666666666666,0.5555555555555556,1.0
2606,0.6666666666666666,0.5555555555555556,1.0
2607,0.6666666666666666,0.4444444444444444,1.0
2608,0.6666666666666666,0.5555555555555556,1.0
2609,0.6666666666666666,0.5555555555555556,1.0
2610,0.6666666666666666,0.5555555555555556,1.0
2611,0.6666666666666666,0.5555555555555556,1.0
2612,0.6666666666666666,0.5555555555555556,1.0
2613,0.6666666666666666,0.5555555555555556,1.0
2614,0.6666666666666666,0.5555555555555556,1.0
2615,0.6666666666666666,0.5555555555555556,1.0
2616,0.6666666666666666,0.5555555555555556,1.0
2617,0.6666666666666666,0.5555555555555556,1.0
2618,0.6666666666666666,0.5555555555555556,1.0
2619,0.6666666666666666,0.5555555555555556,1.0
2620,0.6666666666666666,0.5555555555555556,1.0
2621,0.6666666666666666,0.5555555555555556,1.0
2622,0.6666666666666666,0.5555555555555556,1.0
2623,0.6666666666666666,0.5555555555555556,1.0
2624,0.6666666666666666,0.5555555555555556,1.0
2625,0.6666666666666666,0.5555555555555556,1.0
2626,0.6666666666666666,0.5555555555555556,1.0
2627,0.6666666666666666,0.5555555555555556,1.0
2628,0.6666666666666666,0.5555555555555556,1.0
2629,0.6666666666666666,0.5555555555555556,1.0
2630,0.6666666666666666,0.5555555555555556,1.0
2631,0.6666666666666666,0.5555555555555556,1.0
2632,0.6666666666666666,0.5555555555555556,1.0
2633,0.6666666666666666,0.5555555555555556,1.0
2634,0.6666666666666666,0.5555555555555556,1.0
2635,0.6666666666666666,0.5555555555555556,1.0
2636,0.6666666666666666,0.7777777777777778,1.0
2637,0.6666666666666666,0.7777777777777778,1.0
2638,0.6666666666666666,0.7777777777777778,1.0
2639,0.6666666666666666,0.7777777777777778,1.0
2640,0.6666666666666666,0.7777777777777778,1.0
2641,0.6666666666666666,0.7777777777777778,1.0
2642,0.6666666666666666,0.7777777777777778,1.0
2643,0.6666666666666666,0.7777777777777778,1.0
2644,0.6666666666666666,0.7777777777777778,1.0
2645,0.6666666666666666,0.7777777777777778,1.0
2646,0.6666666666666666,0.7777777777777778,1.0
2647,0.6666666666666666,0.7777777777777778,1.0
2648,0.6666666666666666,0.7777777777777778,1.0
2649,0.6666666666666666,0.7777777777777778,1.0
2650,0.6666666666666666,0.7777777777777778,1.0
2651,0.6666666666666666,0.7777777777777778,1.0
2652,0.6666666666666666,0.7777777777777778,1.0
2653,0.6666666666666666,0.7777777777777778,1.0
2654,0.6666666666666666,0.7777777777777778,1.0
2655,0.6666666666666666,0.7777777777777778,1.0
2656,0.6666666666666666,0.7777777777777778,1.0
2657,0.6666666666666666,0.7777777777777778,1.0
2658,0.6666666666666666,0.7777777777777778,1.0
2659,0.6666666666666666,0.7777777777777778,1.0
2660,0.6666666666666666,0.7777777777777778,1.0
2661,0.6666666666666666,0.7777777777777778,1.0
2662,0.6666666666666666,0.7777777777777778,1.0
2663,0.6666666666666666,0.7777777777777778,1.0
2664,0.6666666666666666,0.7777777777777778,1.0
2665,0.6666666666666666,0.7777777777777778,1.0
2666,0.6666666666666666,0.7777777777777778,1.0
2667,0.6666666666666666,0.7777777777777778,1.0
2668,0.6666666666666666,0.5555555555555556,1.0
2669,0.6666666666666666,0.5555555555555556,1.0
2670,0.6666666666666666,0.5555555555555556,1.0
2671,0.6666666666666666,0.4444444444444444,1.0
2672,0.6666666666666666,0.4444444444444444,1.0
2673,0.6666666666666666,0.4444444444444444,1.0
2674,0.6666666666666666,0.4444444444444444,1.0
2675,0.6666666666666666,0.4444444444444444,1.0
2676,0.6666666666666666,0.4444444444444444,1.0
2677,0.6666666666666666,0.4444444444444444,1.0
2678,0.6666666666666666,0.4444444444444444,1.0
2679,0.6666666666666666,0.4444444444444444,1.0
2680,0.6666666666666666,0.4444444444444444,1.0
2681,0.6666666666666666,0.4444444444444444,1.0
2682,0.6666666666666666,0.5555555555555556,1.0
2683,0.6666666666666666,0.5555555555555556,1.0
2684,0.6666666666666666,0.5555555555555556,1.0
2685,0.6666666666666666,0.5555555555555556,1.0
2686,0.6666666666666666,0.5555555555555556,1.0
2687,0.6666666666666666,0.5555555555555556,1.0
2688,0.6666666666666666,0.5555555555555556,1.0
2689,0.6666666666666666,0.4444444444444444,1.0
2690,0.6666666666666666,0.4444444444444444,1.0
2691,0.6666666666666666,0.4444444444444444,1.0
2692,0.6666666666666666,0.4444444444444444,1.0
2693,0.6666666666666666,0.4444444444444444,1.0
2694,0.6666666666666666,0.4444444444444444,1.0
2695,0.6666666666666666,0.4444444444444444,1.0
2696,0.6666666666666666,0.4444444444444444,1.0
2697,0.6666666666666666,0.4444444444444444,1.0
2698,0.6666666666666666,0.2222222222222222,1.0
2699,0.6666666666666666,0.2222222222222222,1.0
2700,0.6666666666666666,0.2222222222222222,1.0
2701,0.6666666666666666,0.2222222222222222,1.0
2702,0.6666666666666666,0.2222222222222222,1.0
2703,0.6666666666666666,0.2222222222222222,1.0
2704,0.6666666666666666,0.2222222222222222,1.0
2705,0.6666666666666666,0.2222222222222222,1.0
2706,0.6666666666666666,0.2222222222222222,1.0
2707,0.6666666666666666,0.2222222222222222,1.0
2708,0.6666666666666666,0.3333333333333333,1.0
2709,1.0,0.4444444444444444,1.0
2710,1.0,0.4444444444444444,1.0
2711,1.0,0.4444444444444444,1.0
2712,1.0,0.4444444444444444,1.0
2713,1.0,0.4444444444444444,1.0
2714,1.0,0.4444444444444444,1.0
2715,1.0,0.4444444444444444,1.0
2716,1.0,0.4444444444444444,1.0
2717,1.0,0.4444444444444444,1.0
2718,1.0,0.4444444444444444,1.0
2719,1.0,0.4444444444444444,1.0
2720,1.0,0.4444444444444444,1.0
2721,1.0,0.4444444444444444,1.0
2722,1.0,0.4444444444444444,1.0
2723,1.0,0.4444444444444444,1.0
2724,1.0,0.4444444444444444,1.0
2725,1.0,0.4444444444444444,1.0
2726,1.0,0.4444444444444444,1.0
2727,1.0,0.4444444444444444,1.0
2728,1.0,0.2222222222222222,1.0
2729,1.0,0.2222222222222222,1.0
2730,1.0,0.2222222222222222,1.0
2731,1.0,0.2222222222222222,1.0
2732,1.0,0.2222222222222222,1.0
2733,1.0,0.4444444444444444,1.0
2734,1.0,0.5555555555555556,1.0
2735,1.0,0.5555555555555556,1.0
2736,1.0,0.5555555555555556,1.0
2737,1.0,0.5555555555555556,1.0
2738,1.0,0.5555555555555556,1.0
2739,1.0,0.5555555555555556,1.0
2740,1.0,0.5555555555555556,1.0
2741,1.0,0.5555555555555556,1.0
2742,1.0,0.5555555555555556,1.0
2743,1.0,0.5555555555555556,1.0
2744,1.0,0.5555555555555556,1.0
2745,1.0,0.5555555555555556,1.0
2746,1.0,0.5555555555555556,1.0
2747,1.0,0.5555555555555556,1.0
2748,1.0,0.5555555555555556,1.0
2749,1.0,0.5555555555555556,1.0
2750,1.0,0.5555555555555556,1.0
2751,1.0,0.5555555555555556,1.0
2752,1.0,0.5555555555555556,1.0
2753,1.0,0.5555555555555556,1.0
2754,1.0,0.5555555555555556,1.0
2755,1.0,0.5555555555555556,1.0
2756,1.0,0.5555555555555556,1.0
2757,1.0,0.5555555555555556,1.0
2758,1.0,0.7777777777777778,1.0
2759,1.0,0.8888888888888888,1.0
2760,1.0,0.8888888888888888,1.0
2761,1.0,0.8888888888888888,1.0
2762,1.0,0.8888888888888888,1.0
2763,1.0,0.8888888888888888,1.0
2764,1.0,0.8888888888888888,1.0
2765,1.0,0.8888888888888888,1.0
2766,1.0,0.8888888888888888,1.0
2767,1.0,0.8888888888888888,1.0
2768,1.0,0.8888888888888888,1.0
2769,1.0,0.8888888888888888,1.0
2770,1.0,0.8888888888888888,1.0
2771,1.0,0.8888888888888888,1.0
2772,1.0,0.8888888888888888,1.0
2773,1.0,0.8888888888888888,1.0
2774,1.0,0.8888888888888888,1.0
2775,1.0,0.8888888888888888,1.0
2776,1.0,0.8888888888888888,1.0
2777,1.0,0.8888888888888888,1.0
2778,1.0,0.8888888888888888,1.0
2779,1.0,0.8888888888888888,1.0
2780,1.0,0.8888888888888888,1.0
