frame,true_step_3,true_step_6,true_step_9,true_step_15,true_step_18,true_step_21,true_step_24,true_step_27,true_step_30,pred_step_3,pred_step_6,pred_step_9,pred_step_15,pred_step_18,pred_step_21,pred_step_24,pred_step_27,pred_step_30
000000.jpg,0,0,0,0,0,0,0,0,0,0,0,0,0,0,0,0,0,0
000001.jpg,0,0,0,0,0,0,0,0,0,0,0,0,0,0,0,0,0,0
000002.jpg,0,0,0,0,0,0,0,0,0,0,0,0,0,0,0,0,0,0
000003.jpg,0,0,0,0,0,0,0,0,0,0,0,0,0,0,0,0,0,0
000004.jpg,0,0,0,0,0,0,0,0,0,0,0,0,0,0,0,0,0,0
000005.jpg,0,0,0,0,0,0,0,0,0,0,0,0,0,0,0,0,0,0
000006.jpg,0,0,0,0,0,0,0,0,0,0,0,0,0,0,0,0,0,0
000007.jpg,0,0,0,0,0,0,0,0,0,0,0,0,0,0,0,0,0,0
000008.jpg,0,0,0,0,0,0,0,0,0,0,0,0,0,0,0,0,0,0
000009.jpg,0,0,0,0,0,0,0,0,0,0,0,0,0,0,0,0,0,0
000010.jpg,0,0,0,0,0,0,0,0,0,0,0,0,0,0,0,0,0,0
000011.jpg,0,0,0,0,0,0,0,0,0,0,0,0,0,0,0,0,0,0
000012.jpg,0,0,0,0,0,0,0,0,0,0,0,0,0,0,0,0,0,0
000013.jpg,0,0,0,0,0,0,0,0,0,0,0,0,0,0,0,0,0,0
000014.jpg,0,0,0,0,0,0,0,0,0,0,0,1,0,0,0,0,0,0
000015.jpg,0,0,0,0,0,0,0,0,0,0,0,1,0,0,0,0,0,0
000016.jpg,0,0,0,0,0,0,0,0,0,0,0,1,0,0,0,0,0,0
000017.jpg,0,0,0,0,0,0,0,0,0,0,0,1,0,0,0,0,0,0
000018.jpg,0,0,0,0,0,0,0,0,0,0,0,1,0,0,0,0,0,0
000019.jpg,0,0,0,0,0,0,0,0,0,0,0,1,0,1,0,0,0,0
000020.jpg,0,0,0,0,0,0,0,0,0,0,0,1,0,1,0,0,0,0
000021.jpg,0,0,0,0,0,0,0,0,0,0,0,1,0,1,0,0,0,0
000022.jpg,0,0,0,0,0,0,0,0,0,0,0,1,0,1,0,0,0,0
000023.jpg,0,0,0,0,0,0,0,0,0,0,0,1,0,1,0,0,0,0
000024.jpg,0,0,0,0,0,0,0,0,0,0,0,1,0,1,0,0,0,0
000025.jpg,0,0,0,0,0,0,0,0,0,0,0,1,0,1,0,0,0,0
000026.jpg,0,0,0,0,0,0,0,0,0,0,0,1,0,1,0,0,0,0
000027.jpg,0,0,0,0,0,0,0,0,0,0,0,1,0,1,0,0,0,0
000028.jpg,0,0,0,0,0,0,0,0,0,0,0,1,0,1,0,0,0,0
000029.jpg,0,0,0,0,0,0,0,0,0,0,0,1,0,1,0,0,0,0
000030.jpg,0,0,0,0,0,0,0,0,0,0,0,1,0,1,0,0,0,0
000031.jpg,0,0,0,0,0,0,0,0,0,0,0,1,0,1,0,0,0,0
000032.jpg,0,0,0,0,0,0,0,0,0,0,0,1,0,1,0,0,0,0
000033.jpg,0,0,0,0,0,0,0,0,0,0,0,1,0,1,0,0,0,0
000034.jpg,0,0,0,0,0,0,0,0,0,0,0,1,0,1,0,0,0,0
000035.jpg,0,0,0,0,0,0,0,0,0,0,0,1,0,1,0,0,0,0
000036.jpg,0,0,0,0,0,0,0,0,0,0,0,1,0,1,0,0,0,0
000037.jpg,0,0,0,0,0,0,0,0,0,0,0,1,0,1,0,0,0,0
000038.jpg,0,0,0,0,0,0,0,0,0,0,0,1,0,1,0,0,0,0
000039.jpg,0,0,0,0,0,0,0,0,0,0,0,1,0,1,0,0,0,0
000040.jpg,0,0,0,0,0,0,0,0,0,0,0,1,0,1,0,0,0,0
000041.jpg,0,0,0,0,0,0,0,0,0,0,0,1,0,1,0,0,0,0
000042.jpg,0,0,0,0,0,0,0,0,0,0,0,1,0,1,0,0,0,0
000043.jpg,0,0,0,0,0,0,0,0,0,0,0,1,0,1,0,0,0,0
000044.jpg,0,0,0,0,0,0,0,0,0,0,0,1,0,1,0,0,0,0
000045.jpg,0,0,0,0,0,0,0,0,0,0,0,1,0,1,0,0,0,0
000046.jpg,0,0,0,0,0,0,0,0,0,0,0,1,0,1,0,0,0,0
000047.jpg,0,0,0,0,0,0,0,0,0,0,0,1,0,1,0,0,0,0
000048.jpg,0,0,0,0,0,0,0,0,0,0,0,1,0,1,0,0,0,0
000049.jpg,0,0,0,0,0,0,0,0,0,0,0,1,0,1,0,0,0,0
000050.jpg,0,0,0,0,0,0,0,0,0,0,0,1,0,1,0,0,0,0
000051.jpg,0,0,0,0,0,0,0,0,0,0,0,1,0,1,0,0,0,0
000052.jpg,0,0,0,0,0,0,0,0,0,0,0,1,0,1,0,0,0,0
000053.jpg,0,0,0,0,0,0,0,0,0,0,0,1,0,1,0,0,0,0
000054.jpg,0,0,0,0,0,0,0,0,0,0,0,1,0,1,0,0,0,0
000055.jpg,0,0,0,0,0,0,0,0,0,0,0,1,0,1,0,0,0,0
000056.jpg,0,0,0,0,0,0,0,0,0,0,0,1,0,1,0,0,0,0
000057.jpg,0,0,0,0,0,0,0,0,0,0,0,1,0,1,0,0,0,0
000058.jpg,0,0,0,0,0,0,0,0,0,0,0,1,0,1,0,0,0,0
000059.jpg,0,0,0,0,0,0,0,0,0,0,0,1,0,1,0,0,0,0
000060.jpg,0,0,0,0,0,0,0,0,0,0,0,1,0,1,0,0,0,0
000061.jpg,0,0,0,0,0,0,0,0,0,0,0,1,1,1,0,0,0,0
000062.jpg,0,0,0,0,0,0,0,0,0,0,0,1,1,1,0,0,0,0
000063.jpg,0,0,0,0,0,0,0,0,0,0,0,1,1,1,0,0,0,0
000064.jpg,0,0,0,0,0,0,0,0,0,0,0,1,1,1,0,0,0,0
000065.jpg,0,0,0,0,0,0,0,0,0,0,0,1,1,1,0,0,0,0
000066.jpg,0,0,0,0,0,0,0,0,0,1,1,1,1,1,0,0,0,0
000067.jpg,0,0,0,0,0,0,0,0,0,1,1,1,1,1,0,0,0,0
000068.jpg,0,0,0,0,0,0,0,0,0,1,1,1,1,1,0,0,0,0
000069.jpg,0,0,0,0,0,0,0,0,0,1,1,1,1,1,0,0,0,0
000070.jpg,0,0,0,0,0,0,0,0,0,1,1,1,1,1,0,0,0,0
000071.jpg,0,0,0,0,0,0,0,0,0,1,1,1,1,1,0,0,0,0
000072.jpg,0,0,0,0,0,0,0,0,0,1,1,1,1,1,0,0,0,0
000073.jpg,0,0,0,0,0,0,0,0,0,1,1,1,1,1,0,0,0,0
000074.jpg,0,0,0,0,0,0,0,0,0,1,1,1,1,1,0,0,0,0
000075.jpg,0,0,0,0,0,0,0,0,0,1,1,1,1,1,0,0,0,0
000076.jpg,0,0,0,0,0,0,0,0,0,1,1,1,1,1,0,0,0,0
000077.jpg,0,0,0,0,0,0,0,0,0,1,1,1,1,1,0,0,0,0
000078.jpg,0,0,0,0,0,0,0,0,0,1,1,1,1,1,0,0,0,0
000079.jpg,0,0,0,0,0,0,0,0,0,1,1,1,1,1,0,0,0,0
000080.jpg,0,0,0,0,0,0,0,0,0,1,1,1,1,1,0,0,0,0
000081.jpg,0,0,0,0,0,0,0,0,0,1,1,1,1,1,0,0,0,0
000082.jpg,0,0,0,0,0,0,0,0,0,1,1,1,1,1,0,0,0,0
000083.jpg,0,0,0,0,0,0,0,0,0,1,1,1,1,1,0,0,0,0
000084.jpg,0,0,0,0,0,0,0,0,0,1,1,1,1,1,0,0,0,0
000085.jpg,0,0,0,0,0,0,0,0,0,1,1,1,1,1,0,0,0,0
000086.jpg,0,0,0,0,0,0,0,0,0,1,1,1,1,1,0,0,0,0
000087.jpg,0,0,0,0,0,0,0,0,0,1,1,1,1,1,0,0,0,0
000088.jpg,0,0,0,0,0,0,0,0,0,1,1,1,1,1,0,0,0,0
000089.jpg,0,0,0,0,0,0,0,0,0,1,1,1,1,1,0,0,0,0
000090.jpg,0,0,0,0,0,0,0,0,0,1,1,1,1,1,0,0,0,0
000091.jpg,0,0,0,0,0,0,0,0,0,1,1,1,1,1,0,0,0,0
000092.jpg,0,0,0,0,0,0,0,0,0,1,1,1,1,1,0,0,0,0
000093.jpg,0,0,0,0,0,0,0,0,0,1,1,1,1,1,0,0,0,0
000094.jpg,0,0,0,0,0,0,0,0,0,1,1,1,1,1,0,0,0,0
000095.jpg,0,0,0,0,0,0,0,0,0,1,1,1,1,1,0,0,0,0
000096.jpg,0,0,0,0,0,0,0,0,0,1,1,1,1,1,0,0,0,0
000097.jpg,0,0,0,0,0,0,0,0,0,1,1,1,1,1,0,0,0,0
000098.jpg,0,0,0,0,0,0,0,0,0,1,1,1,1,1,0,0,0,0
000099.jpg,0,0,0,0,0,0,0,0,0,1,1,1,1,1,0,0,0,0
000100.jpg,0,0,0,0,0,0,0,0,0,1,1,1,1,1,0,0,0,0
000101.jpg,0,0,0,0,0,0,0,0,0,1,1,1,1,1,0,0,0,0
000102.jpg,0,0,0,0,0,0,0,0,0,1,1,1,1,1,0,0,0,0
000103.jpg,0,0,0,0,0,0,0,0,0,1,1,1,1,1,0,0,0,0
000104.jpg,0,0,0,0,0,0,0,0,0,1,1,1,1,1,0,0,0,0
000105.jpg,0,0,0,0,0,0,0,0,0,1,1,1,1,1,0,0,0,0
000106.jpg,0,0,0,0,0,0,0,0,0,1,1,1,1,1,0,0,0,0
000107.jpg,0,0,0,0,0,0,0,0,0,1,1,1,1,1,0,0,0,0
000108.jpg,0,0,0,0,0,0,0,0,0,1,1,1,1,1,0,0,0,0
000109.jpg,0,0,0,0,0,0,0,0,0,1,1,1,1,1,0,0,0,0
000110.jpg,0,0,0,0,0,0,0,0,0,1,1,1,1,1,0,0,0,0
000111.jpg,0,0,0,0,0,0,0,0,0,1,1,1,1,1,0,0,0,0
000112.jpg,0,0,0,0,0,0,0,0,0,1,1,1,1,1,0,0,0,0
000113.jpg,0,0,0,0,0,0,0,0,0,1,1,1,1,1,0,0,0,0
000114.jpg,0,0,0,0,0,0,0,0,0,1,1,1,1,1,0,0,0,0
000115.jpg,0,0,0,0,0,0,0,0,0,1,1,1,1,1,0,0,0,0
000116.jpg,0,0,0,0,0,0,0,0,0,1,1,1,1,1,0,0,0,0
000117.jpg,0,0,0,0,0,0,0,0,0,1,1,1,1,1,0,0,0,0
000118.jpg,0,0,0,0,0,0,0,0,0,1,1,1,1,1,0,0,0,0
000119.jpg,0,0,0,0,0,0,0,0,0,1,1,1,1,1,0,0,0,0
000120.jpg,0,0,0,0,0,0,0,0,0,1,1,1,1,1,0,0,0,0
000121.jpg,0,0,0,0,0,0,0,0,0,1,1,1,1,1,0,0,0,0
000122.jpg,0,0,0,0,0,0,0,0,0,1,1,1,1,1,0,0,0,0
000123.jpg,0,0,0,0,0,0,0,0,0,1,1,1,1,1,0,0,0,0
000124.jpg,0,0,0,0,0,0,0,0,0,1,1,1,1,1,0,0,0,0
000125.jpg,0,0,0,0,0,0,0,0,0,1,1,1,1,1,0,0,0,0
000126.jpg,0,0,0,0,0,0,0,0,0,1,1,1,1,1,0,0,0,0
000127.jpg,0,0,0,0,0,0,0,0,0,1,1,1,1,1,0,0,0,0
000128.jpg,0,0,0,0,0,0,0,0,0,1,1,1,1,1,0,0,0,0
000129.jpg,0,0,0,0,0,0,0,0,0,1,1,1,1,1,0,0,0,0
000130.jpg,0,0,0,0,0,0,0,0,0,1,1,1,1,1,0,0,0,0
000131.jpg,0,0,0,0,0,0,0,0,0,1,1,1,1,1,0,0,0,0
000132.jpg,0,0,0,0,0,0,0,0,0,1,1,1,1,1,0,0,0,0
000133.jpg,0,0,0,0,0,0,0,0,0,1,1,1,1,1,0,0,0,0
000134.jpg,0,0,0,0,0,0,0,0,0,1,1,1,1,1,0,0,0,0
000135.jpg,0,0,0,0,0,0,0,0,0,1,1,1,1,1,0,0,0,0
000136.jpg,0,0,0,0,0,0,0,0,0,1,1,1,1,1,0,0,0,0
000137.jpg,0,0,0,0,0,0,0,0,0,1,1,1,1,1,0,0,0,0
000138.jpg,0,0,0,0,0,0,0,0,0,1,1,1,1,1,0,0,0,0
000139.jpg,0,0,0,0,0,0,0,0,0,1,1,1,1,1,0,0,0,0
000140.jpg,0,0,0,0,0,0,0,0,0,1,1,1,1,1,0,0,0,0
000141.jpg,0,0,0,0,0,0,0,0,0,1,1,1,1,1,0,0,0,0
000142.jpg,0,0,0,0,0,0,0,0,0,1,1,1,1,1,0,0,0,0
000143.jpg,0,0,0,0,0,0,0,0,0,1,1,1,1,1,0,0,0,0
000144.jpg,0,0,0,0,0,0,0,0,0,1,1,1,1,1,0,0,0,0
000145.jpg,0,0,0,0,0,0,0,0,0,1,1,1,1,1,0,0,0,0
000146.jpg,0,0,0,0,0,0,0,0,0,1,1,1,1,1,0,0,0,0
000147.jpg,0,0,0,0,0,0,0,0,0,1,1,1,1,1,0,0,0,0
000148.jpg,0,0,0,0,0,0,0,0,0,1,1,1,1,1,0,0,0,0
000149.jpg,0,0,0,0,0,0,0,0,0,1,1,1,1,1,0,0,0,0
000150.jpg,0,0,0,0,0,0,0,0,0,1,1,1,1,1,0,0,0,0
000151.jpg,0,0,0,0,0,0,0,0,0,1,1,1,1,1,0,0,0,0
000152.jpg,0,0,0,0,0,0,0,0,0,1,1,1,1,1,0,0,0,0
000153.jpg,0,0,0,0,0,0,0,0,0,1,1,1,1,1,0,0,0,0
000154.jpg,0,0,0,0,0,0,0,0,0,1,1,1,1,1,0,0,0,0
000155.jpg,0,0,0,0,0,0,0,0,0,1,1,1,1,1,0,0,0,0
000156.jpg,0,0,0,0,0,0,0,0,0,1,1,1,1,1,0,0,0,0
000157.jpg,0,0,0,0,0,0,0,0,0,1,1,1,1,1,0,0,0,0
000158.jpg,0,0,0,0,0,0,0,0,0,1,1,1,1,1,0,0,0,0
000159.jpg,0,0,0,0,0,0,0,0,0,1,1,1,1,1,0,0,0,0
000160.jpg,0,0,0,0,0,0,0,0,0,1,1,1,1,1,0,0,0,0
000161.jpg,0,0,0,0,0,0,0,0,0,1,1,1,1,1,0,0,0,0
000162.jpg,0,0,0,0,0,0,0,0,0,1,1,1,1,1,0,0,0,0
000163.jpg,0,0,0,0,0,0,0,0,0,1,1,1,1,1,0,0,0,0
000164.jpg,0,0,0,0,0,0,0,0,0,1,1,1,1,1,0,0,0,0
000165.jpg,0,0,0,0,0,0,0,0,0,1,1,1,1,1,0,0,0,0
000166.jpg,0,0,0,0,0,0,0,0,0,1,1,1,1,1,0,0,0,0
000167.jpg,0,0,0,0,0,0,0,0,0,1,1,1,1,1,0,0,0,0
000168.jpg,0,0,0,0,0,0,0,0,0,1,1,1,1,1,0,0,0,0
000169.jpg,0,0,0,0,0,0,0,0,0,1,1,1,1,1,0,0,0,0
000170.jpg,0,0,0,0,0,0,0,0,0,1,1,1,1,1,0,0,0,0
000171.jpg,0,0,0,0,0,0,0,0,0,1,1,1,1,1,0,0,0,0
000172.jpg,0,0,0,0,0,0,0,0,0,1,1,1,1,1,0,0,0,0
000173.jpg,0,0,0,0,0,0,0,0,0,1,1,1,1,1,0,0,0,0
000174.jpg,0,0,0,0,0,0,0,0,0,1,1,1,1,1,0,0,0,0
000175.jpg,0,0,0,0,0,0,0,0,0,1,1,1,1,1,0,0,0,0
000176.jpg,0,0,0,0,0,0,0,0,0,1,1,1,1,1,0,0,0,0
000177.jpg,0,0,0,0,0,0,0,0,0,1,1,1,1,1,0,0,0,0
000178.jpg,0,0,0,0,0,0,0,0,0,1,1,1,1,1,0,0,0,0
000179.jpg,0,0,0,0,0,0,0,0,0,1,1,1,1,1,0,0,0,0
000180.jpg,0,0,0,0,0,0,0,0,0,1,1,1,1,1,0,0,0,0
000181.jpg,0,0,0,0,0,0,0,0,0,1,1,1,1,1,0,0,0,0
000182.jpg,0,0,0,0,0,0,0,0,0,1,1,1,1,1,0,0,0,0
000183.jpg,0,0,0,0,0,0,0,0,0,1,1,1,1,1,0,0,0,0
000184.jpg,0,0,0,0,0,0,0,0,0,1,1,1,1,1,0,0,0,0
000185.jpg,0,0,0,0,0,0,0,0,0,1,1,1,1,1,0,0,0,0
000186.jpg,0,0,0,0,0,0,0,0,0,1,1,1,1,1,0,0,0,0
000187.jpg,0,0,0,0,0,0,0,0,0,1,1,1,1,1,0,0,0,0
000188.jpg,0,0,0,0,0,0,0,0,0,1,1,1,1,1,0,0,0,0
000189.jpg,0,0,0,0,0,0,0,0,0,1,1,1,1,1,0,0,0,0
000190.jpg,0,0,0,0,0,0,0,0,0,1,1,1,1,1,0,0,0,0
000191.jpg,0,0,0,0,0,0,0,0,0,1,1,1,1,1,0,0,0,0
000192.jpg,0,0,0,0,0,0,0,0,0,1,1,1,1,1,0,0,0,0
000193.jpg,0,0,0,0,0,0,0,0,0,1,1,1,1,1,0,0,0,0
000194.jpg,0,0,0,0,0,0,0,0,0,1,1,1,1,1,0,0,0,0
000195.jpg,0,0,0,0,0,0,0,0,0,1,1,1,1,1,0,0,0,0
000196.jpg,0,0,0,0,0,0,0,0,0,1,1,1,1,1,0,0,0,0
000197.jpg,0,0,0,0,0,0,0,0,0,1,1,1,1,1,0,0,0,0
000198.jpg,0,0,0,0,0,0,0,0,0,1,1,1,1,1,0,0,0,0
000199.jpg,0,0,0,0,0,0,0,0,0,1,1,1,1,1,0,0,0,0
000200.jpg,0,0,0,0,0,0,0,0,0,1,1,1,1,1,0,0,0,0
000201.jpg,0,0,0,0,0,0,0,0,0,1,1,1,1,1,0,0,0,0
000202.jpg,0,0,0,0,0,0,0,0,0,1,1,1,1,1,0,0,0,0
000203.jpg,0,0,0,0,0,0,0,0,0,1,1,1,1,1,0,0,0,0
000204.jpg,0,0,0,0,0,0,0,0,0,1,1,1,1,1,0,0,0,0
000205.jpg,0,0,0,0,0,0,0,0,0,1,1,1,1,1,0,0,0,0
000206.jpg,0,0,0,0,0,0,0,0,0,1,1,1,1,1,0,0,0,0
000207.jpg,0,0,0,0,0,0,0,0,0,1,1,1,1,1,0,0,0,0
000208.jpg,0,0,0,0,0,0,0,0,0,1,1,1,1,1,0,0,0,0
000209.jpg,0,0,0,0,0,0,0,0,0,1,1,1,1,1,0,0,0,0
000210.jpg,0,0,0,0,0,0,0,0,0,1,1,1,1,1,0,0,0,0
000211.jpg,0,0,0,0,0,0,0,0,0,1,1,1,1,1,0,0,0,0
000212.jpg,0,0,0,0,0,0,0,0,0,1,1,1,1,1,0,0,0,0
000213.jpg,0,0,0,0,0,0,0,0,0,1,1,1,1,1,0,0,0,0
000214.jpg,0,0,0,0,0,0,0,0,0,1,1,1,1,1,0,0,0,0
000215.jpg,0,0,0,0,0,0,0,0,0,1,1,1,1,1,0,0,0,0
000216.jpg,0,0,0,0,0,0,0,0,0,1,1,1,1,1,0,0,0,0
000217.jpg,0,0,0,0,0,0,0,0,0,1,1,1,1,1,0,0,0,0
000218.jpg,0,0,0,0,0,0,0,0,0,1,1,1,1,1,0,0,0,0
000219.jpg,0,0,0,0,0,0,0,0,0,1,1,1,1,1,0,0,0,0
000220.jpg,0,0,0,0,0,0,0,0,0,1,1,1,1,1,0,0,0,0
000221.jpg,0,0,0,0,0,0,0,0,0,1,1,1,1,1,0,0,0,0
000222.jpg,0,0,0,0,0,0,0,0,0,1,1,1,1,1,0,0,0,0
000223.jpg,0,0,0,0,0,0,0,0,0,1,1,1,1,1,0,0,0,0
000224.jpg,0,0,0,0,0,0,0,0,0,1,1,1,1,1,0,0,0,0
000225.jpg,0,0,0,0,0,0,0,0,0,1,1,1,1,1,0,0,0,0
000226.jpg,0,0,0,0,0,0,0,0,0,1,1,1,1,1,0,0,0,0
000227.jpg,0,0,0,0,0,0,0,0,0,1,1,1,1,1,0,0,0,0
000228.jpg,0,0,0,0,0,0,0,0,0,1,1,1,1,1,0,0,0,0
000229.jpg,0,0,0,0,0,0,0,0,0,1,1,1,1,1,0,0,0,0
000230.jpg,0,0,0,0,0,0,0,0,0,1,1,1,1,1,0,0,0,0
000231.jpg,0,0,0,0,0,0,0,0,0,1,1,1,1,1,0,0,0,0
000232.jpg,0,0,0,0,0,0,0,0,0,1,1,1,1,1,0,0,0,0
000233.jpg,0,0,0,0,0,0,0,0,0,1,1,1,1,1,0,0,0,0
000234.jpg,0,0,0,0,0,0,0,0,0,1,1,1,1,1,0,0,0,0
000235.jpg,0,0,0,0,0,0,0,0,0,1,1,1,1,1,0,0,0,0
000236.jpg,0,0,0,0,0,0,0,0,0,1,1,1,1,1,0,0,0,0
000237.jpg,0,0,0,0,0,0,0,0,0,1,1,1,1,1,0,0,0,0
000238.jpg,0,0,0,0,0,0,0,0,0,1,1,1,1,1,0,0,0,0
000239.jpg,0,0,0,0,0,0,0,0,0,1,1,1,1,1,0,0,0,0
000240.jpg,0,0,0,0,0,0,0,0,0,1,1,1,1,1,0,0,0,0
000241.jpg,0,0,0,0,0,0,0,0,0,1,1,1,1,1,0,0,0,0
000242.jpg,0,0,0,0,0,0,0,0,0,1,1,1,1,1,0,0,0,0
000243.jpg,0,0,0,0,0,0,0,0,0,1,1,1,1,1,0,0,0,0
000244.jpg,0,0,0,0,0,0,0,0,0,1,1,1,1,1,0,0,0,0
000245.jpg,0,0,0,0,0,0,0,0,0,1,1,1,1,1,0,0,0,0
000246.jpg,0,0,0,0,0,0,0,0,0,1,1,1,1,1,0,0,0,0
000247.jpg,1,1,0,0,0,0,0,0,0,1,1,1,1,1,0,0,0,0
000248.jpg,1,1,0,0,0,0,0,0,0,1,1,1,1,1,0,0,0,0
000249.jpg,1,1,0,0,0,0,0,0,0,1,1,1,1,1,0,0,0,0
000250.jpg,1,1,0,0,0,0,0,0,0,1,1,1,1,1,1,1,0,0
000251.jpg,1,1,0,0,0,0,0,0,0,1,1,1,1,1,1,1,0,0
000252.jpg,1,1,0,0,0,0,0,0,0,1,1,1,1,1,1,1,0,0
000253.jpg,1,1,0,0,0,0,0,0,0,1,1,1,1,1,1,1,0,0
000254.jpg,1,1,0,0,0,0,0,0,0,1,1,1,1,1,1,1,0,0
000255.jpg,1,1,0,0,0,0,0,0,0,1,1,1,1,1,1,1,0,0
000256.jpg,1,1,0,0,0,0,0,0,0,1,1,1,1,1,1,1,0,0
000257.jpg,1,1,0,0,0,0,0,0,0,1,1,1,1,1,1,1,0,0
000258.jpg,1,1,0,0,0,0,0,0,0,1,1,1,1,1,1,1,0,0
000259.jpg,1,1,0,0,0,0,0,0,0,1,1,1,1,1,1,1,0,0
000260.jpg,1,1,0,0,0,0,0,0,0,1,1,1,1,1,1,1,0,0
000261.jpg,1,1,0,0,0,0,0,0,0,1,1,1,1,1,1,1,0,0
000262.jpg,1,1,0,0,0,0,0,0,0,1,1,1,1,1,1,1,0,0
000263.jpg,1,1,0,0,0,0,0,0,0,1,1,1,1,1,1,1,0,0
000264.jpg,1,1,0,0,0,0,0,0,0,1,1,1,1,1,1,1,0,0
000265.jpg,1,1,0,0,0,0,0,0,0,1,1,1,1,1,1,1,0,0
000266.jpg,1,1,0,0,0,0,0,0,0,1,1,1,1,1,1,1,0,0
000267.jpg,1,1,0,0,0,0,0,0,0,1,1,1,1,1,1,1,0,0
000268.jpg,1,1,0,0,0,0,0,0,0,1,1,1,1,1,1,1,0,0
000269.jpg,1,1,0,0,0,0,0,0,0,1,1,1,1,1,1,1,0,0
000270.jpg,1,1,0,0,0,0,0,0,0,1,1,1,1,1,1,1,0,0
000271.jpg,1,1,0,0,0,0,0,0,0,1,1,1,1,1,1,1,0,0
000272.jpg,1,1,0,0,0,0,0,0,0,1,1,1,1,1,1,1,0,0
000273.jpg,1,1,0,0,0,0,0,0,0,1,1,1,1,1,1,1,0,0
000274.jpg,1,1,0,0,0,0,0,0,0,1,1,1,1,1,1,1,0,0
000275.jpg,1,1,0,0,0,0,0,0,0,1,1,1,1,1,1,1,0,0
000276.jpg,1,1,0,0,0,0,0,0,0,1,1,1,1,1,1,1,0,0
000277.jpg,1,1,0,0,0,0,0,0,0,1,1,1,1,1,1,1,0,0
000278.jpg,1,1,0,0,0,0,0,0,0,1,1,1,1,1,1,1,0,0
000279.jpg,1,1,0,0,0,0,0,0,0,1,1,1,1,1,1,1,0,0
000280.jpg,1,1,0,0,0,0,0,0,0,1,1,1,1,1,1,1,0,0
000281.jpg,1,1,0,0,0,0,0,0,0,1,1,1,1,1,1,1,0,0
000282.jpg,1,1,0,0,0,0,0,0,0,1,1,1,1,1,1,1,0,0
000283.jpg,1,1,0,0,0,0,0,0,0,1,1,1,1,1,1,1,0,0
000284.jpg,1,1,0,0,0,0,0,0,0,1,1,1,1,1,1,1,0,0
000285.jpg,1,1,0,0,0,0,0,0,0,1,1,1,1,1,1,1,0,0
000286.jpg,1,1,0,0,0,0,0,0,0,1,1,1,1,1,1,1,0,0
000287.jpg,1,1,0,0,0,0,0,0,0,1,1,1,1,1,1,1,0,0
000288.jpg,1,1,0,0,0,0,0,0,0,1,1,1,1,1,1,1,0,0
000289.jpg,1,1,0,0,0,0,0,0,0,1,1,1,1,1,1,1,0,0
000290.jpg,1,1,0,0,0,0,0,0,0,1,1,1,1,1,1,1,0,0
000291.jpg,1,1,0,0,0,0,0,0,0,1,1,1,1,1,1,1,0,0
000292.jpg,1,1,0,0,0,0,0,0,0,1,1,1,1,1,1,1,0,0
000293.jpg,1,1,0,0,0,0,0,0,0,1,1,1,1,1,1,1,0,0
000294.jpg,1,1,0,0,0,0,0,0,0,1,1,1,1,1,1,1,0,0
000295.jpg,1,1,0,0,0,0,0,0,0,1,1,1,1,1,1,1,0,0
000296.jpg,1,1,0,0,0,0,0,0,0,1,1,1,1,1,1,1,0,0
000297.jpg,1,1,0,0,0,0,0,0,0,1,1,1,1,1,1,1,0,0
000298.jpg,1,1,0,0,0,0,0,0,0,1,1,1,1,1,1,1,0,0
000299.jpg,1,1,0,0,0,0,0,0,0,1,1,1,1,1,1,1,0,0
000300.jpg,1,1,0,0,0,0,0,0,0,1,1,1,1,1,1,1,0,0
000301.jpg,1,1,0,0,0,0,0,0,0,1,1,1,1,1,1,1,0,0
000302.jpg,1,1,0,0,0,0,0,0,0,1,1,1,1,1,1,1,0,0
000303.jpg,1,1,0,0,0,0,0,0,0,1,1,1,1,1,1,1,0,0
000304.jpg,1,1,0,0,0,0,0,0,0,1,1,1,1,1,1,1,0,0
000305.jpg,1,1,0,0,0,0,0,0,0,1,1,1,1,1,1,1,0,0
000306.jpg,1,1,0,0,0,0,0,0,0,1,1,1,1,1,1,1,0,0
000307.jpg,1,1,0,0,0,0,0,0,0,1,1,1,1,1,1,1,0,0
000308.jpg,1,1,0,0,0,0,0,0,0,1,1,1,1,1,1,1,0,0
000309.jpg,1,1,0,0,0,0,0,0,0,1,1,1,1,1,1,1,0,0
000310.jpg,1,1,0,0,0,0,0,0,0,1,1,1,1,1,1,1,0,0
000311.jpg,1,1,0,0,0,0,0,0,0,1,1,1,1,1,1,1,0,0
000312.jpg,1,1,0,0,0,0,0,0,0,1,1,1,1,1,1,1,0,0
000313.jpg,1,1,0,0,0,0,0,0,0,1,1,1,1,1,1,1,0,0
000314.jpg,1,1,0,0,0,0,0,0,0,1,1,1,1,1,1,1,0,0
000315.jpg,1,1,0,0,0,0,0,0,0,1,1,1,1,1,1,1,0,0
000316.jpg,1,1,0,0,0,0,0,0,0,1,1,1,1,1,1,1,0,0
000317.jpg,1,1,0,0,0,0,0,0,0,1,1,1,1,1,1,1,0,0
000318.jpg,1,1,0,0,0,0,0,0,0,1,1,1,1,1,1,1,0,0
000319.jpg,1,1,0,0,0,0,0,0,0,1,1,1,1,1,1,1,0,0
000320.jpg,1,1,0,0,0,0,0,0,0,1,1,1,1,1,1,1,0,0
000321.jpg,1,1,0,0,0,0,0,0,0,1,1,1,1,1,1,1,0,0
000322.jpg,1,1,0,0,0,0,0,0,0,1,1,1,1,1,1,1,0,0
000323.jpg,1,1,0,0,0,0,0,0,0,1,1,1,1,1,1,1,0,0
000324.jpg,1,1,0,0,0,0,0,0,0,1,1,1,1,1,1,1,0,0
000325.jpg,1,1,0,0,0,0,0,0,0,1,1,1,1,1,1,1,0,0
000326.jpg,1,1,0,0,0,0,0,0,0,1,1,1,1,1,1,1,0,0
000327.jpg,1,1,0,0,0,0,0,0,0,1,1,1,1,1,1,1,0,0
000328.jpg,1,1,0,0,0,0,0,0,0,1,1,1,1,1,1,1,0,0
000329.jpg,1,1,0,0,0,0,0,0,0,1,1,1,1,1,1,1,0,0
000330.jpg,1,1,0,0,0,0,0,0,0,1,1,1,1,1,1,1,0,0
000331.jpg,1,1,0,0,0,0,0,0,0,1,1,1,1,1,1,1,0,0
000332.jpg,1,1,0,0,0,0,0,0,0,1,1,1,1,1,1,1,0,0
000333.jpg,1,1,0,0,0,0,0,0,0,1,1,1,1,1,1,1,0,0
000334.jpg,1,1,0,0,0,0,0,0,0,1,1,1,1,1,1,1,0,0
000335.jpg,1,1,0,0,0,0,0,0,0,1,1,1,1,1,1,1,0,0
000336.jpg,1,1,0,0,0,0,0,0,0,1,1,1,1,1,1,1,0,0
000337.jpg,1,1,0,0,0,0,0,0,0,1,1,1,1,1,1,1,0,0
000338.jpg,1,1,0,0,0,0,0,0,0,1,1,1,1,1,1,1,0,0
000339.jpg,1,1,0,0,0,0,0,0,0,1,1,1,1,1,1,1,0,0
000340.jpg,1,1,0,0,0,0,0,0,0,1,1,1,1,1,1,1,0,0
000341.jpg,1,1,0,0,0,0,0,0,0,1,1,1,1,1,1,1,0,0
000342.jpg,1,1,0,0,0,0,0,0,0,1,1,1,1,1,1,1,0,0
000343.jpg,1,1,0,0,0,0,0,0,0,1,1,1,1,1,1,1,0,0
000344.jpg,1,1,0,0,0,0,0,0,0,1,1,1,1,1,1,1,0,0
000345.jpg,1,1,0,0,0,0,0,0,0,1,1,1,1,1,1,1,0,0
000346.jpg,1,1,0,0,0,0,0,0,0,1,1,1,1,1,1,1,0,0
000347.jpg,1,1,0,0,0,0,0,0,0,1,1,1,1,1,1,1,0,0
000348.jpg,1,1,0,0,0,0,0,0,0,1,1,1,1,1,1,1,0,0
000349.jpg,1,1,0,0,0,0,0,0,0,1,1,1,1,1,1,1,0,0
000350.jpg,1,1,0,0,0,0,0,0,0,1,1,1,1,1,1,1,0,0
000351.jpg,1,1,0,0,0,0,0,0,0,1,1,1,1,1,1,1,0,0
000352.jpg,1,1,0,0,0,0,0,0,0,1,1,1,1,1,1,1,0,0
000353.jpg,1,1,0,0,0,0,0,0,0,1,1,1,1,1,1,1,0,0
000354.jpg,1,1,0,0,0,0,0,0,0,1,1,1,1,1,1,1,0,0
000355.jpg,1,1,0,0,0,0,0,0,0,1,1,1,1,1,1,1,0,0
000356.jpg,1,1,0,0,0,0,0,0,0,1,1,1,1,1,1,1,0,0
000357.jpg,1,1,0,0,0,0,0,0,0,1,1,1,1,1,1,1,0,0
000358.jpg,1,1,0,0,0,0,0,0,0,1,1,1,1,1,1,1,0,0
000359.jpg,1,1,0,0,0,0,0,0,0,1,1,1,1,1,1,1,0,0
000360.jpg,1,1,0,0,0,0,0,0,0,1,1,1,1,1,1,1,0,0
000361.jpg,1,1,0,0,0,0,0,0,0,1,1,1,1,1,1,1,0,0
000362.jpg,1,1,0,0,0,0,0,0,0,1,1,1,1,1,1,1,0,0
000363.jpg,1,1,0,0,0,0,0,0,0,1,1,1,1,1,1,1,0,0
000364.jpg,1,1,0,0,0,0,0,0,0,1,1,1,1,1,1,1,0,0
000365.jpg,1,1,0,0,0,0,0,0,0,1,1,1,1,1,1,1,0,0
000366.jpg,1,1,0,0,0,0,0,0,0,1,1,1,1,1,1,1,0,0
000367.jpg,1,1,0,0,0,0,0,0,0,1,1,1,1,1,1,1,0,0
000368.jpg,1,1,0,0,0,0,0,0,0,1,1,1,1,1,1,1,0,0
000369.jpg,1,1,0,0,0,0,0,0,0,1,1,1,1,1,1,1,0,0
000370.jpg,1,1,0,0,0,0,0,0,0,1,1,1,1,1,1,1,0,0
000371.jpg,1,1,0,0,0,0,0,0,0,1,1,1,1,1,1,1,0,0
000372.jpg,1,1,0,0,0,0,0,0,0,1,1,1,1,1,1,1,0,0
000373.jpg,1,1,0,0,0,0,0,0,0,1,1,1,1,1,1,1,0,0
000374.jpg,1,1,0,0,0,0,0,0,0,1,1,1,1,1,1,1,0,0
000375.jpg,1,1,0,0,0,0,0,0,0,1,1,1,1,1,1,1,0,0
000376.jpg,1,1,0,0,0,0,0,0,0,1,1,1,1,1,1,1,0,0
000377.jpg,1,1,0,0,0,0,0,0,0,1,1,1,1,1,1,1,0,0
000378.jpg,1,1,0,0,0,0,0,0,0,1,1,1,1,1,1,1,0,0
000379.jpg,1,1,0,0,0,0,0,0,0,1,1,1,1,1,1,1,0,0
000380.jpg,1,1,0,0,0,0,0,0,0,1,1,1,1,1,1,1,0,0
000381.jpg,1,1,0,0,0,0,0,0,0,1,1,1,1,1,1,1,0,0
000382.jpg,1,1,0,0,0,0,0,0,0,1,1,1,1,1,1,1,0,0
000383.jpg,1,1,0,0,0,0,0,0,0,1,1,1,1,1,1,1,0,0
000384.jpg,1,1,0,0,0,0,0,0,0,1,1,1,1,1,1,1,0,0
000385.jpg,1,1,0,0,0,0,0,0,0,1,1,1,1,1,1,1,0,0
000386.jpg,1,1,0,0,0,0,0,0,0,1,1,1,1,1,1,1,0,0
000387.jpg,1,1,0,0,0,0,0,0,0,1,1,1,1,1,1,1,0,0
000388.jpg,1,1,0,0,0,0,0,0,0,1,1,1,1,1,1,1,0,0
000389.jpg,1,1,0,0,0,0,0,0,0,1,1,1,1,1,1,1,0,0
000390.jpg,1,1,0,0,0,0,0,0,0,1,1,1,1,1,1,1,0,0
000391.jpg,1,1,0,0,0,0,0,0,0,1,1,1,1,1,1,1,0,0
000392.jpg,1,1,0,0,0,0,0,0,0,1,1,1,1,1,1,1,0,0
000393.jpg,1,1,0,0,0,0,0,0,0,1,1,1,1,1,1,1,0,0
000394.jpg,1,1,0,0,0,0,0,0,0,1,1,1,1,1,1,1,0,0
000395.jpg,1,1,0,0,0,0,0,0,0,1,1,1,1,1,1,1,0,0
000396.jpg,1,1,0,0,0,0,0,0,0,1,1,1,1,1,1,1,0,0
000397.jpg,1,1,0,0,0,0,0,0,0,1,1,1,1,1,1,1,0,0
000398.jpg,1,1,0,0,0,0,0,0,0,1,1,1,1,1,1,1,0,0
000399.jpg,1,1,0,0,0,0,0,0,0,1,1,1,1,1,1,1,0,0
000400.jpg,1,1,0,0,0,0,0,0,0,1,1,1,1,1,1,1,0,0
000401.jpg,1,1,0,0,0,0,0,0,0,1,1,1,1,1,1,1,0,0
000402.jpg,1,1,0,0,0,0,0,0,0,1,1,1,1,1,1,1,0,0
000403.jpg,1,1,0,0,0,0,0,0,0,1,1,1,1,1,1,1,0,0
000404.jpg,1,1,0,0,0,0,0,0,0,1,1,1,1,1,1,1,0,0
000405.jpg,1,1,0,0,0,0,0,0,0,1,1,1,1,1,1,1,0,0
000406.jpg,1,1,0,0,0,0,0,0,0,1,1,1,1,1,1,1,0,0
000407.jpg,1,1,0,0,0,0,0,0,0,1,1,1,1,1,1,1,0,0
000408.jpg,1,1,0,0,0,0,0,0,0,1,1,1,1,1,1,1,0,0
000409.jpg,1,1,0,0,0,0,0,0,0,1,1,1,1,1,1,1,0,0
000410.jpg,1,1,0,0,0,0,0,0,0,1,1,1,1,1,1,1,0,0
000411.jpg,1,1,0,0,0,0,0,0,0,1,1,1,1,1,1,1,0,0
000412.jpg,1,1,0,0,0,0,0,0,0,1,1,1,1,1,1,1,0,0
000413.jpg,1,1,0,0,0,0,0,0,0,1,1,1,1,1,1,1,0,0
000414.jpg,1,1,0,0,0,0,0,0,0,1,1,1,1,1,1,1,0,0
000415.jpg,1,1,0,0,0,0,0,0,0,1,1,1,1,1,1,1,0,0
000416.jpg,1,1,0,0,0,0,0,0,0,1,1,1,1,1,1,1,0,0
000417.jpg,1,1,0,0,0,0,0,0,0,1,1,1,1,1,1,1,0,0
000418.jpg,1,1,0,0,0,0,0,0,0,1,1,1,1,1,1,1,0,0
000419.jpg,1,1,0,0,0,0,0,0,0,1,1,1,1,1,1,1,0,0
000420.jpg,1,1,0,0,0,0,0,0,0,1,1,1,1,1,1,1,0,0
000421.jpg,1,1,0,0,0,0,0,0,0,1,1,1,1,1,1,1,0,0
000422.jpg,1,1,0,0,0,0,0,0,0,1,1,1,1,1,1,1,0,0
000423.jpg,1,1,0,0,0,0,0,0,0,1,1,1,1,1,1,1,0,0
000424.jpg,1,1,0,0,0,0,0,0,0,1,1,1,1,1,1,1,0,0
000425.jpg,1,1,0,0,0,0,0,0,0,1,1,1,1,1,1,1,0,0
000426.jpg,1,1,0,0,0,0,0,0,0,1,1,1,1,1,1,1,0,0
000427.jpg,1,1,0,0,0,0,0,0,0,1,1,1,1,1,1,1,0,0
000428.jpg,1,1,0,0,0,0,0,0,0,1,1,1,1,1,1,1,0,0
000429.jpg,1,1,0,0,0,0,0,0,0,1,1,1,1,1,1,1,0,0
000430.jpg,1,1,0,0,0,0,0,0,0,1,1,1,1,1,1,1,0,0
000431.jpg,1,1,0,0,0,0,0,0,0,1,1,1,1,1,1,1,0,0
000432.jpg,1,1,0,0,0,0,0,0,0,1,1,1,1,1,1,1,0,0
000433.jpg,1,1,0,0,0,0,0,0,0,1,1,1,1,1,1,1,0,0
000434.jpg,1,1,0,0,0,0,0,0,0,1,1,1,1,1,1,1,0,0
000435.jpg,1,1,0,0,0,0,0,0,0,1,1,1,1,1,1,1,0,0
000436.jpg,1,1,0,0,0,0,0,0,0,1,1,1,1,1,1,1,0,0
000437.jpg,1,1,0,0,0,0,0,0,0,1,1,1,1,1,1,1,0,0
000438.jpg,1,1,0,0,0,0,0,0,0,1,1,1,1,1,1,1,0,0
000439.jpg,1,1,0,0,0,0,0,0,0,1,1,1,1,1,1,1,0,0
000440.jpg,1,1,0,0,0,0,0,0,0,1,1,1,1,1,1,1,0,0
000441.jpg,1,1,0,0,0,0,0,0,0,1,1,1,1,1,1,1,0,0
000442.jpg,1,1,0,0,0,0,0,0,0,1,1,1,1,1,1,1,0,0
000443.jpg,1,1,0,0,0,0,0,0,0,1,1,1,1,1,1,1,0,0
000444.jpg,1,1,0,0,0,0,0,0,0,1,1,1,1,1,1,1,0,0
000445.jpg,1,1,0,0,0,0,0,0,0,1,1,1,1,1,1,1,0,0
000446.jpg,1,1,0,0,0,0,0,0,0,1,1,1,1,1,1,1,0,0
000447.jpg,1,1,0,0,0,0,0,0,0,1,1,1,1,1,1,1,0,0
000448.jpg,1,1,0,0,0,0,0,0,0,1,1,1,1,1,1,1,0,0
000449.jpg,1,1,0,0,0,0,0,0,0,1,1,1,1,1,1,1,0,0
000450.jpg,1,1,0,0,0,0,0,0,0,1,1,1,1,1,1,1,0,0
000451.jpg,1,1,0,0,0,0,0,0,0,1,1,1,1,1,1,1,0,0
000452.jpg,1,1,0,0,0,0,0,0,0,1,1,1,1,1,1,1,0,0
000453.jpg,1,1,0,0,0,0,0,0,0,1,1,1,1,1,1,1,0,0
000454.jpg,1,1,0,0,0,0,0,0,0,1,1,1,1,1,1,1,0,0
000455.jpg,1,1,0,0,0,0,0,0,0,1,1,1,1,1,1,1,0,0
000456.jpg,1,1,0,0,0,0,0,0,0,1,1,1,1,1,1,1,0,0
000457.jpg,1,1,0,0,0,0,0,0,0,1,1,1,1,1,1,1,0,0
000458.jpg,1,1,0,0,0,0,0,0,0,1,1,1,1,1,1,1,0,0
000459.jpg,1,1,0,0,0,0,0,0,0,1,1,1,1,1,1,1,0,0
000460.jpg,1,1,0,0,0,0,0,0,0,1,1,1,1,1,1,1,0,0
000461.jpg,1,1,0,0,0,0,0,0,0,1,1,1,1,1,1,1,0,0
000462.jpg,1,1,0,0,0,0,0,0,0,1,1,1,1,1,1,1,0,0
000463.jpg,1,1,0,0,0,0,0,0,0,1,1,1,1,1,1,1,0,0
000464.jpg,1,1,0,0,0,0,0,0,0,1,1,1,1,1,1,1,0,0
000465.jpg,1,1,0,0,0,0,0,0,0,1,1,1,1,1,1,1,0,0
000466.jpg,1,1,0,0,0,0,0,0,0,1,1,1,1,1,1,1,0,0
000467.jpg,1,1,0,0,0,0,0,0,0,1,1,1,1,1,1,1,0,0
000468.jpg,1,1,0,0,0,0,0,0,0,1,1,1,1,1,1,1,0,0
000469.jpg,1,1,0,0,0,0,0,0,0,1,1,1,1,1,1,1,0,0
000470.jpg,1,1,0,0,0,0,0,0,0,1,1,1,1,1,1,1,0,0
000471.jpg,1,1,0,0,0,0,0,0,0,1,1,1,1,1,1,1,0,0
000472.jpg,1,1,0,0,0,0,0,0,0,1,1,1,1,1,1,1,0,0
000473.jpg,1,1,0,0,0,0,0,0,0,1,1,1,1,1,1,1,0,0
000474.jpg,1,1,0,0,0,0,0,0,0,1,1,1,1,1,1,1,0,0
000475.jpg,1,1,0,0,0,0,0,0,0,1,1,1,1,1,1,1,0,0
000476.jpg,1,1,0,0,0,0,0,0,0,1,1,1,1,1,1,1,0,0
000477.jpg,1,1,0,0,0,0,0,0,0,1,1,1,1,1,1,1,0,0
000478.jpg,1,1,0,0,0,0,0,0,0,1,1,1,1,1,1,1,0,0
000479.jpg,1,1,0,0,0,0,0,0,0,1,1,1,1,1,1,1,0,0
000480.jpg,1,1,0,0,0,0,0,0,0,1,1,1,1,1,1,1,0,0
000481.jpg,1,1,0,0,0,0,0,0,0,1,1,1,1,1,1,1,0,0
000482.jpg,1,1,0,0,0,0,0,0,0,1,1,1,1,1,1,1,0,0
000483.jpg,1,1,0,0,0,0,0,0,0,1,1,1,1,1,1,1,0,0
000484.jpg,1,1,0,0,0,0,0,0,0,1,1,1,1,1,1,1,0,0
000485.jpg,1,1,0,0,0,0,0,0,0,1,1,1,1,1,1,1,0,0
000486.jpg,1,1,0,0,0,0,0,0,0,1,1,1,1,1,1,1,0,0
000487.jpg,1,1,0,0,0,0,0,0,0,1,1,1,1,1,1,1,0,0
000488.jpg,1,1,0,0,0,0,0,0,0,1,1,1,1,1,1,1,0,0
000489.jpg,1,1,0,0,0,0,0,0,0,1,1,1,1,1,1,1,0,0
000490.jpg,1,1,0,0,0,0,0,0,0,1,1,1,1,1,1,1,0,0
000491.jpg,1,1,0,0,0,0,0,0,0,1,1,1,1,1,1,1,0,0
000492.jpg,1,1,0,0,0,0,0,0,0,1,1,1,1,1,1,1,0,0
000493.jpg,1,1,0,0,0,0,0,0,0,1,1,1,1,1,1,1,0,0
000494.jpg,1,1,0,0,0,0,0,0,0,1,1,1,1,1,1,1,0,0
000495.jpg,1,1,0,0,0,0,0,0,0,1,1,1,1,1,1,1,0,0
000496.jpg,1,1,0,0,0,0,0,0,0,1,1,1,1,1,1,1,0,0
000497.jpg,1,1,0,0,0,0,0,0,0,1,1,1,1,1,1,1,0,0
000498.jpg,1,1,0,0,0,0,0,0,0,1,1,1,1,1,1,1,0,0
000499.jpg,1,1,0,0,0,0,0,0,0,1,1,1,1,1,1,1,0,0
000500.jpg,1,1,0,0,0,0,0,0,0,1,1,1,1,1,1,1,0,0
000501.jpg,1,1,0,0,0,0,0,0,0,1,1,1,1,1,1,1,0,0
000502.jpg,1,1,0,0,0,0,0,0,0,1,1,1,1,1,1,1,0,0
000503.jpg,1,1,0,0,0,0,0,0,0,1,1,1,1,1,1,1,0,0
000504.jpg,1,1,0,0,0,0,0,0,0,1,1,1,1,1,1,1,0,0
000505.jpg,1,1,0,0,0,0,0,0,0,1,1,1,1,1,1,1,0,0
000506.jpg,1,1,0,0,0,0,0,0,0,1,1,1,1,1,1,1,0,0
000507.jpg,1,1,0,0,0,0,0,0,0,1,1,1,1,1,1,1,0,0
000508.jpg,1,1,0,0,0,0,0,0,0,1,1,1,1,1,1,1,0,0
000509.jpg,1,1,0,0,0,0,0,0,0,1,1,1,1,1,1,1,0,0
000510.jpg,1,1,0,0,0,0,0,0,0,1,1,1,1,1,1,1,0,0
000511.jpg,1,1,0,0,0,0,0,0,0,1,1,1,1,1,1,1,0,0
000512.jpg,1,1,0,0,0,0,0,0,0,1,1,1,1,1,1,1,0,0
000513.jpg,1,1,0,0,0,0,0,0,0,1,1,1,1,1,1,1,0,0
000514.jpg,1,1,0,0,0,0,0,0,0,1,1,1,1,1,1,1,0,0
000515.jpg,1,1,0,0,0,0,0,0,0,1,1,1,1,1,1,1,0,0
000516.jpg,1,1,0,0,0,0,0,0,0,1,1,1,1,1,1,1,0,0
000517.jpg,1,1,0,0,0,0,0,0,0,1,1,1,1,1,1,1,0,0
000518.jpg,1,1,0,0,0,0,0,0,0,1,1,1,1,1,1,1,0,0
000519.jpg,1,1,0,0,0,0,0,0,0,1,1,1,1,1,1,1,0,0
000520.jpg,1,1,0,0,0,0,0,0,0,1,1,1,1,1,1,1,0,0
000521.jpg,1,1,0,0,0,0,0,0,0,1,1,1,1,1,1,1,0,0
000522.jpg,1,1,0,0,0,0,0,0,0,1,1,1,1,1,1,1,0,0
000523.jpg,1,1,0,0,0,0,0,0,0,1,1,1,1,1,1,1,0,0
000524.jpg,1,1,0,0,0,0,0,0,0,1,1,1,1,1,1,1,0,0
000525.jpg,1,1,0,0,0,0,0,0,0,1,1,1,1,1,1,1,0,0
000526.jpg,1,1,0,0,0,0,0,0,0,1,1,1,1,1,1,1,0,0
000527.jpg,1,1,0,0,0,0,0,0,0,1,1,1,1,1,1,1,0,0
000528.jpg,1,1,0,0,0,0,0,0,0,1,1,1,1,1,1,1,0,0
000529.jpg,1,1,0,0,0,0,0,0,0,1,1,1,1,1,1,1,0,0
000530.jpg,1,1,0,0,0,0,0,0,0,1,1,1,1,1,1,1,0,0
000531.jpg,1,1,0,0,0,0,0,0,0,1,1,1,1,1,1,1,0,0
000532.jpg,1,1,0,0,0,0,0,0,0,1,1,1,1,1,1,1,0,0
000533.jpg,1,1,0,0,0,0,0,0,0,1,1,1,1,1,1,1,0,0
000534.jpg,1,1,0,0,0,0,0,0,0,1,1,1,1,1,1,1,0,0
000535.jpg,1,1,0,0,0,0,0,0,0,1,1,1,1,1,1,1,0,0
000536.jpg,1,1,0,0,0,0,0,0,0,1,1,1,1,1,1,1,0,0
000537.jpg,1,1,0,0,0,0,0,0,0,1,1,1,1,1,1,1,0,0
000538.jpg,1,1,0,0,0,0,0,0,0,1,1,1,1,1,1,1,0,0
000539.jpg,1,1,0,0,0,0,0,0,0,1,1,1,1,1,1,1,0,0
000540.jpg,1,1,0,0,0,0,0,0,0,1,1,1,1,1,1,1,0,0
000541.jpg,1,1,0,0,0,0,0,0,0,1,1,1,1,1,1,1,0,0
000542.jpg,1,1,0,0,0,0,0,0,0,1,1,1,1,1,1,1,0,0
000543.jpg,1,1,0,0,0,0,0,0,0,1,1,1,1,1,1,1,0,0
000544.jpg,1,1,0,0,0,0,0,0,0,1,1,1,1,1,1,1,0,0
000545.jpg,1,1,0,0,0,0,0,0,0,1,1,1,1,1,1,1,0,0
000546.jpg,1,1,0,0,0,0,0,0,0,1,1,1,1,1,1,1,0,0
000547.jpg,1,1,0,0,0,0,0,0,0,1,1,1,1,1,1,1,0,0
000548.jpg,1,1,0,0,0,0,0,0,0,1,1,1,1,1,1,1,0,0
000549.jpg,1,1,0,0,0,0,0,0,0,1,1,1,1,1,1,1,0,0
000550.jpg,1,1,0,0,0,0,0,0,0,1,1,1,1,1,1,1,0,0
000551.jpg,1,1,0,0,0,0,0,0,0,1,1,1,1,1,1,1,0,0
000552.jpg,1,1,0,0,0,0,0,0,0,1,1,1,1,1,1,1,0,0
000553.jpg,1,1,0,0,0,0,0,0,0,1,1,1,1,1,1,1,0,0
000554.jpg,1,1,0,0,0,0,0,0,0,1,1,1,1,1,1,1,0,0
000555.jpg,1,1,0,0,0,0,0,0,0,1,1,1,1,1,1,1,0,0
000556.jpg,1,1,0,0,0,0,0,0,0,1,1,1,1,1,1,1,0,0
000557.jpg,1,1,0,0,0,0,0,0,0,1,1,1,1,1,1,1,0,0
000558.jpg,1,1,0,0,0,0,0,0,0,1,1,1,1,1,1,1,0,0
000559.jpg,1,1,0,0,0,0,0,0,0,1,1,1,1,1,1,1,0,0
000560.jpg,1,1,0,0,0,0,0,0,0,1,1,1,1,1,1,1,0,0
000561.jpg,1,1,0,0,0,0,0,0,0,1,1,1,1,1,1,1,0,0
000562.jpg,1,1,0,0,0,0,0,0,0,1,1,1,1,1,1,1,0,0
000563.jpg,1,1,0,0,0,0,0,0,0,1,1,1,1,1,1,1,0,0
000564.jpg,1,1,0,0,0,0,0,0,0,1,1,1,1,1,1,1,0,0
000565.jpg,1,1,0,0,0,0,0,0,0,1,1,1,1,1,1,1,0,0
000566.jpg,1,1,0,0,0,0,0,0,0,1,1,1,1,1,1,1,0,0
000567.jpg,1,1,0,0,0,0,0,0,0,1,1,1,1,1,1,1,0,0
000568.jpg,1,1,0,0,0,0,0,0,0,1,1,1,1,1,1,1,0,0
000569.jpg,1,1,0,0,0,0,0,0,0,1,1,1,1,1,1,1,0,0
000570.jpg,1,1,0,0,0,0,0,0,0,1,1,1,1,1,1,1,0,0
000571.jpg,1,1,0,0,0,0,0,0,0,1,1,1,1,1,1,1,0,0
000572.jpg,1,1,0,0,0,0,0,0,0,1,1,1,1,1,1,1,0,0
000573.jpg,1,1,0,0,0,0,0,0,0,1,1,1,1,1,1,1,0,0
000574.jpg,1,1,0,0,0,0,0,0,0,1,1,1,1,1,1,1,0,0
000575.jpg,1,1,0,0,0,0,0,0,0,1,1,1,1,1,1,1,0,0
000576.jpg,1,1,0,0,0,0,0,0,0,1,1,1,1,1,1,1,0,0
000577.jpg,1,1,0,0,0,0,0,0,0,1,1,1,1,1,1,1,0,0
000578.jpg,1,1,0,0,0,0,0,0,0,1,1,1,1,1,1,1,0,0
000579.jpg,1,1,0,0,0,0,0,0,0,1,1,1,1,1,1,1,0,0
000580.jpg,1,1,0,0,0,0,0,0,0,1,1,1,1,1,1,1,0,0
000581.jpg,1,1,0,0,0,0,0,0,0,1,1,1,1,1,1,1,0,0
000582.jpg,1,1,0,0,0,0,0,0,0,1,1,1,1,1,1,1,0,0
000583.jpg,1,1,0,0,0,0,0,0,0,1,1,1,1,1,1,1,0,0
000584.jpg,1,1,0,0,0,0,0,0,0,1,1,1,1,1,1,1,0,0
000585.jpg,1,1,0,0,0,0,0,0,0,1,1,1,1,1,1,1,0,0
000586.jpg,1,1,0,0,0,0,0,0,0,1,1,1,1,1,1,1,0,0
000587.jpg,1,1,0,0,0,0,0,0,0,1,1,1,1,1,1,1,0,0
000588.jpg,1,1,0,0,0,0,0,0,0,1,1,1,1,1,1,1,0,0
000589.jpg,1,1,0,0,0,0,0,0,0,1,1,1,1,1,1,1,0,0
000590.jpg,1,1,0,0,0,0,0,0,0,1,1,1,1,1,1,1,0,0
000591.jpg,1,1,0,0,0,0,0,0,0,1,1,1,1,1,1,1,0,0
000592.jpg,1,1,0,0,0,0,0,0,0,1,1,1,1,1,1,1,0,0
000593.jpg,1,1,0,0,0,0,0,0,0,1,1,1,1,1,1,1,0,0
000594.jpg,1,1,0,0,0,0,0,0,0,1,1,1,1,1,1,1,0,0
000595.jpg,1,1,0,0,0,0,0,0,0,1,1,1,1,1,1,1,0,0
000596.jpg,1,1,0,0,0,0,0,0,0,1,1,1,1,1,1,1,0,0
000597.jpg,1,1,0,0,0,0,0,0,0,1,1,1,1,1,1,1,0,0
000598.jpg,1,1,0,0,0,0,0,0,0,1,1,1,1,1,1,1,0,0
000599.jpg,1,1,0,0,0,0,0,0,0,1,1,1,1,1,1,1,0,0
000600.jpg,1,1,0,0,0,0,0,0,0,1,1,1,1,1,1,1,0,0
000601.jpg,1,1,0,0,0,0,0,0,0,1,1,1,1,1,1,1,0,0
000602.jpg,1,1,0,0,0,0,0,0,0,1,1,1,1,1,1,1,0,0
000603.jpg,1,1,0,0,0,0,0,0,0,1,1,1,1,1,1,1,0,0
000604.jpg,1,1,0,0,0,0,0,0,0,1,1,1,1,1,1,1,0,0
000605.jpg,1,1,0,0,0,0,0,0,0,1,1,1,1,1,1,1,0,0
000606.jpg,1,1,0,0,0,0,0,0,0,1,1,1,1,1,1,1,0,0
000607.jpg,1,1,0,0,0,0,0,0,0,1,1,1,1,1,1,1,0,0
000608.jpg,1,1,0,0,0,0,0,0,0,1,1,1,1,1,1,1,0,0
000609.jpg,1,1,0,0,0,0,0,0,0,1,1,1,1,1,1,1,0,0
000610.jpg,1,1,0,0,0,0,0,0,0,1,1,1,1,1,1,1,0,0
000611.jpg,1,1,0,0,0,0,0,0,0,1,1,1,1,1,1,1,0,0
000612.jpg,1,1,0,0,0,0,0,0,0,1,1,1,1,1,1,1,0,0
000613.jpg,1,1,0,0,0,0,0,0,0,1,1,1,1,1,1,1,1,0
000614.jpg,1,1,0,0,0,0,0,0,0,1,1,1,1,1,1,1,1,0
000615.jpg,1,1,0,0,0,0,0,0,0,1,1,1,1,1,1,1,1,0
000616.jpg,1,1,0,0,0,0,0,0,0,1,1,1,1,1,1,1,1,0
000617.jpg,1,1,0,0,0,0,0,0,0,1,1,1,1,1,1,1,1,0
000618.jpg,1,1,0,0,0,0,0,0,0,1,1,1,1,1,1,1,1,0
000619.jpg,1,1,0,0,0,0,0,0,0,1,1,1,1,1,1,1,1,0
000620.jpg,1,1,0,0,0,0,0,0,0,1,1,1,1,1,1,1,1,0
000621.jpg,1,1,0,0,0,0,0,0,0,1,1,1,1,1,1,1,1,0
000622.jpg,1,1,0,0,0,0,0,0,0,1,1,1,1,1,1,1,1,0
000623.jpg,1,1,0,0,0,0,0,0,0,1,1,1,1,1,1,1,1,0
000624.jpg,1,1,0,0,0,0,0,0,0,1,1,1,1,1,1,1,1,0
000625.jpg,1,1,0,0,0,0,0,0,0,1,1,1,1,1,1,1,1,0
000626.jpg,1,1,0,0,0,0,0,0,0,1,1,1,1,1,1,1,1,0
000627.jpg,1,1,0,0,0,0,0,0,0,1,1,1,1,1,1,1,1,0
000628.jpg,1,1,0,0,0,0,0,0,0,1,1,1,1,1,1,1,1,0
000629.jpg,1,1,0,0,0,0,0,0,0,1,1,1,1,1,1,1,1,0
000630.jpg,1,1,0,0,0,0,0,0,0,1,1,1,1,1,1,1,1,0
000631.jpg,1,1,0,0,0,0,0,0,0,1,1,1,1,1,1,1,1,0
000632.jpg,1,1,0,0,0,0,0,0,0,1,1,1,1,1,1,1,1,0
000633.jpg,1,1,0,0,0,0,0,0,0,1,1,1,1,1,1,1,1,0
000634.jpg,1,1,0,0,0,0,0,0,0,1,1,1,1,1,1,1,1,0
000635.jpg,1,1,0,0,0,0,0,0,0,1,1,1,1,1,1,1,1,0
000636.jpg,1,1,0,0,0,0,0,0,0,1,1,1,1,1,1,1,1,0
000637.jpg,1,1,0,0,0,0,0,0,0,1,1,1,1,1,1,1,1,0
000638.jpg,1,1,0,0,0,0,0,0,0,1,1,1,1,1,1,1,1,0
000639.jpg,1,1,0,0,0,0,0,0,0,1,1,1,1,1,1,1,1,0
000640.jpg,1,1,0,0,0,0,0,0,0,1,1,1,1,1,1,1,1,0
000641.jpg,1,1,0,0,0,0,0,0,0,1,1,1,1,1,1,1,1,0
000642.jpg,1,1,0,0,0,0,0,0,0,1,1,1,1,1,1,1,1,0
000643.jpg,1,1,0,0,0,0,0,0,0,1,1,1,1,1,1,1,1,0
000644.jpg,1,1,0,0,0,0,0,0,0,1,1,1,1,1,1,1,1,0
000645.jpg,1,1,0,0,0,0,0,0,0,1,1,1,1,1,1,1,1,0
000646.jpg,1,1,0,0,0,0,0,0,0,1,1,1,1,1,1,1,1,0
000647.jpg,1,1,0,0,0,0,0,0,0,1,1,1,1,1,1,1,1,0
000648.jpg,1,1,0,0,0,0,0,0,0,1,1,1,1,1,1,1,1,0
000649.jpg,1,1,0,0,0,0,0,0,0,1,1,1,1,1,1,1,1,0
000650.jpg,1,1,0,0,0,0,0,0,0,1,1,1,1,1,1,1,1,0
000651.jpg,1,1,0,0,0,0,0,0,0,1,1,1,1,1,1,1,1,0
000652.jpg,1,1,0,0,0,0,0,0,0,1,1,1,1,1,1,1,1,0
000653.jpg,1,1,0,0,0,0,0,0,0,1,1,1,1,1,1,1,1,0
000654.jpg,1,1,0,0,0,0,0,0,0,1,1,1,1,1,1,1,1,0
000655.jpg,1,1,0,0,0,0,0,0,0,1,1,1,1,1,1,1,1,0
000656.jpg,1,1,0,0,0,0,0,0,0,1,1,1,1,1,1,1,1,0
000657.jpg,1,1,0,0,0,0,0,0,0,1,1,1,1,1,1,1,1,0
000658.jpg,1,1,0,0,0,0,0,0,0,1,1,1,1,1,1,1,1,0
000659.jpg,1,1,1,1,0,0,0,0,0,1,1,1,1,1,1,1,1,0
000660.jpg,1,1,1,1,0,0,0,0,0,1,1,1,1,1,1,1,1,0
000661.jpg,1,1,1,1,0,0,0,0,0,1,1,1,1,1,1,1,1,0
000662.jpg,1,1,1,1,0,0,0,0,0,1,1,1,1,1,1,1,1,0
000663.jpg,1,1,1,1,0,0,0,0,0,1,1,1,1,1,1,1,1,0
000664.jpg,1,1,1,1,0,0,0,0,0,1,1,1,1,1,1,1,1,0
000665.jpg,1,1,1,1,0,0,0,0,0,1,1,1,1,1,1,1,1,0
000666.jpg,1,1,1,1,0,0,0,0,0,1,1,1,1,1,1,1,1,0
000667.jpg,1,1,1,1,0,0,0,0,0,1,1,1,1,1,1,1,1,0
000668.jpg,1,1,1,1,0,0,0,0,0,1,1,1,1,1,1,1,1,0
000669.jpg,1,1,1,1,0,0,0,0,0,1,1,1,1,1,1,1,1,0
000670.jpg,1,1,1,1,0,0,0,0,0,1,1,1,1,1,1,1,1,0
000671.jpg,1,1,1,1,0,0,0,0,0,1,1,1,1,1,1,1,1,0
000672.jpg,1,1,1,1,0,0,0,0,0,1,1,1,1,1,1,1,1,0
000673.jpg,1,1,1,1,0,0,0,0,0,1,1,1,1,1,1,1,1,0
000674.jpg,1,1,1,1,0,0,0,0,0,1,1,1,1,1,1,1,1,0
000675.jpg,1,1,1,1,0,0,0,0,0,1,1,1,1,1,1,1,1,0
000676.jpg,1,1,1,1,0,0,0,0,0,1,1,1,1,1,1,1,1,0
000677.jpg,1,1,1,1,0,0,0,0,0,1,1,1,1,1,1,1,1,0
000678.jpg,1,1,1,1,0,0,0,0,0,1,1,1,1,1,1,1,1,0
000679.jpg,1,1,1,1,0,0,0,0,0,1,1,1,1,1,1,1,1,0
000680.jpg,1,1,1,1,0,0,0,0,0,1,1,1,1,1,1,1,1,0
000681.jpg,1,1,1,1,0,0,0,0,0,1,1,1,1,1,1,1,1,0
000682.jpg,1,1,1,1,0,0,0,0,0,1,1,1,1,1,1,1,1,0
000683.jpg,1,1,1,1,0,0,0,0,0,1,1,1,1,1,1,1,1,0
000684.jpg,1,1,1,1,0,0,0,0,0,1,1,1,1,1,1,1,1,0
000685.jpg,1,1,1,1,0,0,0,0,0,1,1,1,1,1,1,1,1,0
000686.jpg,1,1,1,1,0,0,0,0,0,1,1,1,1,1,1,1,1,0
000687.jpg,1,1,1,1,0,0,0,0,0,1,1,1,1,1,1,1,1,0
000688.jpg,1,1,1,1,0,0,0,0,0,1,1,1,1,1,1,1,1,0
000689.jpg,1,1,1,1,0,0,0,0,0,1,1,1,1,1,1,1,1,0
000690.jpg,1,1,1,1,0,0,0,0,0,1,1,1,1,1,1,1,1,0
000691.jpg,1,1,1,1,0,0,0,0,0,1,1,1,1,1,1,1,1,0
000692.jpg,1,1,1,1,0,0,0,0,0,1,1,1,1,1,1,1,1,0
000693.jpg,1,1,1,1,0,0,0,0,0,1,1,1,1,1,1,1,1,0
000694.jpg,1,1,1,1,0,0,0,0,0,1,1,1,1,1,1,1,1,0
000695.jpg,1,1,1,1,0,0,0,0,0,1,1,1,1,1,1,1,1,0
000696.jpg,1,1,1,1,0,0,0,0,0,1,1,1,1,1,1,1,1,0
000697.jpg,1,1,1,1,0,0,0,0,0,1,1,1,1,1,1,1,1,0
000698.jpg,1,1,1,1,0,0,0,0,0,1,1,1,1,1,1,1,1,0
000699.jpg,1,1,1,1,0,0,0,0,0,1,1,1,1,1,1,1,1,0
000700.jpg,1,1,1,1,0,0,0,0,0,1,1,1,1,1,1,1,1,0
000701.jpg,1,1,1,1,0,0,0,0,0,1,1,1,1,1,1,1,1,0
000702.jpg,1,1,1,1,0,0,0,0,0,1,1,1,1,1,1,1,1,0
000703.jpg,1,1,1,1,0,0,0,0,0,1,1,1,1,1,1,1,1,0
000704.jpg,1,1,1,1,0,0,0,0,0,1,1,1,1,1,1,1,1,0
000705.jpg,1,1,1,1,0,0,0,0,0,1,1,1,1,1,1,1,1,0
000706.jpg,1,1,1,1,0,0,0,0,0,1,1,1,1,1,1,1,1,0
000707.jpg,1,1,1,1,0,0,0,0,0,1,1,1,1,1,1,1,1,0
000708.jpg,1,1,1,1,0,0,0,0,0,1,1,1,1,1,1,1,1,0
000709.jpg,1,1,1,1,0,0,0,0,0,1,1,1,1,1,1,1,1,0
000710.jpg,1,1,1,1,0,0,0,0,0,1,1,1,1,1,1,1,1,0
000711.jpg,1,1,1,1,0,0,0,0,0,1,1,1,1,1,1,1,1,0
000712.jpg,1,1,1,1,0,0,0,0,0,1,1,1,1,1,1,1,1,0
000713.jpg,1,1,1,1,0,0,0,0,0,1,1,1,1,1,1,1,1,0
000714.jpg,1,1,1,1,0,0,0,0,0,1,1,1,1,1,1,1,1,0
000715.jpg,1,1,1,1,0,0,0,0,0,1,1,1,1,1,1,1,1,0
000716.jpg,1,1,1,1,0,0,0,0,0,1,1,1,1,1,1,1,1,0
000717.jpg,1,1,1,1,0,0,0,0,0,1,1,1,1,1,1,1,1,0
000718.jpg,1,1,1,1,0,0,0,0,0,1,1,1,1,1,1,1,1,0
000719.jpg,1,1,1,1,0,0,0,0,0,1,1,1,1,1,1,1,1,0
000720.jpg,1,1,1,1,0,0,0,0,0,1,1,1,1,1,1,1,1,0
000721.jpg,1,1,1,1,0,0,0,0,0,1,1,1,1,1,1,1,1,0
000722.jpg,1,1,1,1,0,0,0,0,0,1,1,1,1,1,1,1,1,0
000723.jpg,1,1,1,1,0,0,0,0,0,1,1,1,1,1,1,1,1,0
000724.jpg,1,1,1,1,0,0,0,0,0,1,1,1,1,1,1,1,1,0
000725.jpg,1,1,1,1,0,0,0,0,0,1,1,1,1,1,1,1,1,0
000726.jpg,1,1,1,1,0,0,0,0,0,1,1,1,1,1,1,1,1,0
000727.jpg,1,1,1,1,0,0,0,0,0,1,1,1,1,1,1,1,1,0
000728.jpg,1,1,1,1,0,0,0,0,0,1,1,1,1,1,1,1,1,0
000729.jpg,1,1,1,1,0,0,0,0,0,1,1,1,1,1,1,1,1,0
000730.jpg,1,1,1,1,0,0,0,0,0,1,1,1,1,1,1,1,1,0
000731.jpg,1,1,1,1,0,0,0,0,0,1,1,1,1,1,1,1,1,0
000732.jpg,1,1,1,1,0,0,0,0,0,1,1,1,1,1,1,1,1,0
000733.jpg,1,1,1,1,0,0,0,0,0,1,1,1,1,1,1,1,1,0
000734.jpg,1,1,1,1,0,0,0,0,0,1,1,1,1,1,1,1,1,0
000735.jpg,1,1,1,1,0,0,0,0,0,1,1,1,1,1,1,1,1,0
000736.jpg,1,1,1,1,0,0,0,0,0,1,1,1,1,1,1,1,1,0
000737.jpg,1,1,1,1,0,0,0,0,0,1,1,1,1,1,1,1,1,0
000738.jpg,1,1,1,1,0,0,0,0,0,1,1,1,1,1,1,1,1,0
000739.jpg,1,1,1,1,0,0,0,0,0,1,1,1,1,1,1,1,1,0
000740.jpg,1,1,1,1,0,0,0,0,0,1,1,1,1,1,1,1,1,0
000741.jpg,1,1,1,1,0,0,0,0,0,1,1,1,1,1,1,1,1,0
000742.jpg,1,1,1,1,0,0,0,0,0,1,1,1,1,1,1,1,1,0
000743.jpg,1,1,1,1,0,0,0,0,0,1,1,1,1,1,1,1,1,0
000744.jpg,1,1,1,1,0,0,0,0,0,1,1,1,1,1,1,1,1,0
000745.jpg,1,1,1,1,0,0,0,0,0,1,1,1,1,1,1,1,1,0
000746.jpg,1,1,1,1,0,0,0,0,0,1,1,1,1,1,1,1,1,0
000747.jpg,1,1,1,1,0,0,0,0,0,1,1,1,1,1,1,1,1,0
000748.jpg,1,1,1,1,0,0,0,0,0,1,1,1,1,1,1,1,1,0
000749.jpg,1,1,1,1,0,0,0,0,0,1,1,1,1,1,1,1,1,0
000750.jpg,1,1,1,1,0,0,0,0,0,1,1,1,1,1,1,1,1,0
000751.jpg,1,1,1,1,0,0,0,0,0,1,1,1,1,1,1,1,1,0
000752.jpg,1,1,1,1,0,0,0,0,0,1,1,1,1,1,1,1,1,0
000753.jpg,1,1,1,1,0,0,0,0,0,1,1,1,1,1,1,1,1,0
000754.jpg,1,1,1,1,0,0,0,0,0,1,1,1,1,1,1,1,1,0
000755.jpg,1,1,1,1,0,0,0,0,0,1,1,1,1,1,1,1,1,0
000756.jpg,1,1,1,1,0,0,0,0,0,1,1,1,1,1,1,1,1,0
000757.jpg,1,1,1,1,0,0,0,0,0,1,1,1,1,1,1,1,1,0
000758.jpg,1,1,1,1,0,0,0,0,0,1,1,1,1,1,1,1,1,0
000759.jpg,1,1,1,1,0,0,0,0,0,1,1,1,1,1,1,1,1,0
000760.jpg,1,1,1,1,0,0,0,0,0,1,1,1,1,1,1,1,1,0
000761.jpg,1,1,1,1,0,0,0,0,0,1,1,1,1,1,1,1,1,0
000762.jpg,1,1,1,1,0,0,0,0,0,1,1,1,1,1,1,1,1,0
000763.jpg,1,1,1,1,0,0,0,0,0,1,1,1,1,1,1,1,1,0
000764.jpg,1,1,1,1,0,0,0,0,0,1,1,1,1,1,1,1,1,0
000765.jpg,1,1,1,1,0,0,0,0,0,1,1,1,1,1,1,1,1,0
000766.jpg,1,1,1,1,0,0,0,0,0,1,1,1,1,1,1,1,1,0
000767.jpg,1,1,1,1,0,0,0,0,0,1,1,1,1,1,1,1,1,0
000768.jpg,1,1,1,1,0,0,0,0,0,1,1,1,1,1,1,1,1,0
000769.jpg,1,1,1,1,0,0,0,0,0,1,1,1,1,1,1,1,1,0
000770.jpg,1,1,1,1,0,0,0,0,0,1,1,1,1,1,1,1,1,0
000771.jpg,1,1,1,1,0,0,0,0,0,1,1,1,1,1,1,1,1,0
000772.jpg,1,1,1,1,0,0,0,0,0,1,1,1,1,1,1,1,1,0
000773.jpg,1,1,1,1,0,0,0,0,0,1,1,1,1,1,1,1,1,0
000774.jpg,1,1,1,1,0,0,0,0,0,1,1,1,1,1,1,1,1,0
000775.jpg,1,1,1,1,0,0,0,0,0,1,1,1,1,1,1,1,1,0
000776.jpg,1,1,1,1,0,0,0,0,0,1,1,1,1,1,1,1,1,0
000777.jpg,1,1,1,1,0,0,0,0,0,1,1,1,1,1,1,1,1,0
000778.jpg,1,1,1,1,0,0,0,0,0,1,1,1,1,1,1,1,1,0
000779.jpg,1,1,1,1,0,0,0,0,0,1,1,1,1,1,1,1,1,0
000780.jpg,1,1,1,1,0,0,0,0,0,1,1,1,1,1,1,1,1,0
000781.jpg,1,1,1,1,0,0,0,0,0,1,1,1,1,1,1,1,1,0
000782.jpg,1,1,1,1,0,0,0,0,0,1,1,1,1,1,1,1,1,0
000783.jpg,1,1,1,1,0,0,0,0,0,1,1,1,1,1,1,1,1,0
000784.jpg,1,1,1,1,0,0,0,0,0,1,1,1,1,1,1,1,1,0
000785.jpg,1,1,1,1,0,0,0,0,0,1,1,1,1,1,1,1,1,0
000786.jpg,1,1,1,1,0,0,0,0,0,1,1,1,1,1,1,1,1,0
000787.jpg,1,1,1,1,0,0,0,0,0,1,1,1,1,1,1,1,1,0
000788.jpg,1,1,1,1,0,0,0,0,0,1,1,1,1,1,1,1,1,0
000789.jpg,1,1,1,1,0,0,0,0,0,1,1,1,1,1,1,1,1,0
000790.jpg,1,1,1,1,0,0,0,0,0,1,1,1,1,1,1,1,1,0
000791.jpg,1,1,1,1,0,0,0,0,0,1,1,1,1,1,1,1,1,0
000792.jpg,1,1,1,1,0,0,0,0,0,1,1,1,1,1,1,1,1,0
000793.jpg,1,1,1,1,0,0,0,0,0,1,1,1,1,1,1,1,1,0
000794.jpg,1,1,1,1,0,0,0,0,0,1,1,1,1,1,1,1,1,0
000795.jpg,1,1,1,1,0,0,0,0,0,1,1,1,1,1,1,1,1,0
000796.jpg,1,1,1,1,0,0,0,0,0,1,1,1,1,1,1,1,1,0
000797.jpg,1,1,1,1,0,0,0,0,0,1,1,1,1,1,1,1,1,0
000798.jpg,1,1,1,1,0,0,0,0,0,1,1,1,1,1,1,1,1,0
000799.jpg,1,1,1,1,0,0,0,0,0,1,1,1,1,1,1,1,1,0
000800.jpg,1,1,1,1,0,0,0,0,0,1,1,1,1,1,1,1,1,0
000801.jpg,1,1,1,1,0,0,0,0,0,1,1,1,1,1,1,1,1,0
000802.jpg,1,1,1,1,0,0,0,0,0,1,1,1,1,1,1,1,1,0
000803.jpg,1,1,1,1,0,0,0,0,0,1,1,1,1,1,1,1,1,0
000804.jpg,1,1,1,1,0,0,0,0,0,1,1,1,1,1,1,1,1,0
000805.jpg,1,1,1,1,0,0,0,0,0,1,1,1,1,1,1,1,1,0
000806.jpg,1,1,1,1,0,0,0,0,0,1,1,1,1,1,1,1,1,0
000807.jpg,1,1,1,1,0,0,0,0,0,1,1,1,1,1,1,1,1,0
000808.jpg,1,1,1,1,0,0,0,0,0,1,1,1,1,1,1,1,1,0
000809.jpg,1,1,1,1,0,0,0,0,0,1,1,1,1,1,1,1,1,0
000810.jpg,1,1,1,1,0,0,0,0,0,1,1,1,1,1,1,1,1,0
000811.jpg,1,1,1,1,0,0,0,0,0,1,1,1,1,1,1,1,1,0
000812.jpg,1,1,1,1,0,0,0,0,0,1,1,1,1,1,1,1,1,0
000813.jpg,1,1,1,1,0,0,0,0,0,1,1,1,1,1,1,1,1,0
000814.jpg,1,1,1,1,0,0,0,0,0,1,1,1,1,1,1,1,1,0
000815.jpg,1,1,1,1,0,0,0,0,0,1,1,1,1,1,1,1,1,0
000816.jpg,1,1,1,1,0,0,0,0,0,1,1,1,1,1,1,1,1,0
000817.jpg,1,1,1,1,0,0,0,0,0,1,1,1,1,1,1,1,1,0
000818.jpg,1,1,1,1,0,0,0,0,0,1,1,1,1,1,1,1,1,0
000819.jpg,1,1,1,1,0,0,0,0,0,1,1,1,1,1,1,1,1,0
000820.jpg,1,1,1,1,0,0,0,0,0,1,1,1,1,1,1,1,1,0
000821.jpg,1,1,1,1,0,0,0,0,0,1,1,1,1,1,1,1,1,0
000822.jpg,1,1,1,1,0,0,0,0,0,1,1,1,1,1,1,1,1,0
000823.jpg,1,1,1,1,0,0,0,0,0,1,1,1,1,1,1,1,1,0
000824.jpg,1,1,1,1,0,0,0,0,0,1,1,1,1,1,1,1,1,0
000825.jpg,1,1,1,1,0,0,0,0,0,1,1,1,1,1,1,1,1,0
000826.jpg,1,1,1,1,0,0,0,0,0,1,1,1,1,1,1,1,1,0
000827.jpg,1,1,1,1,0,0,0,0,0,1,1,1,1,1,1,1,1,0
000828.jpg,1,1,1,1,0,0,0,0,0,1,1,1,1,1,1,1,1,0
000829.jpg,1,1,1,1,0,0,0,0,0,1,1,1,1,1,1,1,1,0
000830.jpg,1,1,1,1,0,0,0,0,0,1,1,1,1,1,1,1,1,0
000831.jpg,1,1,1,1,0,0,0,0,0,1,1,1,1,1,1,1,1,0
000832.jpg,1,1,1,1,0,0,0,0,0,1,1,1,1,1,1,1,1,0
000833.jpg,1,1,1,1,0,0,0,0,0,1,1,1,1,1,1,1,1,0
000834.jpg,1,1,1,1,0,0,0,0,0,1,1,1,1,1,1,1,1,0
000835.jpg,1,1,1,1,0,0,0,0,0,1,1,1,1,1,1,1,1,0
000836.jpg,1,1,1,1,0,0,0,0,0,1,1,1,1,1,1,1,1,0
000837.jpg,1,1,1,1,0,0,0,0,0,1,1,1,1,1,1,1,1,0
000838.jpg,1,1,1,1,0,0,0,0,0,1,1,1,1,1,1,1,1,0
000839.jpg,1,1,1,1,0,0,0,0,0,1,1,1,1,1,1,1,1,0
000840.jpg,1,1,1,1,0,0,0,0,0,1,1,1,1,1,1,1,1,0
000841.jpg,1,1,1,1,0,0,0,0,0,1,1,1,1,1,1,1,1,0
000842.jpg,1,1,1,1,0,0,0,0,0,1,1,1,1,1,1,1,1,0
000843.jpg,1,1,1,1,0,0,0,0,0,1,1,1,1,1,1,1,1,0
000844.jpg,1,1,1,1,1,0,0,0,0,1,1,1,1,1,1,1,1,0
000845.jpg,1,1,1,1,1,0,0,0,0,1,1,1,1,1,1,1,1,0
000846.jpg,1,1,1,1,1,0,0,0,0,1,1,1,1,1,1,1,1,0
000847.jpg,1,1,1,1,1,0,0,0,0,1,1,1,1,1,1,1,1,0
000848.jpg,1,1,1,1,1,0,0,0,0,1,1,1,1,1,1,1,1,0
000849.jpg,1,1,1,1,1,0,0,0,0,1,1,1,1,1,1,1,1,0
000850.jpg,1,1,1,1,1,0,0,0,0,1,1,1,1,1,1,1,1,0
000851.jpg,1,1,1,1,1,0,0,0,0,1,1,1,1,1,1,1,1,0
000852.jpg,1,1,1,1,1,0,0,0,0,1,1,1,1,1,1,1,1,0
000853.jpg,1,1,1,1,1,0,0,0,0,1,1,1,1,1,1,1,1,0
000854.jpg,1,1,1,1,1,0,0,0,0,1,1,1,1,1,1,1,1,0
000855.jpg,1,1,1,1,1,0,0,0,0,1,1,1,1,1,1,1,1,0
000856.jpg,1,1,1,1,1,0,0,0,0,1,1,1,1,1,1,1,1,0
000857.jpg,1,1,1,1,1,0,0,0,0,1,1,1,1,1,1,1,1,0
000858.jpg,1,1,1,1,1,0,0,0,0,1,1,1,1,1,1,1,1,0
000859.jpg,1,1,1,1,1,0,0,0,0,1,1,1,1,1,1,1,1,0
000860.jpg,1,1,1,1,1,0,0,0,0,1,1,1,1,1,1,1,1,0
000861.jpg,1,1,1,1,1,0,0,0,0,1,1,1,1,1,1,1,1,0
000862.jpg,1,1,1,1,1,0,0,0,0,1,1,1,1,1,1,1,1,0
000863.jpg,1,1,1,1,1,0,0,0,0,1,1,1,1,1,1,1,1,0
000864.jpg,1,1,1,1,1,0,0,0,0,1,1,1,1,1,1,1,1,0
000865.jpg,1,1,1,1,1,0,0,0,0,1,1,1,1,1,1,1,1,0
000866.jpg,1,1,1,1,1,0,0,0,0,1,1,1,1,1,1,1,1,0
000867.jpg,1,1,1,1,1,0,0,0,0,1,1,1,1,1,1,1,1,0
000868.jpg,1,1,1,1,1,0,0,0,0,1,1,1,1,1,1,1,1,0
000869.jpg,1,1,1,1,1,0,0,0,0,1,1,1,1,1,1,1,1,0
000870.jpg,1,1,1,1,1,0,0,0,0,1,1,1,1,1,1,1,1,0
000871.jpg,1,1,1,1,1,0,0,0,0,1,1,1,1,1,1,1,1,0
000872.jpg,1,1,1,1,1,0,0,0,0,1,1,1,1,1,1,1,1,0
000873.jpg,1,1,1,1,1,0,0,0,0,1,1,1,1,1,1,1,1,0
000874.jpg,1,1,1,1,1,0,0,0,0,1,1,1,1,1,1,1,1,0
000875.jpg,1,1,1,1,1,0,0,0,0,1,1,1,1,1,1,1,1,0
000876.jpg,1,1,1,1,1,0,0,0,0,1,1,1,1,1,1,1,1,0
000877.jpg,1,1,1,1,1,0,0,0,0,1,1,1,1,1,1,1,1,0
000878.jpg,1,1,1,1,1,0,0,0,0,1,1,1,1,1,1,1,1,0
000879.jpg,1,1,1,1,1,0,0,0,0,1,1,1,1,1,1,1,1,0
000880.jpg,1,1,1,1,1,0,0,0,0,1,1,1,1,1,1,1,1,0
000881.jpg,1,1,1,1,1,0,0,0,0,1,1,1,1,1,1,1,1,0
000882.jpg,1,1,1,1,1,0,0,0,0,1,1,1,1,1,1,1,1,0
000883.jpg,1,1,1,1,1,0,0,0,0,1,1,1,1,1,1,1,1,0
000884.jpg,1,1,1,1,1,0,0,0,0,1,1,1,1,1,1,1,1,0
000885.jpg,1,1,1,1,1,0,0,0,0,1,1,1,1,1,1,1,1,0
000886.jpg,1,1,1,1,1,0,0,0,0,1,1,1,1,1,1,1,1,0
000887.jpg,1,1,1,1,1,0,0,0,0,1,1,1,1,1,1,1,1,0
000888.jpg,1,1,1,1,1,0,0,0,0,1,1,1,1,1,1,1,1,0
000889.jpg,1,1,1,1,1,0,0,0,0,1,1,1,1,1,1,1,1,0
000890.jpg,1,1,1,1,1,0,0,0,0,1,1,1,1,1,1,1,1,0
000891.jpg,1,1,1,1,1,0,0,0,0,1,1,1,1,1,1,1,1,0
000892.jpg,1,1,1,1,1,0,0,0,0,1,1,1,1,1,1,1,1,0
000893.jpg,1,1,1,1,1,0,0,0,0,1,1,1,1,1,1,1,1,0
000894.jpg,1,1,1,1,1,0,0,0,0,1,1,1,1,1,1,1,1,0
000895.jpg,1,1,1,1,1,0,0,0,0,1,1,1,1,1,1,1,1,0
000896.jpg,1,1,1,1,1,0,0,0,0,1,1,1,1,1,1,1,1,0
000897.jpg,1,1,1,1,1,0,0,0,0,1,1,1,1,1,1,1,1,0
000898.jpg,1,1,1,1,1,0,0,0,0,1,1,1,1,1,1,1,1,0
000899.jpg,1,1,1,1,1,0,0,0,0,1,1,1,1,1,1,1,1,0
000900.jpg,1,1,1,1,1,0,0,0,0,1,1,1,1,1,1,1,1,0
000901.jpg,1,1,1,1,1,0,0,0,0,1,1,1,1,1,1,1,1,0
000902.jpg,1,1,1,1,1,0,0,0,0,1,1,1,1,1,1,1,1,0
000903.jpg,1,1,1,1,1,0,0,0,0,1,1,1,1,1,1,1,1,0
000904.jpg,1,1,1,1,1,0,0,0,0,1,1,1,1,1,1,1,1,0
000905.jpg,1,1,1,1,1,0,0,0,0,1,1,1,1,1,1,1,1,0
000906.jpg,1,1,1,1,1,0,0,0,0,1,1,1,1,1,1,1,1,0
000907.jpg,1,1,1,1,1,0,0,0,0,1,1,1,1,1,1,1,1,0
000908.jpg,1,1,1,1,1,0,0,0,0,1,1,1,1,1,1,1,1,0
000909.jpg,1,1,1,1,1,0,0,0,0,1,1,1,1,1,1,1,1,0
000910.jpg,1,1,1,1,1,0,0,0,0,1,1,1,1,1,1,1,1,0
000911.jpg,1,1,1,1,1,0,0,0,0,1,1,1,1,1,1,1,1,0
000912.jpg,1,1,1,1,1,0,0,0,0,1,1,1,1,1,1,1,1,0
000913.jpg,1,1,1,1,1,0,0,0,0,1,1,1,1,1,1,1,1,0
000914.jpg,1,1,1,1,1,0,0,0,0,1,1,1,1,1,1,1,1,0
000915.jpg,1,1,1,1,1,0,0,0,0,1,1,1,1,1,1,1,1,0
000916.jpg,1,1,1,1,1,0,0,0,0,1,1,1,1,1,1,1,1,0
000917.jpg,1,1,1,1,1,0,0,0,0,1,1,1,1,1,1,1,1,0
000918.jpg,1,1,1,1,1,0,0,0,0,1,1,1,1,1,1,1,1,0
000919.jpg,1,1,1,1,1,0,0,0,0,1,1,1,1,1,1,1,1,0
000920.jpg,1,1,1,1,1,0,0,0,0,1,1,1,1,1,1,1,1,0
000921.jpg,1,1,1,1,1,0,0,0,0,1,1,1,1,1,1,1,1,0
000922.jpg,1,1,1,1,1,0,0,0,0,1,1,1,1,1,1,1,1,0
000923.jpg,1,1,1,1,1,0,0,0,0,1,1,1,1,1,1,1,1,0
000924.jpg,1,1,1,1,1,0,0,0,0,1,1,1,1,1,1,1,1,0
000925.jpg,1,1,1,1,1,0,0,0,0,1,1,1,1,1,1,1,1,0
000926.jpg,1,1,1,1,1,0,0,0,0,1,1,1,1,1,1,1,1,0
000927.jpg,1,1,1,1,1,0,0,0,0,1,1,1,1,1,1,1,1,0
000928.jpg,1,1,1,1,1,0,0,0,0,1,1,1,1,1,1,1,1,0
000929.jpg,1,1,1,1,1,0,0,0,0,1,1,1,1,1,1,1,1,0
000930.jpg,1,1,1,1,1,0,0,0,0,1,1,1,1,1,1,1,1,0
000931.jpg,1,1,1,1,1,0,0,0,0,1,1,1,1,1,1,1,1,0
000932.jpg,1,1,1,1,1,0,0,0,0,1,1,1,1,1,1,1,1,0
000933.jpg,1,1,1,1,1,0,0,0,0,1,1,1,1,1,1,1,1,0
000934.jpg,1,1,1,1,1,0,0,0,0,1,1,1,1,1,1,1,1,0
000935.jpg,1,1,1,1,1,0,0,0,0,1,1,1,1,1,1,1,1,0
000936.jpg,1,1,1,1,1,0,0,0,0,1,1,1,1,1,1,1,1,0
000937.jpg,1,1,1,1,1,0,0,0,0,1,1,1,1,1,1,1,1,0
000938.jpg,1,1,1,1,1,0,0,0,0,1,1,1,1,1,1,1,1,0
000939.jpg,1,1,1,1,1,0,0,0,0,1,1,1,1,1,1,1,1,0
000940.jpg,1,1,1,1,1,0,0,0,0,1,1,1,1,1,1,1,1,0
000941.jpg,1,1,1,1,1,0,0,0,0,1,1,1,1,1,1,1,1,0
000942.jpg,1,1,1,1,1,0,0,0,0,1,1,1,1,1,1,1,1,0
000943.jpg,1,1,1,1,1,0,0,0,0,1,1,1,1,1,1,1,1,0
000944.jpg,1,1,1,1,1,0,0,0,0,1,1,1,1,1,1,1,1,0
000945.jpg,1,1,1,1,1,0,0,0,0,1,1,1,1,1,1,1,1,0
000946.jpg,1,1,1,1,1,0,0,0,0,1,1,1,1,1,1,1,1,0
000947.jpg,1,1,1,1,1,0,0,0,0,1,1,1,1,1,1,1,1,0
000948.jpg,1,1,1,1,1,0,0,0,0,1,1,1,1,1,1,1,1,0
000949.jpg,1,1,1,1,1,0,0,0,0,1,1,1,1,1,1,1,1,0
000950.jpg,1,1,1,1,1,0,0,0,0,1,1,1,1,1,1,1,1,0
000951.jpg,1,1,1,1,1,0,0,0,0,1,1,1,1,1,1,1,1,0
000952.jpg,1,1,1,1,1,0,0,0,0,1,1,1,1,1,1,1,1,0
000953.jpg,1,1,1,1,1,0,0,0,0,1,1,1,1,1,1,1,1,0
000954.jpg,1,1,1,1,1,0,0,0,0,1,1,1,1,1,1,1,1,0
000955.jpg,1,1,1,1,1,0,0,0,0,1,1,1,1,1,1,1,1,0
000956.jpg,1,1,1,1,1,0,0,0,0,1,1,1,1,1,1,1,1,0
000957.jpg,1,1,1,1,1,0,0,0,0,1,1,1,1,1,1,1,1,0
000958.jpg,1,1,1,1,1,0,0,0,0,1,1,1,1,1,1,1,1,0
000959.jpg,1,1,1,1,1,0,0,0,0,1,1,1,1,1,1,1,1,0
000960.jpg,1,1,1,1,1,0,0,0,0,1,1,1,1,1,1,1,1,0
000961.jpg,1,1,1,1,1,0,0,0,0,1,1,1,1,1,1,1,1,0
000962.jpg,1,1,1,1,1,0,0,0,0,1,1,1,1,1,1,1,1,0
000963.jpg,1,1,1,1,1,0,0,0,0,1,1,1,1,1,1,1,1,0
000964.jpg,1,1,1,1,1,0,0,0,0,1,1,1,1,1,1,1,1,0
000965.jpg,1,1,1,1,1,0,0,0,0,1,1,1,1,1,1,1,1,0
000966.jpg,1,1,1,1,1,0,0,0,0,1,1,1,1,1,1,1,1,0
000967.jpg,1,1,1,1,1,0,0,0,0,1,1,1,1,1,1,1,1,0
000968.jpg,1,1,1,1,1,0,0,0,0,1,1,1,1,1,1,1,1,0
000969.jpg,1,1,1,1,1,0,0,0,0,1,1,1,1,1,1,1,1,0
000970.jpg,1,1,1,1,1,0,0,0,0,1,1,1,1,1,1,1,1,0
000971.jpg,1,1,1,1,1,0,0,0,0,1,1,1,1,1,1,1,1,0
000972.jpg,1,1,1,1,1,0,0,0,0,1,1,1,1,1,1,1,1,0
000973.jpg,1,1,1,1,1,0,0,0,0,1,1,1,1,1,1,1,1,0
000974.jpg,1,1,1,1,1,0,0,0,0,1,1,1,1,1,1,1,1,0
000975.jpg,1,1,1,1,1,0,0,0,0,1,1,1,1,1,1,1,1,0
000976.jpg,1,1,1,1,1,0,0,0,0,1,1,1,1,1,1,1,1,0
000977.jpg,1,1,1,1,1,0,0,0,0,1,1,1,1,1,1,1,1,0
000978.jpg,1,1,1,1,1,0,0,0,0,1,1,1,1,1,1,1,1,0
000979.jpg,1,1,1,1,1,0,0,0,0,1,1,1,1,1,1,1,1,0
000980.jpg,1,1,1,1,1,0,0,0,0,1,1,1,1,1,1,1,1,0
000981.jpg,1,1,1,1,1,0,0,0,0,1,1,1,1,1,1,1,1,0
000982.jpg,1,1,1,1,1,0,0,0,0,1,1,1,1,1,1,1,1,0
000983.jpg,1,1,1,1,1,0,0,0,0,1,1,1,1,1,1,1,1,0
000984.jpg,1,1,1,1,1,0,0,0,0,1,1,1,1,1,1,1,1,0
000985.jpg,1,1,1,1,1,0,0,0,0,1,1,1,1,1,1,1,1,0
000986.jpg,1,1,1,1,1,0,0,0,0,1,1,1,1,1,1,1,1,0
000987.jpg,1,1,1,1,1,0,0,0,0,1,1,1,1,1,1,1,1,0
000988.jpg,1,1,1,1,1,0,0,0,0,1,1,1,1,1,1,1,1,0
000989.jpg,1,1,1,1,1,0,0,0,0,1,1,1,1,1,1,1,1,0
000990.jpg,1,1,1,1,1,0,0,0,0,1,1,1,1,1,1,1,1,0
000991.jpg,1,1,1,1,1,0,0,0,0,1,1,1,1,1,1,1,1,0
000992.jpg,1,1,1,1,1,0,0,0,0,1,1,1,1,1,1,1,1,0
000993.jpg,1,1,1,1,1,0,0,0,0,1,1,1,1,1,1,1,1,0
000994.jpg,1,1,1,1,1,0,0,0,0,1,1,1,1,1,1,1,1,0
000995.jpg,1,1,1,1,1,0,0,0,0,1,1,1,1,1,1,1,1,0
000996.jpg,1,1,1,1,1,0,0,0,0,1,1,1,1,1,1,1,1,0
000997.jpg,1,1,1,1,1,0,0,0,0,1,1,1,1,1,1,1,1,0
000998.jpg,1,1,1,1,1,0,0,0,0,1,1,1,1,1,1,1,1,0
000999.jpg,1,1,1,1,1,0,0,0,0,1,1,1,1,1,1,1,1,0
001000.jpg,1,1,1,1,1,0,0,0,0,1,1,1,1,1,1,1,1,0
001001.jpg,1,1,1,1,1,0,0,0,0,1,1,1,1,1,1,1,1,0
001002.jpg,1,1,1,1,1,0,0,0,0,1,1,1,1,1,1,1,1,0
001003.jpg,1,1,1,1,1,0,0,0,0,1,1,1,1,1,1,1,1,0
001004.jpg,1,1,1,1,1,0,0,0,0,1,1,1,1,1,1,1,1,0
001005.jpg,1,1,1,1,1,0,0,0,0,1,1,1,1,1,1,1,1,0
001006.jpg,1,1,1,1,1,0,0,0,0,1,1,1,1,1,1,1,1,0
001007.jpg,1,1,1,1,1,0,0,0,0,1,1,1,1,1,1,1,1,0
001008.jpg,1,1,1,1,1,0,0,0,0,1,1,1,1,1,1,1,1,0
001009.jpg,1,1,1,1,1,0,0,0,0,1,1,1,1,1,1,1,1,0
001010.jpg,1,1,1,1,1,0,0,0,0,1,1,1,1,1,1,1,1,0
001011.jpg,1,1,1,1,1,0,0,0,0,1,1,1,1,1,1,1,1,0
001012.jpg,1,1,1,1,1,0,0,0,0,1,1,1,1,1,1,1,1,0
001013.jpg,1,1,1,1,1,0,0,0,0,1,1,1,1,1,1,1,1,0
001014.jpg,1,1,1,1,1,0,0,0,0,1,1,1,1,1,1,1,1,0
001015.jpg,1,1,1,1,1,0,0,0,0,1,1,1,1,1,1,1,1,0
001016.jpg,1,1,1,1,1,0,0,0,0,1,1,1,1,1,1,1,1,0
001017.jpg,1,1,1,1,1,0,0,0,0,1,1,1,1,1,1,1,1,0
001018.jpg,1,1,1,1,1,0,0,0,0,1,1,1,1,1,1,1,1,0
001019.jpg,1,1,1,1,1,0,0,0,0,1,1,1,1,1,1,1,1,0
001020.jpg,1,1,1,1,1,0,0,0,0,1,1,1,1,1,1,1,1,0
001021.jpg,1,1,1,1,1,0,0,0,0,1,1,1,1,1,1,1,1,0
001022.jpg,1,1,1,1,1,0,0,0,0,1,1,1,1,1,1,1,1,0
001023.jpg,1,1,1,1,1,0,0,0,0,1,1,1,1,1,1,1,1,0
001024.jpg,1,1,1,1,1,0,0,0,0,1,1,1,1,1,1,1,1,0
001025.jpg,1,1,1,1,1,0,0,0,0,1,1,1,1,1,1,1,1,0
001026.jpg,1,1,1,1,1,0,0,0,0,1,1,1,1,1,1,1,1,0
001027.jpg,1,1,1,1,1,0,0,0,0,1,1,1,1,1,1,1,1,0
001028.jpg,1,1,1,1,1,0,0,0,0,1,1,1,1,1,1,1,1,0
001029.jpg,1,1,1,1,1,0,0,0,0,1,1,1,1,1,1,1,1,0
001030.jpg,1,1,1,1,1,0,0,0,0,1,1,1,1,1,1,1,1,0
001031.jpg,1,1,1,1,1,0,0,0,0,1,1,1,1,1,1,1,1,0
001032.jpg,1,1,1,1,1,0,0,0,0,1,1,1,1,1,1,1,1,0
001033.jpg,1,1,1,1,1,0,0,0,0,1,1,1,1,1,1,1,1,0
001034.jpg,1,1,1,1,1,0,0,0,0,1,1,1,1,1,1,1,1,0
001035.jpg,1,1,1,1,1,0,0,0,0,1,1,1,1,1,1,1,1,0
001036.jpg,1,1,1,1,1,0,0,0,0,1,1,1,1,1,1,1,1,0
001037.jpg,1,1,1,1,1,0,0,0,0,1,1,1,1,1,1,1,1,0
001038.jpg,1,1,1,1,1,0,0,0,0,1,1,1,1,1,1,1,1,0
001039.jpg,1,1,1,1,1,0,0,0,0,1,1,1,1,1,1,1,1,0
001040.jpg,1,1,1,1,1,0,0,0,0,1,1,1,1,1,1,1,1,0
001041.jpg,1,1,1,1,1,0,0,0,0,1,1,1,1,1,1,1,1,0
001042.jpg,1,1,1,1,1,0,0,0,0,1,1,1,1,1,1,1,1,0
001043.jpg,1,1,1,1,1,0,0,0,0,1,1,1,1,1,1,1,1,0
001044.jpg,1,1,1,1,1,0,0,0,0,1,1,1,1,1,1,1,1,0
001045.jpg,1,1,1,1,1,0,0,0,0,1,1,1,1,1,1,1,1,0
001046.jpg,1,1,1,1,1,0,0,0,0,1,1,1,1,1,1,1,1,0
001047.jpg,1,1,1,1,1,0,0,0,0,1,1,1,1,1,1,1,1,0
001048.jpg,1,1,1,1,1,0,0,0,0,1,1,1,1,1,1,1,1,0
001049.jpg,1,1,1,1,1,0,0,0,0,1,1,1,1,1,1,1,1,0
001050.jpg,1,1,1,1,1,0,0,0,0,1,1,1,1,1,1,1,1,0
001051.jpg,1,1,1,1,1,0,0,0,0,1,1,1,1,1,1,1,1,0
001052.jpg,1,1,1,1,1,0,0,0,0,1,1,1,1,1,1,1,1,0
001053.jpg,1,1,1,1,1,0,0,0,0,1,1,1,1,1,1,1,1,0
001054.jpg,1,1,1,1,1,0,0,0,0,1,1,1,1,1,1,1,1,0
001055.jpg,1,1,1,1,1,0,0,0,0,1,1,1,1,1,1,1,1,0
001056.jpg,1,1,1,1,1,0,0,0,0,1,1,1,1,1,1,1,1,0
001057.jpg,1,1,1,1,1,0,0,0,0,1,1,1,1,1,1,1,1,0
001058.jpg,1,1,1,1,1,0,0,0,0,1,1,1,1,1,1,1,1,0
001059.jpg,1,1,1,1,1,0,0,0,0,1,1,1,1,1,1,1,1,0
001060.jpg,1,1,1,1,1,0,0,0,0,1,1,1,1,1,1,1,1,0
001061.jpg,1,1,1,1,1,0,0,0,0,1,1,1,1,1,1,1,1,0
001062.jpg,1,1,1,1,1,0,0,0,0,1,1,1,1,1,1,1,1,0
001063.jpg,1,1,1,1,1,0,0,0,0,1,1,1,1,1,1,1,1,0
001064.jpg,1,1,1,1,1,0,0,0,0,1,1,1,1,1,1,1,1,0
001065.jpg,1,1,1,1,1,0,0,0,0,1,1,1,1,1,1,1,1,0
001066.jpg,1,1,1,1,1,0,0,0,0,1,1,1,1,1,1,1,1,0
001067.jpg,1,1,1,1,1,0,0,0,0,1,1,1,1,1,1,1,1,0
001068.jpg,1,1,1,1,1,0,0,0,0,1,1,1,1,1,1,1,1,0
001069.jpg,1,1,1,1,1,0,0,0,0,1,1,1,1,1,1,1,1,0
001070.jpg,1,1,1,1,1,0,0,0,0,1,1,1,1,1,1,1,1,0
001071.jpg,1,1,1,1,1,0,0,0,0,1,1,1,1,1,1,1,1,0
001072.jpg,1,1,1,1,1,0,0,0,0,1,1,1,1,1,1,1,1,0
001073.jpg,1,1,1,1,1,0,0,0,0,1,1,1,1,1,1,1,1,0
001074.jpg,1,1,1,1,1,0,0,0,0,1,1,1,1,1,1,1,1,0
001075.jpg,1,1,1,1,1,0,0,0,0,1,1,1,1,1,1,1,1,0
001076.jpg,1,1,1,1,1,0,0,0,0,1,1,1,1,1,1,1,1,0
001077.jpg,1,1,1,1,1,0,0,0,0,1,1,1,1,1,1,1,1,0
001078.jpg,1,1,1,1,1,0,0,0,0,1,1,1,1,1,1,1,1,0
001079.jpg,1,1,1,1,1,0,0,0,0,1,1,1,1,1,1,1,1,0
001080.jpg,1,1,1,1,1,0,0,0,0,1,1,1,1,1,1,1,1,0
001081.jpg,1,1,1,1,1,0,0,0,0,1,1,1,1,1,1,1,1,0
001082.jpg,1,1,1,1,1,0,0,0,0,1,1,1,1,1,1,1,1,0
001083.jpg,1,1,1,1,1,0,0,0,0,1,1,1,1,1,1,1,1,0
001084.jpg,1,1,1,1,1,0,0,0,0,1,1,1,1,1,1,1,1,0
001085.jpg,1,1,1,1,1,0,0,0,0,1,1,1,1,1,1,1,1,0
001086.jpg,1,1,1,1,1,0,0,0,0,1,1,1,1,1,1,1,1,0
001087.jpg,1,1,1,1,1,0,0,0,0,1,1,1,1,1,1,1,1,0
001088.jpg,1,1,1,1,1,0,0,0,0,1,1,1,1,1,1,1,1,0
001089.jpg,1,1,1,1,1,0,0,0,0,1,1,1,1,1,1,1,1,0
001090.jpg,1,1,1,1,1,0,0,0,0,1,1,1,1,1,1,1,1,0
001091.jpg,1,1,1,1,1,0,0,0,0,1,1,1,1,1,1,1,1,0
001092.jpg,1,1,1,1,1,0,0,0,0,1,1,1,1,1,1,1,1,0
001093.jpg,1,1,1,1,1,0,0,0,0,1,1,1,1,1,1,1,1,0
001094.jpg,1,1,1,1,1,0,0,0,0,1,1,1,1,1,1,1,1,0
001095.jpg,1,1,1,1,1,0,0,0,0,1,1,1,1,1,1,1,1,0
001096.jpg,1,1,1,1,1,0,0,0,0,1,1,1,1,1,1,1,1,0
001097.jpg,1,1,1,1,1,0,0,0,0,1,1,1,1,1,1,1,1,0
001098.jpg,1,1,1,1,1,0,0,0,0,1,1,1,1,1,1,1,1,0
001099.jpg,1,1,1,1,1,0,0,0,0,1,1,1,1,1,1,1,1,0
001100.jpg,1,1,1,1,1,0,0,0,0,1,1,1,1,1,1,1,1,0
001101.jpg,1,1,1,1,1,0,0,0,0,1,1,1,1,1,1,1,1,0
001102.jpg,1,1,1,1,1,0,0,0,0,1,1,1,1,1,1,1,1,0
001103.jpg,1,1,1,1,1,0,0,0,0,1,1,1,1,1,1,1,1,0
001104.jpg,1,1,1,1,1,0,0,0,0,1,1,1,1,1,1,1,1,0
001105.jpg,1,1,1,1,1,0,0,0,0,1,1,1,1,1,1,1,1,0
001106.jpg,1,1,1,1,1,0,0,0,0,1,1,1,1,1,1,1,1,0
001107.jpg,1,1,1,1,1,0,0,0,0,1,1,1,1,1,1,1,1,0
001108.jpg,1,1,1,1,1,0,0,0,0,1,1,1,1,1,1,1,1,0
001109.jpg,1,1,1,1,1,0,0,0,0,1,1,1,1,1,1,1,1,0
001110.jpg,1,1,1,1,1,0,0,0,0,1,1,1,1,1,1,1,1,0
001111.jpg,1,1,1,1,1,0,0,0,0,1,1,1,1,1,1,1,1,0
001112.jpg,1,1,1,1,1,0,0,0,0,1,1,1,1,1,1,1,1,0
001113.jpg,1,1,1,1,1,0,0,0,0,1,1,1,1,1,1,1,1,0
001114.jpg,1,1,1,1,1,0,0,0,0,1,1,1,1,1,1,1,1,0
001115.jpg,1,1,1,1,1,0,0,0,0,1,1,1,1,1,1,1,1,0
001116.jpg,1,1,1,1,1,0,0,0,0,1,1,1,1,1,1,1,1,0
001117.jpg,1,1,1,1,1,0,0,0,0,1,1,1,1,1,1,1,1,0
001118.jpg,1,1,1,1,1,0,0,0,0,1,1,1,1,1,1,1,1,0
001119.jpg,1,1,1,1,1,0,0,0,0,1,1,1,1,1,1,1,1,0
001120.jpg,1,1,1,1,1,0,0,0,0,1,1,1,1,1,1,1,1,0
001121.jpg,1,1,1,1,1,0,0,0,0,1,1,1,1,1,1,1,1,0
001122.jpg,1,1,1,1,1,0,0,0,0,1,1,1,1,1,1,1,1,0
001123.jpg,1,1,1,1,1,0,0,0,0,1,1,1,1,1,1,1,1,0
001124.jpg,1,1,1,1,1,0,0,0,0,1,1,1,1,1,1,1,1,0
001125.jpg,1,1,1,1,1,0,0,0,0,1,1,1,1,1,1,1,1,0
001126.jpg,1,1,1,1,1,0,0,0,0,1,1,1,1,1,1,1,1,0
001127.jpg,1,1,1,1,1,0,0,0,0,1,1,1,1,1,1,1,1,0
001128.jpg,1,1,1,1,1,0,0,0,0,1,1,1,1,1,1,1,1,0
001129.jpg,1,1,1,1,1,0,0,0,0,1,1,1,1,1,1,1,1,0
001130.jpg,1,1,1,1,1,0,0,0,0,1,1,1,1,1,1,1,1,0
001131.jpg,1,1,1,1,1,0,0,0,0,1,1,1,1,1,1,1,1,0
001132.jpg,1,1,1,1,1,0,0,0,0,1,1,1,1,1,1,1,1,0
001133.jpg,1,1,1,1,1,0,0,0,0,1,1,1,1,1,1,1,1,0
001134.jpg,1,1,1,1,1,0,0,0,0,1,1,1,1,1,1,1,1,0
001135.jpg,1,1,1,1,1,0,0,0,0,1,1,1,1,1,1,1,1,0
001136.jpg,1,1,1,1,1,0,0,0,0,1,1,1,1,1,1,1,1,0
001137.jpg,1,1,1,1,1,0,0,0,0,1,1,1,1,1,1,1,1,0
001138.jpg,1,1,1,1,1,0,0,0,0,1,1,1,1,1,1,1,1,0
001139.jpg,1,1,1,1,1,0,0,0,0,1,1,1,1,1,1,1,1,0
001140.jpg,1,1,1,1,1,0,0,0,0,1,1,1,1,1,1,1,1,0
001141.jpg,1,1,1,1,1,0,0,0,0,1,1,1,1,1,1,1,1,0
001142.jpg,1,1,1,1,1,0,0,0,0,1,1,1,1,1,1,1,1,0
001143.jpg,1,1,1,1,1,0,0,0,0,1,1,1,1,1,1,1,1,0
001144.jpg,1,1,1,1,1,0,0,0,0,1,1,1,1,1,1,1,1,0
001145.jpg,1,1,1,1,1,0,0,0,0,1,1,1,1,1,1,1,1,0
001146.jpg,1,1,1,1,1,0,0,0,0,1,1,1,1,1,1,1,1,0
001147.jpg,1,1,1,1,1,0,0,0,0,1,1,1,1,1,1,1,1,0
001148.jpg,1,1,1,1,1,0,0,0,0,1,1,1,1,1,1,1,1,0
001149.jpg,1,1,1,1,1,0,0,0,0,1,1,1,1,1,1,1,1,0
001150.jpg,1,1,1,1,1,0,0,0,0,1,1,1,1,1,1,1,1,0
001151.jpg,1,1,1,1,1,0,0,0,0,1,1,1,1,1,1,1,1,0
001152.jpg,1,1,1,1,1,0,0,0,0,1,1,1,1,1,1,1,1,0
001153.jpg,1,1,1,1,1,0,0,0,0,1,1,1,1,1,1,1,1,0
001154.jpg,1,1,1,1,1,0,0,0,0,1,1,1,1,1,1,1,1,0
001155.jpg,1,1,1,1,1,0,0,0,0,1,1,1,1,1,1,1,1,0
001156.jpg,1,1,1,1,1,0,0,0,0,1,1,1,1,1,1,1,1,0
001157.jpg,1,1,1,1,1,0,0,0,0,1,1,1,1,1,1,1,1,0
001158.jpg,1,1,1,1,1,0,0,0,0,1,1,1,1,1,1,1,1,0
001159.jpg,1,1,1,1,1,0,0,0,0,1,1,1,1,1,1,1,1,0
001160.jpg,1,1,1,1,1,0,0,0,0,1,1,1,1,1,1,1,1,0
001161.jpg,1,1,1,1,1,0,0,0,0,1,1,1,1,1,1,1,1,0
001162.jpg,1,1,1,1,1,0,0,0,0,1,1,1,1,1,1,1,1,0
001163.jpg,1,1,1,1,1,0,0,0,0,1,1,1,1,1,1,1,1,0
001164.jpg,1,1,1,1,1,0,0,0,0,1,1,1,1,1,1,1,1,0
001165.jpg,1,1,1,1,1,0,0,0,0,1,1,1,1,1,1,1,1,0
001166.jpg,1,1,1,1,1,0,0,0,0,1,1,1,1,1,1,1,1,0
001167.jpg,1,1,1,1,1,0,0,0,0,1,1,1,1,1,1,1,1,0
001168.jpg,1,1,1,1,1,0,0,0,0,1,1,1,1,1,1,1,1,0
001169.jpg,1,1,1,1,1,0,0,0,0,1,1,1,1,1,1,1,1,0
001170.jpg,1,1,1,1,1,0,0,0,0,1,1,1,1,1,1,1,1,0
001171.jpg,1,1,1,1,1,0,0,0,0,1,1,1,1,1,1,1,1,0
001172.jpg,1,1,1,1,1,0,0,0,0,1,1,1,1,1,1,1,1,0
001173.jpg,1,1,1,1,1,0,0,0,0,1,1,1,1,1,1,1,1,0
001174.jpg,1,1,1,1,1,0,0,0,0,1,1,1,1,1,1,1,1,0
001175.jpg,1,1,1,1,1,0,0,0,0,1,1,1,1,1,1,1,1,0
001176.jpg,1,1,1,1,1,0,0,0,0,1,1,1,1,1,1,1,1,0
001177.jpg,1,1,1,1,1,0,0,0,0,1,1,1,1,1,1,1,1,0
001178.jpg,1,1,1,1,1,0,0,0,0,1,1,1,1,1,1,1,1,0
001179.jpg,1,1,1,1,1,0,0,0,0,1,1,1,1,1,1,1,1,0
001180.jpg,1,1,1,1,1,0,0,0,0,1,1,1,1,1,1,1,1,0
001181.jpg,1,1,1,1,1,0,0,0,0,1,1,1,1,1,1,1,1,0
001182.jpg,1,1,1,1,1,0,0,0,0,1,1,1,1,1,1,1,1,0
001183.jpg,1,1,1,1,1,0,0,0,0,1,1,1,1,1,1,1,1,0
001184.jpg,1,1,1,1,1,0,0,0,0,1,1,1,1,1,1,1,1,0
001185.jpg,1,1,1,1,1,0,0,0,0,1,1,1,1,1,1,1,1,0
001186.jpg,1,1,1,1,1,0,0,0,0,1,1,1,1,1,1,1,1,0
001187.jpg,1,1,1,1,1,0,0,0,0,1,1,1,1,1,1,1,1,0
001188.jpg,1,1,1,1,1,0,0,0,0,1,1,1,1,1,1,1,1,0
001189.jpg,1,1,1,1,1,0,0,0,0,1,1,1,1,1,1,1,1,0
001190.jpg,1,1,1,1,1,0,0,0,0,1,1,1,1,1,1,1,1,0
001191.jpg,1,1,1,1,1,0,0,0,0,1,1,1,1,1,1,1,1,0
001192.jpg,1,1,1,1,1,0,0,0,0,1,1,1,1,1,1,1,1,0
001193.jpg,1,1,1,1,1,0,0,0,0,1,1,1,1,1,1,1,1,0
001194.jpg,1,1,1,1,1,0,0,0,0,1,1,1,1,1,1,1,1,0
001195.jpg,1,1,1,1,1,0,0,0,0,1,1,1,1,1,1,1,1,0
001196.jpg,1,1,1,1,1,0,0,0,0,1,1,1,1,1,1,1,1,0
001197.jpg,1,1,1,1,1,0,0,0,0,1,1,1,1,1,1,1,1,0
001198.jpg,1,1,1,1,1,0,0,0,0,1,1,1,1,1,1,1,1,0
001199.jpg,1,1,1,1,1,0,0,0,0,1,1,1,1,1,1,1,1,0
001200.jpg,1,1,1,1,1,0,0,0,0,1,1,1,1,1,1,1,1,0
001201.jpg,1,1,1,1,1,0,0,0,0,1,1,1,1,1,1,1,1,0
001202.jpg,1,1,1,1,1,0,0,0,0,1,1,1,1,1,1,1,1,0
001203.jpg,1,1,1,1,1,0,0,0,0,1,1,1,1,1,1,1,1,0
001204.jpg,1,1,1,1,1,0,0,0,0,1,1,1,1,1,1,1,1,0
001205.jpg,1,1,1,1,1,0,0,0,0,1,1,1,1,1,1,1,1,0
001206.jpg,1,1,1,1,1,0,0,0,0,1,1,1,1,1,1,1,1,0
001207.jpg,1,1,1,1,1,0,0,0,0,1,1,1,1,1,1,1,1,0
001208.jpg,1,1,1,1,1,0,0,0,0,1,1,1,1,1,1,1,1,0
001209.jpg,1,1,1,1,1,0,0,0,0,1,1,1,1,1,1,1,1,0
001210.jpg,1,1,1,1,1,0,0,0,0,1,1,1,1,1,1,1,1,0
001211.jpg,1,1,1,1,1,0,0,0,0,1,1,1,1,1,1,1,1,0
001212.jpg,1,1,1,1,1,0,0,0,0,1,1,1,1,1,1,1,1,0
001213.jpg,1,1,1,1,1,0,0,0,0,1,1,1,1,1,1,1,1,0
001214.jpg,1,1,1,1,1,0,0,0,0,1,1,1,1,1,1,1,1,0
001215.jpg,1,1,1,1,1,0,0,0,0,1,1,1,1,1,1,1,1,0
001216.jpg,1,1,1,1,1,0,0,0,0,1,1,1,1,1,1,1,1,0
001217.jpg,1,1,1,1,1,0,0,0,0,1,1,1,1,1,1,1,1,0
001218.jpg,1,1,1,1,1,0,0,0,0,1,1,1,1,1,1,1,1,0
001219.jpg,1,1,1,1,1,0,0,0,0,1,1,1,1,1,1,1,1,0
001220.jpg,1,1,1,1,1,0,0,0,0,1,1,1,1,1,1,1,1,0
001221.jpg,1,1,1,1,1,0,0,0,0,1,1,1,1,1,1,1,1,0
001222.jpg,1,1,1,1,1,0,0,0,0,1,1,1,1,1,1,1,1,0
001223.jpg,1,1,1,1,1,0,0,0,0,1,1,1,1,1,1,1,1,0
001224.jpg,1,1,1,1,1,0,0,0,0,1,1,1,1,1,1,1,1,0
001225.jpg,1,1,1,1,1,0,0,0,0,1,1,1,1,1,1,1,1,0
001226.jpg,1,1,1,1,1,0,0,0,0,1,1,1,1,1,1,1,1,0
001227.jpg,1,1,1,1,1,0,0,0,0,1,1,1,1,1,1,1,1,0
001228.jpg,1,1,1,1,1,0,0,0,0,1,1,1,1,1,1,1,1,0
001229.jpg,1,1,1,1,1,0,0,0,0,1,1,1,1,1,1,1,1,0
001230.jpg,1,1,1,1,1,0,0,0,0,1,1,1,1,1,1,1,1,0
001231.jpg,1,1,1,1,1,0,0,0,0,1,1,1,1,1,1,1,1,0
001232.jpg,1,1,1,1,1,0,0,0,0,1,1,1,1,1,1,1,1,0
001233.jpg,1,1,1,1,1,0,0,0,0,1,1,1,1,1,1,1,1,0
001234.jpg,1,1,1,1,1,0,0,0,0,1,1,1,1,1,1,1,1,0
001235.jpg,1,1,1,1,1,0,0,0,0,1,1,1,1,1,1,1,1,0
001236.jpg,1,1,1,1,1,0,0,0,0,1,1,1,1,1,1,1,1,0
001237.jpg,1,1,1,1,1,0,0,0,0,1,1,1,1,1,1,1,1,0
001238.jpg,1,1,1,1,1,0,0,0,0,1,1,1,1,1,1,1,1,0
001239.jpg,1,1,1,1,1,0,0,0,0,1,1,1,1,1,1,1,1,0
001240.jpg,1,1,1,1,1,0,0,0,0,1,1,1,1,1,1,1,1,0
001241.jpg,1,1,1,1,1,0,0,0,0,1,1,1,1,1,1,1,1,0
001242.jpg,1,1,1,1,1,0,0,0,0,1,1,1,1,1,1,1,1,0
001243.jpg,1,1,1,1,1,0,0,0,0,1,1,1,1,1,1,1,1,0
001244.jpg,1,1,1,1,1,0,0,0,0,1,1,1,1,1,1,1,1,0
001245.jpg,1,1,1,1,1,0,0,0,0,1,1,1,1,1,1,1,1,0
001246.jpg,1,1,1,1,1,0,0,0,0,1,1,1,1,1,1,1,1,0
001247.jpg,1,1,1,1,1,0,0,0,0,1,1,1,1,1,1,1,1,0
001248.jpg,1,1,1,1,1,0,0,0,0,1,1,1,1,1,1,1,1,0
001249.jpg,1,1,1,1,1,0,0,0,0,1,1,1,1,1,1,1,1,0
001250.jpg,1,1,1,1,1,0,0,0,0,1,1,1,1,1,1,1,1,0
001251.jpg,1,1,1,1,1,0,0,0,0,1,1,1,1,1,1,1,1,0
001252.jpg,1,1,1,1,1,0,0,0,0,1,1,1,1,1,1,1,1,0
001253.jpg,1,1,1,1,1,0,0,0,0,1,1,1,1,1,1,1,1,0
001254.jpg,1,1,1,1,1,0,0,0,0,1,1,1,1,1,1,1,1,0
001255.jpg,1,1,1,1,1,0,0,0,0,1,1,1,1,1,1,1,1,0
001256.jpg,1,1,1,1,1,0,0,0,0,1,1,1,1,1,1,1,1,0
001257.jpg,1,1,1,1,1,0,0,0,0,1,1,1,1,1,1,1,1,0
001258.jpg,1,1,1,1,1,0,0,0,0,1,1,1,1,1,1,1,1,0
001259.jpg,1,1,1,1,1,0,0,0,0,1,1,1,1,1,1,1,1,0
001260.jpg,1,1,1,1,1,0,0,0,0,1,1,1,1,1,1,1,1,0
001261.jpg,1,1,1,1,1,0,0,0,0,1,1,1,1,1,1,1,1,0
001262.jpg,1,1,1,1,1,0,0,0,0,1,1,1,1,1,1,1,1,0
001263.jpg,1,1,1,1,1,0,0,0,0,1,1,1,1,1,1,1,1,0
001264.jpg,1,1,1,1,1,0,0,0,0,1,1,1,1,1,1,1,1,0
001265.jpg,1,1,1,1,1,0,0,0,0,1,1,1,1,1,1,1,1,0
001266.jpg,1,1,1,1,1,0,0,0,0,1,1,1,1,1,1,1,1,0
001267.jpg,1,1,1,1,1,0,0,0,0,1,1,1,1,1,1,1,1,0
001268.jpg,1,1,1,1,1,0,0,0,0,1,1,1,1,1,1,1,1,0
001269.jpg,1,1,1,1,1,0,0,0,0,1,1,1,1,1,1,1,1,0
001270.jpg,1,1,1,1,1,0,0,0,0,1,1,1,1,1,1,1,1,0
001271.jpg,1,1,1,1,1,0,0,0,0,1,1,1,1,1,1,1,1,0
001272.jpg,1,1,1,1,1,0,0,0,0,1,1,1,1,1,1,1,1,0
001273.jpg,1,1,1,1,1,0,0,0,0,1,1,1,1,1,1,1,1,0
001274.jpg,1,1,1,1,1,0,0,0,0,1,1,1,1,1,1,1,1,0
001275.jpg,1,1,1,1,1,0,0,0,0,1,1,1,1,1,1,1,1,0
001276.jpg,1,1,1,1,1,0,0,0,0,1,1,1,1,1,1,1,1,0
001277.jpg,1,1,1,1,1,0,0,0,0,1,1,1,1,1,1,1,1,0
001278.jpg,1,1,1,1,1,0,0,0,0,1,1,1,1,1,1,1,1,0
001279.jpg,1,1,1,1,1,0,0,0,0,1,1,1,1,1,1,1,1,0
001280.jpg,1,1,1,1,1,0,0,0,0,1,1,1,1,1,1,1,1,0
001281.jpg,1,1,1,1,1,0,0,0,0,1,1,1,1,1,1,1,1,0
001282.jpg,1,1,1,1,1,0,0,0,0,1,1,1,1,1,1,1,1,0
001283.jpg,1,1,1,1,1,0,0,0,0,1,1,1,1,1,1,1,1,0
001284.jpg,1,1,1,1,1,0,0,0,0,1,1,1,1,1,1,1,1,0
001285.jpg,1,1,1,1,1,0,0,0,0,1,1,1,1,1,1,1,1,0
001286.jpg,1,1,1,1,1,0,0,0,0,1,1,1,1,1,1,1,1,0
001287.jpg,1,1,1,1,1,0,0,0,0,1,1,1,1,1,1,1,1,0
001288.jpg,1,1,1,1,1,0,0,0,0,1,1,1,1,1,1,1,1,0
001289.jpg,1,1,1,1,1,0,0,0,0,1,1,1,1,1,1,1,1,0
001290.jpg,1,1,1,1,1,0,0,0,0,1,1,1,1,1,1,1,1,0
001291.jpg,1,1,1,1,1,0,0,0,0,1,1,1,1,1,1,1,1,0
001292.jpg,1,1,1,1,1,0,0,0,0,1,1,1,1,1,1,1,1,0
001293.jpg,1,1,1,1,1,0,0,0,0,1,1,1,1,1,1,1,1,0
001294.jpg,1,1,1,1,1,0,0,0,0,1,1,1,1,1,1,1,1,0
001295.jpg,1,1,1,1,1,0,0,0,0,1,1,1,1,1,1,1,1,0
001296.jpg,1,1,1,1,1,0,0,0,0,1,1,1,1,1,1,1,1,0
001297.jpg,1,1,1,1,1,0,0,0,0,1,1,1,1,1,1,1,1,0
001298.jpg,1,1,1,1,1,0,0,0,0,1,1,1,1,1,1,1,1,0
001299.jpg,1,1,1,1,1,0,0,0,0,1,1,1,1,1,1,1,1,0
001300.jpg,1,1,1,1,1,0,0,0,0,1,1,1,1,1,1,1,1,0
001301.jpg,1,1,1,1,1,0,0,0,0,1,1,1,1,1,1,1,1,0
001302.jpg,1,1,1,1,1,0,0,0,0,1,1,1,1,1,1,1,1,0
001303.jpg,1,1,1,1,1,0,0,0,0,1,1,1,1,1,1,1,1,0
001304.jpg,1,1,1,1,1,0,0,0,0,1,1,1,1,1,1,1,1,0
001305.jpg,1,1,1,1,1,0,0,0,0,1,1,1,1,1,1,1,1,0
001306.jpg,1,1,1,1,1,0,0,0,0,1,1,1,1,1,1,1,1,0
001307.jpg,1,1,1,1,1,0,0,0,0,1,1,1,1,1,1,1,1,0
001308.jpg,1,1,1,1,1,0,0,0,0,1,1,1,1,1,1,1,1,0
001309.jpg,1,1,1,1,1,0,0,0,0,1,1,1,1,1,1,1,1,0
001310.jpg,1,1,1,1,1,0,0,0,0,1,1,1,1,1,1,1,1,0
001311.jpg,1,1,1,1,1,0,0,0,0,1,1,1,1,1,1,1,1,0
001312.jpg,1,1,1,1,1,0,0,0,0,1,1,1,1,1,1,1,1,0
001313.jpg,1,1,1,1,1,0,0,0,0,1,1,1,1,1,1,1,1,0
001314.jpg,1,1,1,1,1,0,0,0,0,1,1,1,1,1,1,1,1,0
001315.jpg,1,1,1,1,1,0,0,0,0,1,1,1,1,1,1,1,1,0
001316.jpg,1,1,1,1,1,0,0,0,0,1,1,1,1,1,1,1,1,0
001317.jpg,1,1,1,1,1,0,0,0,0,1,1,1,1,1,1,1,1,0
001318.jpg,1,1,1,1,1,0,0,0,0,1,1,1,1,1,1,1,1,0
001319.jpg,1,1,1,1,1,0,0,0,0,1,1,1,1,1,1,1,1,0
001320.jpg,1,1,1,1,1,0,0,0,0,1,1,1,1,1,1,1,1,0
001321.jpg,1,1,1,1,1,0,0,0,0,1,1,1,1,1,1,1,1,0
001322.jpg,1,1,1,1,1,0,0,0,0,1,1,1,1,1,1,1,1,0
001323.jpg,1,1,1,1,1,0,0,0,0,1,1,1,1,1,1,1,1,0
001324.jpg,1,1,1,1,1,0,0,0,0,1,1,1,1,1,1,1,1,0
001325.jpg,1,1,1,1,1,0,0,0,0,1,1,1,1,1,1,1,1,0
001326.jpg,1,1,1,1,1,0,0,0,0,1,1,1,1,1,1,1,1,0
001327.jpg,1,1,1,1,1,0,0,0,0,1,1,1,1,1,1,1,1,0
001328.jpg,1,1,1,1,1,0,0,0,0,1,1,1,1,1,1,1,1,0
001329.jpg,1,1,1,1,1,0,0,0,0,1,1,1,1,1,1,1,1,0
001330.jpg,1,1,1,1,1,0,0,0,0,1,1,1,1,1,1,1,1,0
001331.jpg,1,1,1,1,1,0,0,0,0,1,1,1,1,1,1,1,1,0
001332.jpg,1,1,1,1,1,0,0,0,0,1,1,1,1,1,1,1,1,0
001333.jpg,1,1,1,1,1,0,0,0,0,1,1,1,1,1,1,1,1,0
001334.jpg,1,1,1,1,1,0,0,0,0,1,1,1,1,1,1,1,1,0
001335.jpg,1,1,1,1,1,0,0,0,0,1,1,1,1,1,1,1,1,0
001336.jpg,1,1,1,1,1,0,0,0,0,1,1,1,1,1,1,1,1,0
001337.jpg,1,1,1,1,1,0,0,0,0,1,1,1,1,1,1,1,1,0
001338.jpg,1,1,1,1,1,0,0,0,0,1,1,1,1,1,1,1,1,0
001339.jpg,1,1,1,1,1,0,0,0,0,1,1,1,1,1,1,1,1,0
001340.jpg,1,1,1,1,1,0,0,0,0,1,1,1,1,1,1,1,1,0
001341.jpg,1,1,1,1,1,0,0,0,0,1,1,1,1,1,1,1,1,0
001342.jpg,1,1,1,1,1,0,0,0,0,1,1,1,1,1,1,1,1,0
001343.jpg,1,1,1,1,1,0,0,0,0,1,1,1,1,1,1,1,1,0
001344.jpg,1,1,1,1,1,0,0,0,0,1,1,1,1,1,1,1,1,0
001345.jpg,1,1,1,1,1,0,0,0,0,1,1,1,1,1,1,1,1,0
001346.jpg,1,1,1,1,1,0,0,0,0,1,1,1,1,1,1,1,1,0
001347.jpg,1,1,1,1,1,0,0,0,0,1,1,1,1,1,1,1,1,0
001348.jpg,1,1,1,1,1,0,0,0,0,1,1,1,1,1,1,1,1,0
001349.jpg,1,1,1,1,1,0,0,0,0,1,1,1,1,1,1,1,1,0
001350.jpg,1,1,1,1,1,0,0,0,0,1,1,1,1,1,1,1,1,0
001351.jpg,1,1,1,1,1,0,0,0,0,1,1,1,1,1,1,1,1,0
001352.jpg,1,1,1,1,1,0,0,0,0,1,1,1,1,1,1,1,1,0
001353.jpg,1,1,1,1,1,0,0,0,0,1,1,1,1,1,1,1,1,0
001354.jpg,1,1,1,1,1,0,0,0,0,1,1,1,1,1,1,1,1,0
001355.jpg,1,1,1,1,1,0,0,0,0,1,1,1,1,1,1,1,1,0
001356.jpg,1,1,1,1,1,0,0,0,0,1,1,1,1,1,1,1,1,0
001357.jpg,1,1,1,1,1,0,0,0,0,1,1,1,1,1,1,1,1,0
001358.jpg,1,1,1,1,1,0,0,0,0,1,1,1,1,1,1,1,1,0
001359.jpg,1,1,1,1,1,0,0,0,0,1,1,1,1,1,1,1,1,0
001360.jpg,1,1,1,1,1,0,0,0,0,1,1,1,1,1,1,1,1,0
001361.jpg,1,1,1,1,1,0,0,0,0,1,1,1,1,1,1,1,1,0
001362.jpg,1,1,1,1,1,0,0,0,0,1,1,1,1,1,1,1,1,0
001363.jpg,1,1,1,1,1,0,0,0,0,1,1,1,1,1,1,1,1,0
001364.jpg,1,1,1,1,1,0,0,0,0,1,1,1,1,1,1,1,1,0
001365.jpg,1,1,1,1,1,0,0,0,0,1,1,1,1,1,1,1,1,0
001366.jpg,1,1,1,1,1,0,0,0,0,1,1,1,1,1,1,1,1,0
001367.jpg,1,1,1,1,1,0,0,0,0,1,1,1,1,1,1,1,1,0
001368.jpg,1,1,1,1,1,0,0,0,0,1,1,1,1,1,1,1,1,0
001369.jpg,1,1,1,1,1,0,0,0,0,1,1,1,1,1,1,1,1,0
001370.jpg,1,1,1,1,1,0,0,0,0,1,1,1,1,1,1,1,1,0
001371.jpg,1,1,1,1,1,0,0,0,0,1,1,1,1,1,1,1,1,0
001372.jpg,1,1,1,1,1,0,0,0,0,1,1,1,1,1,1,1,1,0
001373.jpg,1,1,1,1,1,0,0,0,0,1,1,1,1,1,1,1,1,0
001374.jpg,1,1,1,1,1,0,0,0,0,1,1,1,1,1,1,1,1,0
001375.jpg,1,1,1,1,1,0,0,0,0,1,1,1,1,1,1,1,1,0
001376.jpg,1,1,1,1,1,0,0,0,0,1,1,1,1,1,1,1,1,0
001377.jpg,1,1,1,1,1,0,0,0,0,1,1,1,1,1,1,1,1,0
001378.jpg,1,1,1,1,1,0,0,0,0,1,1,1,1,1,1,1,1,0
001379.jpg,1,1,1,1,1,0,0,0,0,1,1,1,1,1,1,1,1,0
001380.jpg,1,1,1,1,1,0,0,0,0,1,1,1,1,1,1,1,1,0
001381.jpg,1,1,1,1,1,0,0,0,0,1,1,1,1,1,1,1,1,0
001382.jpg,1,1,1,1,1,0,0,0,0,1,1,1,1,1,1,1,1,0
001383.jpg,1,1,1,1,1,0,0,0,0,1,1,1,1,1,1,1,1,0
001384.jpg,1,1,1,1,1,0,0,0,0,1,1,1,1,1,1,1,1,0
001385.jpg,1,1,1,1,1,0,0,0,0,1,1,1,1,1,1,1,1,0
001386.jpg,1,1,1,1,1,0,0,0,0,1,1,1,1,1,1,1,1,0
001387.jpg,1,1,1,1,1,0,0,0,0,1,1,1,1,1,1,1,1,0
001388.jpg,1,1,1,1,1,0,0,0,0,1,1,1,1,1,1,1,1,0
001389.jpg,1,1,1,1,1,0,0,0,0,1,1,1,1,1,1,1,1,0
001390.jpg,1,1,1,1,1,0,0,0,0,1,1,1,1,1,1,1,1,0
001391.jpg,1,1,1,1,1,0,0,0,0,1,1,1,1,1,1,1,1,0
001392.jpg,1,1,1,1,1,0,0,0,0,1,1,1,1,1,1,1,1,0
001393.jpg,1,1,1,1,1,0,0,0,0,1,1,1,1,1,1,1,1,0
001394.jpg,1,1,1,1,1,0,0,0,0,1,1,1,1,1,1,1,1,0
001395.jpg,1,1,1,1,1,0,0,0,0,1,1,1,1,1,1,1,1,0
001396.jpg,1,1,1,1,1,0,0,0,0,1,1,1,1,1,1,1,1,0
001397.jpg,1,1,1,1,1,0,0,0,0,1,1,1,1,1,1,1,1,0
001398.jpg,1,1,1,1,1,0,0,0,0,1,1,1,1,1,1,1,1,0
001399.jpg,1,1,1,1,1,0,0,0,0,1,1,1,1,1,1,1,1,0
001400.jpg,1,1,1,1,1,0,0,0,0,1,1,1,1,1,1,1,1,0
001401.jpg,1,1,1,1,1,0,0,0,0,1,1,1,1,1,1,1,1,0
001402.jpg,1,1,1,1,1,0,0,0,0,1,1,1,1,1,1,1,1,0
001403.jpg,1,1,1,1,1,0,0,0,0,1,1,1,1,1,1,1,1,0
001404.jpg,1,1,1,1,1,0,0,0,0,1,1,1,1,1,1,1,1,0
001405.jpg,1,1,1,1,1,0,0,0,0,1,1,1,1,1,1,1,1,0
001406.jpg,1,1,1,1,1,0,0,0,0,1,1,1,1,1,1,1,1,0
001407.jpg,1,1,1,1,1,0,0,0,0,1,1,1,1,1,1,1,1,0
001408.jpg,1,1,1,1,1,0,0,0,0,1,1,1,1,1,1,1,1,0
001409.jpg,1,1,1,1,1,0,0,0,0,1,1,1,1,1,1,1,1,0
001410.jpg,1,1,1,1,1,0,0,0,0,1,1,1,1,1,1,1,1,0
001411.jpg,1,1,1,1,1,0,0,0,0,1,1,1,1,1,1,1,1,0
001412.jpg,1,1,1,1,1,0,0,0,0,1,1,1,1,1,1,1,1,0
001413.jpg,1,1,1,1,1,0,0,0,0,1,1,1,1,1,1,1,1,0
001414.jpg,1,1,1,1,1,0,0,0,0,1,1,1,1,1,1,1,1,0
001415.jpg,1,1,1,1,1,0,0,0,0,1,1,1,1,1,1,1,1,0
001416.jpg,1,1,1,1,1,0,0,0,0,1,1,1,1,1,1,1,1,0
001417.jpg,1,1,1,1,1,0,0,0,0,1,1,1,1,1,1,1,1,0
001418.jpg,1,1,1,1,1,0,0,0,0,1,1,1,1,1,1,1,1,0
001419.jpg,1,1,1,1,1,0,0,0,0,1,1,1,1,1,1,1,1,0
001420.jpg,1,1,1,1,1,0,0,0,0,1,1,1,1,1,1,1,1,0
001421.jpg,1,1,1,1,1,0,0,0,0,1,1,1,1,1,1,1,1,0
001422.jpg,1,1,1,1,1,0,0,0,0,1,1,1,1,1,1,1,1,0
001423.jpg,1,1,1,1,1,0,0,0,0,1,1,1,1,1,1,1,1,0
001424.jpg,1,1,1,1,1,0,0,0,0,1,1,1,1,1,1,1,1,0
001425.jpg,1,1,1,1,1,0,0,0,0,1,1,1,1,1,1,1,1,0
001426.jpg,1,1,1,1,1,0,0,0,0,1,1,1,1,1,1,1,1,0
001427.jpg,1,1,1,1,1,0,0,0,0,1,1,1,1,1,1,1,1,0
001428.jpg,1,1,1,1,1,0,0,0,0,1,1,1,1,1,1,1,1,0
001429.jpg,1,1,1,1,1,0,0,0,0,1,1,1,1,1,1,1,1,0
001430.jpg,1,1,1,1,1,0,0,0,0,1,1,1,1,1,1,1,1,0
001431.jpg,1,1,1,1,1,0,0,0,0,1,1,1,1,1,1,1,1,0
001432.jpg,1,1,1,1,1,0,0,0,0,1,1,1,1,1,1,1,1,0
001433.jpg,1,1,1,1,1,0,0,0,0,1,1,1,1,1,1,1,1,0
001434.jpg,1,1,1,1,1,0,0,0,0,1,1,1,1,1,1,1,1,0
001435.jpg,1,1,1,1,1,0,0,0,0,1,1,1,1,1,1,1,1,0
001436.jpg,1,1,1,1,1,0,0,0,0,1,1,1,1,1,1,1,1,0
001437.jpg,1,1,1,1,1,0,0,0,0,1,1,1,1,1,1,1,1,0
001438.jpg,1,1,1,1,1,0,0,0,0,1,1,1,1,1,1,1,1,0
001439.jpg,1,1,1,1,1,0,0,0,0,1,1,1,1,1,1,1,1,0
001440.jpg,1,1,1,1,1,0,0,0,0,1,1,1,1,1,1,1,1,0
001441.jpg,1,1,1,1,1,0,0,0,0,1,1,1,1,1,1,1,1,0
001442.jpg,1,1,1,1,1,0,0,0,0,1,1,1,1,1,1,1,1,0
001443.jpg,1,1,1,1,1,0,0,0,0,1,1,1,1,1,1,1,1,0
001444.jpg,1,1,1,1,1,0,0,0,0,1,1,1,1,1,1,1,1,0
001445.jpg,1,1,1,1,1,0,0,0,0,1,1,1,1,1,1,1,1,0
001446.jpg,1,1,1,1,1,0,0,0,0,1,1,1,1,1,1,1,1,0
001447.jpg,1,1,1,1,1,0,0,0,0,1,1,1,1,1,1,1,1,0
001448.jpg,1,1,1,1,1,0,0,0,0,1,1,1,1,1,1,1,1,0
001449.jpg,1,1,1,1,1,0,0,0,0,1,1,1,1,1,1,1,1,0
001450.jpg,1,1,1,1,1,0,0,0,0,1,1,1,1,1,1,1,1,0
001451.jpg,1,1,1,1,1,0,0,0,0,1,1,1,1,1,1,1,1,0
001452.jpg,1,1,1,1,1,0,0,0,0,1,1,1,1,1,1,1,1,0
001453.jpg,1,1,1,1,1,0,0,0,0,1,1,1,1,1,1,1,1,0
001454.jpg,1,1,1,1,1,0,0,0,0,1,1,1,1,1,1,1,1,0
001455.jpg,1,1,1,1,1,0,0,0,0,1,1,1,1,1,1,1,1,0
001456.jpg,1,1,1,1,1,0,0,0,0,1,1,1,1,1,1,1,1,0
001457.jpg,1,1,1,1,1,0,0,0,0,1,1,1,1,1,1,1,1,0
001458.jpg,1,1,1,1,1,0,0,0,0,1,1,1,1,1,1,1,1,0
001459.jpg,1,1,1,1,1,0,0,0,0,1,1,1,1,1,1,1,1,0
001460.jpg,1,1,1,1,1,0,0,0,0,1,1,1,1,1,1,1,1,0
001461.jpg,1,1,1,1,1,0,0,0,0,1,1,1,1,1,1,1,1,0
001462.jpg,1,1,1,1,1,0,0,0,0,1,1,1,1,1,1,1,1,0
001463.jpg,1,1,1,1,1,0,0,0,0,1,1,1,1,1,1,1,1,0
001464.jpg,1,1,1,1,1,0,0,0,0,1,1,1,1,1,1,1,1,0
001465.jpg,1,1,1,1,1,0,0,0,0,1,1,1,1,1,1,1,1,0
001466.jpg,1,1,1,1,1,0,0,0,0,1,1,1,1,1,1,1,1,0
001467.jpg,1,1,1,1,1,0,0,0,0,1,1,1,1,1,1,1,1,0
001468.jpg,1,1,1,1,1,0,0,0,0,1,1,1,1,1,1,1,1,0
001469.jpg,1,1,1,1,1,0,0,0,0,1,1,1,1,1,1,1,1,0
001470.jpg,1,1,1,1,1,0,0,0,0,1,1,1,1,1,1,1,1,0
001471.jpg,1,1,1,1,1,0,0,0,0,1,1,1,1,1,1,1,1,0
001472.jpg,1,1,1,1,1,0,0,0,0,1,1,1,1,1,1,1,1,0
001473.jpg,1,1,1,1,1,0,0,0,0,1,1,1,1,1,1,1,1,0
001474.jpg,1,1,1,1,1,0,0,0,0,1,1,1,1,1,1,1,1,0
001475.jpg,1,1,1,1,1,0,0,0,0,1,1,1,1,1,1,1,1,0
001476.jpg,1,1,1,1,1,0,0,0,0,1,1,1,1,1,1,1,1,0
001477.jpg,1,1,1,1,1,0,0,0,0,1,1,1,1,1,1,1,1,0
001478.jpg,1,1,1,1,1,0,0,0,0,1,1,1,1,1,1,1,1,0
001479.jpg,1,1,1,1,1,0,0,0,0,1,1,1,1,1,1,1,1,0
001480.jpg,1,1,1,1,1,0,0,0,0,1,1,1,1,1,1,1,1,0
001481.jpg,1,1,1,1,1,0,0,0,0,1,1,1,1,1,1,1,1,0
001482.jpg,1,1,1,1,1,0,0,0,0,1,1,1,1,1,1,1,1,0
001483.jpg,1,1,1,1,1,0,0,0,0,1,1,1,1,1,1,1,1,0
001484.jpg,1,1,1,1,1,0,0,0,0,1,1,1,1,1,1,1,1,0
001485.jpg,1,1,1,1,1,0,0,0,0,1,1,1,1,1,1,1,1,0
001486.jpg,1,1,1,1,1,0,0,0,0,1,1,1,1,1,1,1,1,0
001487.jpg,1,1,1,1,1,0,0,0,0,1,1,1,1,1,1,1,1,0
001488.jpg,1,1,1,1,1,0,0,0,0,1,1,1,1,1,1,1,1,0
001489.jpg,1,1,1,1,1,0,0,0,0,1,1,1,1,1,1,1,1,0
001490.jpg,1,1,1,1,1,0,0,0,0,1,1,1,1,1,1,1,1,0
001491.jpg,1,1,1,1,1,0,0,0,0,1,1,1,1,1,1,1,1,0
001492.jpg,1,1,1,1,1,0,0,0,0,1,1,1,1,1,1,1,1,0
001493.jpg,1,1,1,1,1,0,0,0,0,1,1,1,1,1,1,1,1,0
001494.jpg,1,1,1,1,1,0,0,0,0,1,1,1,1,1,1,1,1,0
001495.jpg,1,1,1,1,1,0,0,0,0,1,1,1,1,1,1,1,1,0
001496.jpg,1,1,1,1,1,0,0,0,0,1,1,1,1,1,1,1,1,0
001497.jpg,1,1,1,1,1,0,0,0,0,1,1,1,1,1,1,1,1,0
001498.jpg,1,1,1,1,1,0,0,0,0,1,1,1,1,1,1,1,1,0
001499.jpg,1,1,1,1,1,0,0,0,0,1,1,1,1,1,1,1,1,0
001500.jpg,1,1,1,1,1,0,0,0,0,1,1,1,1,1,1,1,1,0
001501.jpg,1,1,1,1,1,0,0,0,0,1,1,1,1,1,1,1,1,0
001502.jpg,1,1,1,1,1,0,0,0,0,1,1,1,1,1,1,1,1,0
001503.jpg,1,1,1,1,1,0,0,0,0,1,1,1,1,1,1,1,1,0
001504.jpg,1,1,1,1,1,0,0,0,0,1,1,1,1,1,1,1,1,0
001505.jpg,1,1,1,1,1,0,0,0,0,1,1,1,1,1,1,1,1,0
001506.jpg,1,1,1,1,1,0,0,0,0,1,1,1,1,1,1,1,1,0
001507.jpg,1,1,1,1,1,0,0,0,0,1,1,1,1,1,1,1,1,0
001508.jpg,1,1,1,1,1,0,0,0,0,1,1,1,1,1,1,1,1,0
001509.jpg,1,1,1,1,1,0,0,0,0,1,1,1,1,1,1,1,1,0
001510.jpg,1,1,1,1,1,0,0,0,0,1,1,1,1,1,1,1,1,0
001511.jpg,1,1,1,1,1,0,0,0,0,1,1,1,1,1,1,1,1,0
001512.jpg,1,1,1,1,1,0,0,0,0,1,1,1,1,1,1,1,1,0
001513.jpg,1,1,1,1,1,0,0,0,0,1,1,1,1,1,1,1,1,0
001514.jpg,1,1,1,1,1,0,0,0,0,1,1,1,1,1,1,1,1,0
001515.jpg,1,1,1,1,1,0,0,0,0,1,1,1,1,1,1,1,1,0
001516.jpg,1,1,1,1,1,0,0,0,0,1,1,1,1,1,1,1,1,0
001517.jpg,1,1,1,1,1,0,0,0,0,1,1,1,1,1,1,1,1,0
001518.jpg,1,1,1,1,1,0,0,0,0,1,1,1,1,1,1,1,1,0
001519.jpg,1,1,1,1,1,0,0,0,0,1,1,1,1,1,1,1,1,0
001520.jpg,1,1,1,1,1,0,0,0,0,1,1,1,1,1,1,1,1,0
001521.jpg,1,1,1,1,1,0,0,0,0,1,1,1,1,1,1,1,1,0
001522.jpg,1,1,1,1,1,0,0,0,0,1,1,1,1,1,1,1,1,0
001523.jpg,1,1,1,1,1,0,0,0,0,1,1,1,1,1,1,1,1,0
001524.jpg,1,1,1,1,1,0,0,0,0,1,1,1,1,1,1,1,1,0
001525.jpg,1,1,1,1,1,0,0,0,0,1,1,1,1,1,1,1,1,0
001526.jpg,1,1,1,1,1,0,0,0,0,1,1,1,1,1,1,1,1,0
001527.jpg,1,1,1,1,1,0,0,0,0,1,1,1,1,1,1,1,1,0
001528.jpg,1,1,1,1,1,0,0,0,0,1,1,1,1,1,1,1,1,0
001529.jpg,1,1,1,1,1,0,0,0,0,1,1,1,1,1,1,1,1,0
001530.jpg,1,1,1,1,1,0,0,0,0,1,1,1,1,1,1,1,1,0
001531.jpg,1,1,1,1,1,0,0,0,0,1,1,1,1,1,1,1,1,0
001532.jpg,1,1,1,1,1,0,0,0,0,1,1,1,1,1,1,1,1,0
001533.jpg,1,1,1,1,1,0,0,0,0,1,1,1,1,1,1,1,1,0
001534.jpg,1,1,1,1,1,0,0,0,0,1,1,1,1,1,1,1,1,0
001535.jpg,1,1,1,1,1,0,0,0,0,1,1,1,1,1,1,1,1,0
001536.jpg,1,1,1,1,1,0,0,0,0,1,1,1,1,1,1,1,1,0
001537.jpg,1,1,1,1,1,0,0,0,0,1,1,1,1,1,1,1,1,0
001538.jpg,1,1,1,1,1,0,0,0,0,1,1,1,1,1,1,1,1,0
001539.jpg,1,1,1,1,1,0,0,0,0,1,1,1,1,1,1,1,1,0
001540.jpg,1,1,1,1,1,0,0,0,0,1,1,1,1,1,1,1,1,0
001541.jpg,1,1,1,1,1,0,0,0,0,1,1,1,1,1,1,1,1,0
001542.jpg,1,1,1,1,1,0,0,0,0,1,1,1,1,1,1,1,1,0
001543.jpg,1,1,1,1,1,0,0,0,0,1,1,1,1,1,1,1,1,0
001544.jpg,1,1,1,1,1,0,0,0,0,1,1,1,1,1,1,1,1,0
001545.jpg,1,1,1,1,1,0,0,0,0,1,1,1,1,1,1,1,1,0
001546.jpg,1,1,1,1,1,0,0,0,0,1,1,1,1,1,1,1,1,0
001547.jpg,1,1,1,1,1,0,0,0,0,1,1,1,1,1,1,1,1,0
001548.jpg,1,1,1,1,1,0,0,0,0,1,1,1,1,1,1,1,1,0
001549.jpg,1,1,1,1,1,0,0,0,0,1,1,1,1,1,1,1,1,0
001550.jpg,1,1,1,1,1,0,0,0,0,1,1,1,1,1,1,1,1,0
001551.jpg,1,1,1,1,1,0,0,0,0,1,1,1,1,1,1,1,1,0
001552.jpg,1,1,1,1,1,0,0,0,0,1,1,1,1,1,1,1,1,0
001553.jpg,1,1,1,1,1,0,0,0,0,1,1,1,1,1,1,1,1,0
001554.jpg,1,1,1,1,1,0,0,0,0,1,1,1,1,1,1,1,1,0
001555.jpg,1,1,1,1,1,0,0,0,0,1,1,1,1,1,1,1,1,0
001556.jpg,1,1,1,1,1,0,0,0,0,1,1,1,1,1,1,1,1,0
001557.jpg,1,1,1,1,1,0,0,0,0,1,1,1,1,1,1,1,1,0
001558.jpg,1,1,1,1,1,0,0,0,0,1,1,1,1,1,1,1,1,0
001559.jpg,1,1,1,1,1,0,0,0,0,1,1,1,1,1,1,1,1,0
001560.jpg,1,1,1,1,1,0,0,0,0,1,1,1,1,1,1,1,1,0
001561.jpg,1,1,1,1,1,0,0,0,0,1,1,1,1,1,1,1,1,0
001562.jpg,1,1,1,1,1,0,0,0,0,1,1,1,1,1,1,1,1,0
001563.jpg,1,1,1,1,1,0,0,0,0,1,1,1,1,1,1,1,1,0
001564.jpg,1,1,1,1,1,0,0,0,0,1,1,1,1,1,1,1,1,0
001565.jpg,1,1,1,1,1,0,0,0,0,1,1,1,1,1,1,1,1,0
001566.jpg,1,1,1,1,1,0,0,0,0,1,1,1,1,1,1,1,1,0
001567.jpg,1,1,1,1,1,0,0,0,0,1,1,1,1,1,1,1,1,0
001568.jpg,1,1,1,1,1,0,0,0,0,1,1,1,1,1,1,1,1,0
001569.jpg,1,1,1,1,1,0,0,0,0,1,1,1,1,1,1,1,1,0
001570.jpg,1,1,1,1,1,0,0,0,0,1,1,1,1,1,1,1,1,0
001571.jpg,1,1,1,1,1,0,0,0,0,1,1,1,1,1,1,1,1,0
001572.jpg,1,1,1,1,1,0,0,0,0,1,1,1,1,1,1,1,1,0
001573.jpg,1,1,1,1,1,0,0,0,0,1,1,1,1,1,1,1,1,0
001574.jpg,1,1,1,1,1,0,0,0,0,1,1,1,1,1,1,1,1,0
001575.jpg,1,1,1,1,1,0,0,0,0,1,1,1,1,1,1,1,1,0
001576.jpg,1,1,1,1,1,0,0,0,0,1,1,1,1,1,1,1,1,0
001577.jpg,1,1,1,1,1,0,0,0,0,1,1,1,1,1,1,1,1,0
001578.jpg,1,1,1,1,1,0,0,0,0,1,1,1,1,1,1,1,1,0
001579.jpg,1,1,1,1,1,0,0,0,0,1,1,1,1,1,1,1,1,0
001580.jpg,1,1,1,1,1,0,0,0,0,1,1,1,1,1,1,1,1,0
001581.jpg,1,1,1,1,1,0,0,0,0,1,1,1,1,1,1,1,1,0
001582.jpg,1,1,1,1,1,0,0,0,0,1,1,1,1,1,1,1,1,0
001583.jpg,1,1,1,1,1,0,0,0,0,1,1,1,1,1,1,1,1,0
001584.jpg,1,1,1,1,1,0,0,0,0,1,1,1,1,1,1,1,1,0
001585.jpg,1,1,1,1,1,0,0,0,0,1,1,1,1,1,1,1,1,0
001586.jpg,1,1,1,1,1,0,0,0,0,1,1,1,1,1,1,1,1,0
001587.jpg,1,1,1,1,1,0,0,0,0,1,1,1,1,1,1,1,1,0
001588.jpg,1,1,1,1,1,0,0,0,0,1,1,1,1,1,1,1,1,0
001589.jpg,1,1,1,1,1,0,0,0,0,1,1,1,1,1,1,1,1,0
001590.jpg,1,1,1,1,1,0,0,0,0,1,1,1,1,1,1,1,1,0
001591.jpg,1,1,1,1,1,0,0,0,0,1,1,1,1,1,1,1,1,0
001592.jpg,1,1,1,1,1,0,0,0,0,1,1,1,1,1,1,1,1,0
001593.jpg,1,1,1,1,1,0,0,0,0,1,1,1,1,1,1,1,1,0
001594.jpg,1,1,1,1,1,0,0,0,0,1,1,1,1,1,1,1,1,0
001595.jpg,1,1,1,1,1,0,0,0,0,1,1,1,1,1,1,1,1,0
001596.jpg,1,1,1,1,1,0,0,0,0,1,1,1,1,1,1,1,1,0
001597.jpg,1,1,1,1,1,0,0,0,0,1,1,1,1,1,1,1,1,0
001598.jpg,1,1,1,1,1,0,0,0,0,1,1,1,1,1,1,1,1,0
001599.jpg,1,1,1,1,1,0,0,0,0,1,1,1,1,1,1,1,1,0
001600.jpg,1,1,1,1,1,0,0,0,0,1,1,1,1,1,1,1,1,0
001601.jpg,1,1,1,1,1,0,0,0,0,1,1,1,1,1,1,1,1,0
001602.jpg,1,1,1,1,1,0,0,0,0,1,1,1,1,1,1,1,1,0
001603.jpg,1,1,1,1,1,0,0,0,0,1,1,1,1,1,1,1,1,0
001604.jpg,1,1,1,1,1,0,0,0,0,1,1,1,1,1,1,1,1,0
001605.jpg,1,1,1,1,1,0,0,0,0,1,1,1,1,1,1,1,1,0
001606.jpg,1,1,1,1,1,0,0,0,0,1,1,1,1,1,1,1,1,0
001607.jpg,1,1,1,1,1,0,0,0,0,1,1,1,1,1,1,1,1,0
001608.jpg,1,1,1,1,1,0,0,0,0,1,1,1,1,1,1,1,1,0
001609.jpg,1,1,1,1,1,0,0,0,0,1,1,1,1,1,1,1,1,0
001610.jpg,1,1,1,1,1,0,0,0,0,1,1,1,1,1,1,1,1,0
001611.jpg,1,1,1,1,1,0,0,0,0,1,1,1,1,1,1,1,1,0
001612.jpg,1,1,1,1,1,0,0,0,0,1,1,1,1,1,1,1,1,0
001613.jpg,1,1,1,1,1,0,0,0,0,1,1,1,1,1,1,1,1,0
001614.jpg,1,1,1,1,1,0,0,0,0,1,1,1,1,1,1,1,1,0
001615.jpg,1,1,1,1,1,0,0,0,0,1,1,1,1,1,1,1,1,0
001616.jpg,1,1,1,1,1,0,0,0,0,1,1,1,1,1,1,1,1,0
001617.jpg,1,1,1,1,1,0,0,0,0,1,1,1,1,1,1,1,1,0
001618.jpg,1,1,1,1,1,0,0,0,0,1,1,1,1,1,1,1,1,0
001619.jpg,1,1,1,1,1,0,0,0,0,1,1,1,1,1,1,1,1,0
001620.jpg,1,1,1,1,1,0,0,0,0,1,1,1,1,1,1,1,1,0
001621.jpg,1,1,1,1,1,0,0,0,0,1,1,1,1,1,1,1,1,0
001622.jpg,1,1,1,1,1,0,0,0,0,1,1,1,1,1,1,1,1,0
001623.jpg,1,1,1,1,1,0,0,0,0,1,1,1,1,1,1,1,1,0
001624.jpg,1,1,1,1,1,0,0,0,0,1,1,1,1,1,1,1,1,0
001625.jpg,1,1,1,1,1,0,0,0,0,1,1,1,1,1,1,1,1,0
001626.jpg,1,1,1,1,1,0,0,0,0,1,1,1,1,1,1,1,1,0
001627.jpg,1,1,1,1,1,0,0,0,0,1,1,1,1,1,1,1,1,0
001628.jpg,1,1,1,1,1,0,0,0,0,1,1,1,1,1,1,1,1,0
001629.jpg,1,1,1,1,1,0,0,0,0,1,1,1,1,1,1,1,1,0
001630.jpg,1,1,1,1,1,0,0,0,0,1,1,1,1,1,1,1,1,0
001631.jpg,1,1,1,1,1,0,0,0,0,1,1,1,1,1,1,1,1,0
001632.jpg,1,1,1,1,1,0,0,0,0,1,1,1,1,1,1,1,1,0
001633.jpg,1,1,1,1,1,0,0,0,0,1,1,1,1,1,1,1,1,0
001634.jpg,1,1,1,1,1,0,0,0,0,1,1,1,1,1,1,1,1,0
001635.jpg,1,1,1,1,1,0,0,0,0,1,1,1,1,1,1,1,1,0
001636.jpg,1,1,1,1,1,0,0,0,0,1,1,1,1,1,1,1,1,0
001637.jpg,1,1,1,1,1,0,0,0,0,1,1,1,1,1,1,1,1,0
001638.jpg,1,1,1,1,1,0,0,0,0,1,1,1,1,1,1,1,1,0
001639.jpg,1,1,1,1,1,0,0,0,0,1,1,1,1,1,1,1,1,0
001640.jpg,1,1,1,1,1,0,0,0,0,1,1,1,1,1,1,1,1,0
001641.jpg,1,1,1,1,1,0,0,0,0,1,1,1,1,1,1,1,1,0
001642.jpg,1,1,1,1,1,0,0,0,0,1,1,1,1,1,1,1,1,0
001643.jpg,1,1,1,1,1,0,0,0,0,1,1,1,1,1,1,1,1,0
001644.jpg,1,1,1,1,1,0,0,0,0,1,1,1,1,1,1,1,1,0
001645.jpg,1,1,1,1,1,0,0,0,0,1,1,1,1,1,1,1,1,0
001646.jpg,1,1,1,1,1,0,0,0,0,1,1,1,1,1,1,1,1,0
001647.jpg,1,1,1,1,1,0,0,0,0,1,1,1,1,1,1,1,1,0
001648.jpg,1,1,1,1,1,0,0,0,0,1,1,1,1,1,1,1,1,0
001649.jpg,1,1,1,1,1,0,0,0,0,1,1,1,1,1,1,1,1,0
001650.jpg,1,1,1,1,1,0,0,0,0,1,1,1,1,1,1,1,1,0
001651.jpg,1,1,1,1,1,0,0,0,0,1,1,1,1,1,1,1,1,0
001652.jpg,1,1,1,1,1,0,0,0,0,1,1,1,1,1,1,1,1,0
001653.jpg,1,1,1,1,1,0,0,0,0,1,1,1,1,1,1,1,1,0
001654.jpg,1,1,1,1,1,0,0,0,0,1,1,1,1,1,1,1,1,0
001655.jpg,1,1,1,1,1,0,0,0,0,1,1,1,1,1,1,1,1,0
001656.jpg,1,1,1,1,1,0,0,0,0,1,1,1,1,1,1,1,1,0
001657.jpg,1,1,1,1,1,0,0,0,0,1,1,1,1,1,1,1,1,0
001658.jpg,1,1,1,1,1,0,0,0,0,1,1,1,1,1,1,1,1,0
001659.jpg,1,1,1,1,1,0,0,0,0,1,1,1,1,1,1,1,1,0
001660.jpg,1,1,1,1,1,0,0,0,0,1,1,1,1,1,1,1,1,0
001661.jpg,1,1,1,1,1,0,0,0,0,1,1,1,1,1,1,1,1,0
001662.jpg,1,1,1,1,1,0,0,0,0,1,1,1,1,1,1,1,1,0
001663.jpg,1,1,1,1,1,0,0,0,0,1,1,1,1,1,1,1,1,0
001664.jpg,1,1,1,1,1,0,0,0,0,1,1,1,1,1,1,1,1,0
001665.jpg,1,1,1,1,1,0,0,0,0,1,1,1,1,1,1,1,1,0
001666.jpg,1,1,1,1,1,0,0,0,0,1,1,1,1,1,1,1,1,0
001667.jpg,1,1,1,1,1,0,0,0,0,1,1,1,1,1,1,1,1,0
001668.jpg,1,1,1,1,1,0,0,0,0,1,1,1,1,1,1,1,1,0
001669.jpg,1,1,1,1,1,0,0,0,0,1,1,1,1,1,1,1,1,0
001670.jpg,1,1,1,1,1,0,0,0,0,1,1,1,1,1,1,1,1,0
001671.jpg,1,1,1,1,1,0,0,0,0,1,1,1,1,1,1,1,1,0
001672.jpg,1,1,1,1,1,0,0,0,0,1,1,1,1,1,1,1,1,0
001673.jpg,1,1,1,1,1,0,0,0,0,1,1,1,1,1,1,1,1,0
001674.jpg,1,1,1,1,1,0,0,0,0,1,1,1,1,1,1,1,1,0
001675.jpg,1,1,1,1,1,0,0,0,0,1,1,1,1,1,1,1,1,0
001676.jpg,1,1,1,1,1,0,0,0,0,1,1,1,1,1,1,1,1,0
001677.jpg,1,1,1,1,1,0,0,0,0,1,1,1,1,1,1,1,1,0
001678.jpg,1,1,1,1,1,0,0,0,0,1,1,1,1,1,1,1,1,0
001679.jpg,1,1,1,1,1,0,0,0,0,1,1,1,1,1,1,1,1,0
001680.jpg,1,1,1,1,1,0,0,0,0,1,1,1,1,1,1,1,1,0
001681.jpg,1,1,1,1,1,0,0,0,0,1,1,1,1,1,1,1,1,0
001682.jpg,1,1,1,1,1,0,0,0,0,1,1,1,1,1,1,1,1,0
001683.jpg,1,1,1,1,1,0,0,0,0,1,1,1,1,1,1,1,1,0
001684.jpg,1,1,1,1,1,0,0,0,0,1,1,1,1,1,1,1,1,0
001685.jpg,1,1,1,1,1,0,0,0,0,1,1,1,1,1,1,1,1,0
001686.jpg,1,1,1,1,1,0,0,0,0,1,1,1,1,1,1,1,1,0
001687.jpg,1,1,1,1,1,0,0,0,0,1,1,1,1,1,1,1,1,0
001688.jpg,1,1,1,1,1,0,0,0,0,1,1,1,1,1,1,1,1,0
001689.jpg,1,1,1,1,1,0,0,0,0,1,1,1,1,1,1,1,1,0
001690.jpg,1,1,1,1,1,0,0,0,0,1,1,1,1,1,1,1,1,0
001691.jpg,1,1,1,1,1,0,0,0,0,1,1,1,1,1,1,1,1,0
001692.jpg,1,1,1,1,1,0,0,0,0,1,1,1,1,1,1,1,1,0
001693.jpg,1,1,1,1,1,0,0,0,0,1,1,1,1,1,1,1,1,0
001694.jpg,1,1,1,1,1,0,0,0,0,1,1,1,1,1,1,1,1,0
001695.jpg,1,1,1,1,1,0,0,0,0,1,1,1,1,1,1,1,1,0
001696.jpg,1,1,1,1,1,0,0,0,1,1,1,1,1,1,1,1,1,0
001697.jpg,1,1,1,1,1,0,0,0,1,1,1,1,1,1,1,1,1,0
001698.jpg,1,1,1,1,1,0,0,0,1,1,1,1,1,1,1,1,1,0
001699.jpg,1,1,1,1,1,0,0,0,1,1,1,1,1,1,1,1,1,0
001700.jpg,1,1,1,1,1,0,0,0,1,1,1,1,1,1,1,1,1,0
001701.jpg,1,1,1,1,1,0,0,0,1,1,1,1,1,1,1,1,1,0
001702.jpg,1,1,1,1,1,0,0,0,1,1,1,1,1,1,1,1,1,0
001703.jpg,1,1,1,1,1,0,0,0,1,1,1,1,1,1,1,1,1,0
001704.jpg,1,1,1,1,1,0,0,0,1,1,1,1,1,1,1,1,1,0
001705.jpg,1,1,1,1,1,0,0,0,1,1,1,1,1,1,1,1,1,0
001706.jpg,1,1,1,1,1,0,0,0,1,1,1,1,1,1,1,1,1,0
001707.jpg,1,1,1,1,1,0,0,0,1,1,1,1,1,1,1,1,1,0
001708.jpg,1,1,1,1,1,0,0,0,1,1,1,1,1,1,1,1,1,0
001709.jpg,1,1,1,1,1,0,0,0,1,1,1,1,1,1,1,1,1,0
001710.jpg,1,1,1,1,1,0,0,0,1,1,1,1,1,1,1,1,1,0
001711.jpg,1,1,1,1,1,0,0,0,1,1,1,1,1,1,1,1,1,0
001712.jpg,1,1,1,1,1,0,0,0,1,1,1,1,1,1,1,1,1,0
001713.jpg,1,1,1,1,1,0,0,0,1,1,1,1,1,1,1,1,1,0
001714.jpg,1,1,1,1,1,0,0,0,1,1,1,1,1,1,1,1,1,0
001715.jpg,1,1,1,1,1,0,0,0,1,1,1,1,1,1,1,1,1,0
001716.jpg,1,1,1,1,1,0,0,0,1,1,1,1,1,1,1,1,1,0
001717.jpg,1,1,1,1,1,0,0,0,1,1,1,1,1,1,1,1,1,0
001718.jpg,1,1,1,1,1,0,0,0,1,1,1,1,1,1,1,1,1,0
001719.jpg,1,1,1,1,1,0,0,0,1,1,1,1,1,1,1,1,1,0
001720.jpg,1,1,1,1,1,0,0,0,1,1,1,1,1,1,1,1,1,0
001721.jpg,1,1,1,1,1,0,0,0,1,1,1,1,1,1,1,1,1,0
001722.jpg,1,1,1,1,1,0,0,0,1,1,1,1,1,1,1,1,1,0
001723.jpg,1,1,1,1,1,0,0,0,1,1,1,1,1,1,1,1,1,0
001724.jpg,1,1,1,1,1,0,0,0,1,1,1,1,1,1,1,1,1,0
001725.jpg,1,1,1,1,1,0,0,0,1,1,1,1,1,1,1,1,1,0
001726.jpg,1,1,1,1,1,0,0,0,1,1,1,1,1,1,1,1,1,0
001727.jpg,1,1,1,1,1,0,0,0,1,1,1,1,1,1,1,1,1,0
001728.jpg,1,1,1,1,1,0,0,0,1,1,1,1,1,1,1,1,1,0
001729.jpg,1,1,1,1,1,0,0,0,1,1,1,1,1,1,1,1,1,0
001730.jpg,1,1,1,1,1,0,0,0,1,1,1,1,1,1,1,1,1,0
001731.jpg,1,1,1,1,1,0,0,0,1,1,1,1,1,1,1,1,1,0
001732.jpg,1,1,1,1,1,0,0,0,1,1,1,1,1,1,1,1,1,0
001733.jpg,1,1,1,1,1,0,0,0,1,1,1,1,1,1,1,1,1,0
001734.jpg,1,1,1,1,1,0,0,0,1,1,1,1,1,1,1,1,1,0
001735.jpg,1,1,1,1,1,0,0,0,1,1,1,1,1,1,1,1,1,0
001736.jpg,1,1,1,1,1,0,0,0,1,1,1,1,1,1,1,1,1,0
001737.jpg,1,1,1,1,1,0,0,0,1,1,1,1,1,1,1,1,1,0
001738.jpg,1,1,1,1,1,0,0,0,1,1,1,1,1,1,1,1,1,0
001739.jpg,1,1,1,1,1,0,0,0,1,1,1,1,1,1,1,1,1,0
001740.jpg,1,1,1,1,1,0,0,0,1,1,1,1,1,1,1,1,1,0
001741.jpg,1,1,1,1,1,0,0,0,1,1,1,1,1,1,1,1,1,0
001742.jpg,1,1,1,1,1,0,0,0,1,1,1,1,1,1,1,1,1,0
001743.jpg,1,1,1,1,1,0,0,0,1,1,1,1,1,1,1,1,1,0
001744.jpg,1,1,1,1,1,0,0,0,1,1,1,1,1,1,1,1,1,0
001745.jpg,1,1,1,1,1,0,0,0,1,1,1,1,1,1,1,1,1,0
001746.jpg,1,1,1,1,1,0,0,0,1,1,1,1,1,1,1,1,1,0
001747.jpg,1,1,1,1,1,0,0,0,1,1,1,1,1,1,1,1,1,0
001748.jpg,1,1,1,1,1,0,0,0,1,1,1,1,1,1,1,1,1,0
001749.jpg,1,1,1,1,1,0,0,0,1,1,1,1,1,1,1,1,1,0
001750.jpg,1,1,1,1,1,0,0,0,1,1,1,1,1,1,1,1,1,0
001751.jpg,1,1,1,1,1,0,0,0,1,1,1,1,1,1,1,1,1,0
001752.jpg,1,1,1,1,1,0,0,0,1,1,1,1,1,1,1,1,1,0
001753.jpg,1,1,1,1,1,0,0,0,1,1,1,1,1,1,1,1,1,0
001754.jpg,1,1,1,1,1,0,0,0,1,1,1,1,1,1,1,1,1,0
001755.jpg,1,1,1,1,1,0,0,0,1,1,1,1,1,1,1,1,1,0
001756.jpg,1,1,1,1,1,0,0,0,1,1,1,1,1,1,1,1,1,0
001757.jpg,1,1,1,1,1,0,0,0,1,1,1,1,1,1,1,1,1,0
001758.jpg,1,1,1,1,1,0,0,0,1,1,1,1,1,1,1,1,1,0
001759.jpg,1,1,1,1,1,0,0,0,1,1,1,1,1,1,1,1,1,0
001760.jpg,1,1,1,1,1,0,0,0,1,1,1,1,1,1,1,1,1,0
001761.jpg,1,1,1,1,1,0,0,0,1,1,1,1,1,1,1,1,1,0
001762.jpg,1,1,1,1,1,0,0,0,1,1,1,1,1,1,1,1,1,0
001763.jpg,1,1,1,1,1,0,0,0,1,1,1,1,1,1,1,1,1,0
001764.jpg,1,1,1,1,1,0,0,0,1,1,1,1,1,1,1,1,1,0
001765.jpg,1,1,1,1,1,0,0,0,1,1,1,1,1,1,1,1,1,0
001766.jpg,1,1,1,1,1,0,0,0,1,1,1,1,1,1,1,1,1,0
001767.jpg,1,1,1,1,1,0,0,0,1,1,1,1,1,1,1,1,1,0
001768.jpg,1,1,1,1,1,0,0,0,1,1,1,1,1,1,1,1,1,0
001769.jpg,1,1,1,1,1,0,0,0,1,1,1,1,1,1,1,1,1,0
001770.jpg,1,1,1,1,1,0,0,0,1,1,1,1,1,1,1,1,1,0
001771.jpg,1,1,1,1,1,0,0,0,1,1,1,1,1,1,1,1,1,0
001772.jpg,1,1,1,1,1,0,0,0,1,1,1,1,1,1,1,1,1,0
001773.jpg,1,1,1,1,1,0,0,0,1,1,1,1,1,1,1,1,1,0
001774.jpg,1,1,1,1,1,0,0,0,1,1,1,1,1,1,1,1,1,0
001775.jpg,1,1,1,1,1,0,0,0,1,1,1,1,1,1,1,1,1,0
001776.jpg,1,1,1,1,1,0,0,0,1,1,1,1,1,1,1,1,1,0
001777.jpg,1,1,1,1,1,0,0,0,1,1,1,1,1,1,1,1,1,0
001778.jpg,1,1,1,1,1,0,0,0,1,1,1,1,1,1,1,1,1,0
001779.jpg,1,1,1,1,1,0,0,0,1,1,1,1,1,1,1,1,1,0
001780.jpg,1,1,1,1,1,0,0,0,1,1,1,1,1,1,1,1,1,0
001781.jpg,1,1,1,1,1,0,0,0,1,1,1,1,1,1,1,1,1,0
001782.jpg,1,1,1,1,1,0,0,0,1,1,1,1,1,1,1,1,1,0
001783.jpg,1,1,1,1,1,0,0,0,1,1,1,1,1,1,1,1,1,0
001784.jpg,1,1,1,1,1,0,0,0,1,1,1,1,1,1,1,1,1,0
001785.jpg,1,1,1,1,1,0,0,0,1,1,1,1,1,1,1,1,1,0
001786.jpg,1,1,1,1,1,0,0,0,1,1,1,1,1,1,1,1,1,0
001787.jpg,1,1,1,1,1,0,0,0,1,1,1,1,1,1,1,1,1,0
001788.jpg,1,1,1,1,1,0,0,0,1,1,1,1,1,1,1,1,1,0
001789.jpg,1,1,1,1,1,0,0,0,1,1,1,1,1,1,1,1,1,0
001790.jpg,1,1,1,1,1,0,0,0,1,1,1,1,1,1,1,1,1,0
001791.jpg,1,1,1,1,1,0,0,0,1,1,1,1,1,1,1,1,1,0
001792.jpg,1,1,1,1,1,0,0,0,1,1,1,1,1,1,1,1,1,0
001793.jpg,1,1,1,1,1,0,0,0,1,1,1,1,1,1,1,1,1,0
001794.jpg,1,1,1,1,1,0,0,0,1,1,1,1,1,1,1,1,1,0
001795.jpg,1,1,1,1,1,0,0,0,1,1,1,1,1,1,1,1,1,0
001796.jpg,1,1,1,1,1,0,0,0,1,1,1,1,1,1,1,1,1,0
001797.jpg,1,1,1,1,1,0,0,0,1,1,1,1,1,1,1,1,1,0
001798.jpg,1,1,1,1,1,0,0,0,1,1,1,1,1,1,1,1,1,0
001799.jpg,1,1,1,1,1,0,0,0,1,1,1,1,1,1,1,1,1,0
001800.jpg,1,1,1,1,1,0,0,0,1,1,1,1,1,1,1,1,1,0
001801.jpg,1,1,1,1,1,0,0,0,1,1,1,1,1,1,1,1,1,0
001802.jpg,1,1,1,1,1,0,0,0,1,1,1,1,1,1,1,1,1,0
001803.jpg,1,1,1,1,1,0,0,0,1,1,1,1,1,1,1,1,1,0
001804.jpg,1,1,1,1,1,0,0,0,1,1,1,1,1,1,1,1,1,0
001805.jpg,1,1,1,1,1,0,0,0,1,1,1,1,1,1,1,1,1,0
001806.jpg,1,1,1,1,1,0,0,0,1,1,1,1,1,1,1,1,1,0
001807.jpg,1,1,1,1,1,0,0,0,1,1,1,1,1,1,1,1,1,0
001808.jpg,1,1,1,1,1,0,0,0,1,1,1,1,1,1,1,1,1,0
001809.jpg,1,1,1,1,1,0,0,0,1,1,1,1,1,1,1,1,1,0
001810.jpg,1,1,1,1,1,0,0,0,1,1,1,1,1,1,1,1,1,0
001811.jpg,1,1,1,1,1,0,0,0,1,1,1,1,1,1,1,1,1,0
001812.jpg,1,1,1,1,1,0,0,0,1,1,1,1,1,1,1,1,1,0
001813.jpg,1,1,1,1,1,0,0,0,1,1,1,1,1,1,1,1,1,0
001814.jpg,1,1,1,1,1,0,0,0,1,1,1,1,1,1,1,1,1,0
001815.jpg,1,1,1,1,1,0,0,0,1,1,1,1,1,1,1,1,1,0
001816.jpg,1,1,1,1,1,0,0,0,1,1,1,1,1,1,1,1,1,0
001817.jpg,1,1,1,1,1,0,0,0,1,1,1,1,1,1,1,1,1,0
001818.jpg,1,1,1,1,1,0,0,0,1,1,1,1,1,1,1,1,1,0
001819.jpg,1,1,1,1,1,0,0,0,1,1,1,1,1,1,1,1,1,0
001820.jpg,1,1,1,1,1,0,0,0,1,1,1,1,1,1,1,1,1,0
001821.jpg,1,1,1,1,1,0,0,0,1,1,1,1,1,1,1,1,1,0
001822.jpg,1,1,1,1,1,0,0,0,1,1,1,1,1,1,1,1,1,0
001823.jpg,1,1,1,1,1,0,0,0,1,1,1,1,1,1,1,1,1,0
001824.jpg,1,1,1,1,1,0,0,0,1,1,1,1,1,1,1,1,1,0
001825.jpg,1,1,1,1,1,0,0,0,1,1,1,1,1,1,1,1,1,0
001826.jpg,1,1,1,1,1,0,0,0,1,1,1,1,1,1,1,1,1,0
001827.jpg,1,1,1,1,1,0,0,0,1,1,1,1,1,1,1,1,1,0
001828.jpg,1,1,1,1,1,0,0,0,1,1,1,1,1,1,1,1,1,0
001829.jpg,1,1,1,1,1,0,0,0,1,1,1,1,1,1,1,1,1,0
001830.jpg,1,1,1,1,1,0,0,0,1,1,1,1,1,1,1,1,1,0
001831.jpg,1,1,1,1,1,0,0,0,1,1,1,1,1,1,1,1,1,0
001832.jpg,1,1,1,1,1,0,0,0,1,1,1,1,1,1,1,1,1,0
001833.jpg,1,1,1,1,1,0,0,0,1,1,1,1,1,1,1,1,1,0
001834.jpg,1,1,1,1,1,0,0,0,1,1,1,1,1,1,1,1,1,0
001835.jpg,1,1,1,1,1,0,0,0,1,1,1,1,1,1,1,1,1,0
001836.jpg,1,1,1,1,1,0,0,0,1,1,1,1,1,1,1,1,1,0
001837.jpg,1,1,1,1,1,0,0,0,1,1,1,1,1,1,1,1,1,0
001838.jpg,1,1,1,1,1,0,0,0,1,1,1,1,1,1,1,1,1,0
001839.jpg,1,1,1,1,1,0,0,0,1,1,1,1,1,1,1,1,1,0
001840.jpg,1,1,1,1,1,0,0,0,1,1,1,1,1,1,1,1,1,0
001841.jpg,1,1,1,1,1,0,0,0,1,1,1,1,1,1,1,1,1,0
001842.jpg,1,1,1,1,1,0,0,0,1,1,1,1,1,1,1,1,1,0
001843.jpg,1,1,1,1,1,0,0,0,1,1,1,1,1,1,1,1,1,0
001844.jpg,1,1,1,1,1,0,0,0,1,1,1,1,1,1,1,1,1,0
001845.jpg,1,1,1,1,1,0,0,0,1,1,1,1,1,1,1,1,1,0
001846.jpg,1,1,1,1,1,0,0,0,1,1,1,1,1,1,1,1,1,0
001847.jpg,1,1,1,1,1,0,0,0,1,1,1,1,1,1,1,1,1,0
001848.jpg,1,1,1,1,1,0,0,0,1,1,1,1,1,1,1,1,1,0
001849.jpg,1,1,1,1,1,0,0,0,1,1,1,1,1,1,1,1,1,0
001850.jpg,1,1,1,1,1,0,0,0,1,1,1,1,1,1,1,1,1,0
001851.jpg,1,1,1,1,1,0,0,0,1,1,1,1,1,1,1,1,1,0
001852.jpg,1,1,1,1,1,0,0,0,1,1,1,1,1,1,1,1,1,0
001853.jpg,1,1,1,1,1,0,0,0,1,1,1,1,1,1,1,1,1,0
001854.jpg,1,1,1,1,1,0,0,0,1,1,1,1,1,1,1,1,1,0
001855.jpg,1,1,1,1,1,0,0,0,1,1,1,1,1,1,1,1,1,1
001856.jpg,1,1,1,1,1,0,0,0,1,1,1,1,1,1,1,1,1,1
001857.jpg,1,1,1,1,1,0,0,0,1,1,1,1,1,1,1,1,1,1
001858.jpg,1,1,1,1,1,0,0,0,1,1,1,1,1,1,1,1,1,1
001859.jpg,1,1,1,1,1,0,0,0,1,1,1,1,1,1,1,1,1,1
001860.jpg,1,1,1,1,1,0,0,0,1,1,1,1,1,1,1,1,1,1
001861.jpg,1,1,1,1,1,0,0,0,1,1,1,1,1,1,1,1,1,1
001862.jpg,1,1,1,1,1,0,0,0,1,1,1,1,1,1,1,1,1,1
001863.jpg,1,1,1,1,1,0,0,0,1,1,1,1,1,1,1,1,1,1
001864.jpg,1,1,1,1,1,0,0,0,1,1,1,1,1,1,1,1,1,1
001865.jpg,1,1,1,1,1,0,0,0,1,1,1,1,1,1,1,1,1,1
001866.jpg,1,1,1,1,1,0,0,0,1,1,1,1,1,1,1,1,1,1
001867.jpg,1,1,1,1,1,0,0,0,1,1,1,1,1,1,1,1,1,1
001868.jpg,1,1,1,1,1,0,0,0,1,1,1,1,1,1,1,1,1,1
001869.jpg,1,1,1,1,1,0,0,0,1,1,1,1,1,1,1,1,1,1
001870.jpg,1,1,1,1,1,0,0,0,1,1,1,1,1,1,1,1,1,1
001871.jpg,1,1,1,1,1,0,0,0,1,1,1,1,1,1,1,1,1,1
001872.jpg,1,1,1,1,1,0,0,0,1,1,1,1,1,1,1,1,1,1
001873.jpg,1,1,1,1,1,0,0,0,1,1,1,1,1,1,1,1,1,1
001874.jpg,1,1,1,1,1,0,0,0,1,1,1,1,1,1,1,1,1,1
001875.jpg,1,1,1,1,1,0,0,0,1,1,1,1,1,1,1,1,1,1
001876.jpg,1,1,1,1,1,0,0,0,1,1,1,1,1,1,1,1,1,1
001877.jpg,1,1,1,1,1,0,0,0,1,1,1,1,1,1,1,1,1,1
001878.jpg,1,1,1,1,1,0,0,0,1,1,1,1,1,1,1,1,1,1
001879.jpg,1,1,1,1,1,0,0,0,1,1,1,1,1,1,1,1,1,1
001880.jpg,1,1,1,1,1,0,0,0,1,1,1,1,1,1,1,1,1,1
001881.jpg,1,1,1,1,1,0,0,0,1,1,1,1,1,1,1,1,1,1
001882.jpg,1,1,1,1,1,0,0,0,1,1,1,1,1,1,1,1,1,1
001883.jpg,1,1,1,1,1,0,0,0,1,1,1,1,1,1,1,1,1,1
001884.jpg,1,1,1,1,1,0,0,0,1,1,1,1,1,1,1,1,1,1
001885.jpg,1,1,1,1,1,0,0,0,1,1,1,1,1,1,1,1,1,1
001886.jpg,1,1,1,1,1,0,0,0,1,1,1,1,1,1,1,1,1,1
001887.jpg,1,1,1,1,1,0,0,0,1,1,1,1,1,1,1,1,1,1
001888.jpg,1,1,1,1,1,0,0,0,1,1,1,1,1,1,1,1,1,1
001889.jpg,1,1,1,1,1,0,0,0,1,1,1,1,1,1,1,1,1,1
001890.jpg,1,1,1,1,1,0,0,0,1,1,1,1,1,1,1,1,1,1
001891.jpg,1,1,1,1,1,0,0,0,1,1,1,1,1,1,1,1,1,1
001892.jpg,1,1,1,1,1,0,0,0,1,1,1,1,1,1,1,1,1,1
001893.jpg,1,1,1,1,1,0,0,0,1,1,1,1,1,1,1,1,1,1
001894.jpg,1,1,1,1,1,0,0,0,1,1,1,1,1,1,1,1,1,1
001895.jpg,1,1,1,1,1,0,0,0,1,1,1,1,1,1,1,1,1,1
001896.jpg,1,1,1,1,1,0,0,0,1,1,1,1,1,1,1,1,1,1
001897.jpg,1,1,1,1,1,0,0,0,1,1,1,1,1,1,1,1,1,1
001898.jpg,1,1,1,1,1,0,0,0,1,1,1,1,1,1,1,1,1,1
001899.jpg,1,1,1,1,1,0,0,0,1,1,1,1,1,1,1,1,1,1
001900.jpg,1,1,1,1,1,0,0,0,1,1,1,1,1,1,1,1,1,1
001901.jpg,1,1,1,1,1,0,0,0,1,1,1,1,1,1,1,1,1,1
001902.jpg,1,1,1,1,1,0,0,0,1,1,1,1,1,1,1,1,1,1
001903.jpg,1,1,1,1,1,0,0,0,1,1,1,1,1,1,1,1,1,1
001904.jpg,1,1,1,1,1,0,0,0,1,1,1,1,1,1,1,1,1,1
001905.jpg,1,1,1,1,1,0,0,0,1,1,1,1,1,1,1,1,1,1
001906.jpg,1,1,1,1,1,0,0,0,1,1,1,1,1,1,1,1,1,1
001907.jpg,1,1,1,1,1,0,0,0,1,1,1,1,1,1,1,1,1,1
001908.jpg,1,1,1,1,1,0,0,0,1,1,1,1,1,1,1,1,1,1
001909.jpg,1,1,1,1,1,0,0,0,1,1,1,1,1,1,1,1,1,1
001910.jpg,1,1,1,1,1,0,0,0,1,1,1,1,1,1,1,1,1,1
001911.jpg,1,1,1,1,1,0,0,0,1,1,1,1,1,1,1,1,1,1
001912.jpg,1,1,1,1,1,0,0,0,1,1,1,1,1,1,1,1,1,1
001913.jpg,1,1,1,1,1,0,0,0,1,1,1,1,1,1,1,1,1,1
001914.jpg,1,1,1,1,1,0,0,0,1,1,1,1,1,1,1,1,1,1
001915.jpg,1,1,1,1,1,0,0,0,1,1,1,1,1,1,1,1,1,1
001916.jpg,1,1,1,1,1,0,0,0,1,1,1,1,1,1,1,1,1,1
001917.jpg,1,1,1,1,1,0,0,0,1,1,1,1,1,1,1,1,1,1
001918.jpg,1,1,1,1,1,0,0,0,1,1,1,1,1,1,1,1,1,1
001919.jpg,1,1,1,1,1,0,0,0,1,1,1,1,1,1,1,1,1,1
001920.jpg,1,1,1,1,1,0,0,0,1,1,1,1,1,1,1,1,1,1
001921.jpg,1,1,1,1,1,0,0,0,1,1,1,1,1,1,1,1,1,1
001922.jpg,1,1,1,1,1,0,0,0,1,1,1,1,1,1,1,1,1,1
001923.jpg,1,1,1,1,1,0,0,0,1,1,1,1,1,1,1,1,1,1
001924.jpg,1,1,1,1,1,0,0,0,1,1,1,1,1,1,1,1,1,1
001925.jpg,1,1,1,1,1,0,0,0,1,1,1,1,1,1,1,1,1,1
001926.jpg,1,1,1,1,1,0,0,0,1,1,1,1,1,1,1,1,1,1
001927.jpg,1,1,1,1,1,0,0,0,1,1,1,1,1,1,1,1,1,1
001928.jpg,1,1,1,1,1,0,0,0,1,1,1,1,1,1,1,1,1,1
001929.jpg,1,1,1,1,1,0,0,0,1,1,1,1,1,1,1,1,1,1
001930.jpg,1,1,1,1,1,0,0,0,1,1,1,1,1,1,1,1,1,1
001931.jpg,1,1,1,1,1,0,0,0,1,1,1,1,1,1,1,1,1,1
001932.jpg,1,1,1,1,1,0,0,0,1,1,1,1,1,1,1,1,1,1
001933.jpg,1,1,1,1,1,0,0,0,1,1,1,1,1,1,1,1,1,1
001934.jpg,1,1,1,1,1,0,0,0,1,1,1,1,1,1,1,1,1,1
001935.jpg,1,1,1,1,1,0,0,0,1,1,1,1,1,1,1,1,1,1
001936.jpg,1,1,1,1,1,0,0,0,1,1,1,1,1,1,1,1,1,1
001937.jpg,1,1,1,1,1,0,0,0,1,1,1,1,1,1,1,1,1,1
001938.jpg,1,1,1,1,1,0,0,0,1,1,1,1,1,1,1,1,1,1
001939.jpg,1,1,1,1,1,0,0,0,1,1,1,1,1,1,1,1,1,1
001940.jpg,1,1,1,1,1,0,0,0,1,1,1,1,1,1,1,1,1,1
001941.jpg,1,1,1,1,1,0,0,0,1,1,1,1,1,1,1,1,1,1
001942.jpg,1,1,1,1,1,0,0,0,1,1,1,1,1,1,1,1,1,1
001943.jpg,1,1,1,1,1,0,0,0,1,1,1,1,1,1,1,1,1,1
001944.jpg,1,1,1,1,1,0,0,0,1,1,1,1,1,1,1,1,1,1
001945.jpg,1,1,1,1,1,0,0,0,1,1,1,1,1,1,1,1,1,1
001946.jpg,1,1,1,1,1,0,0,0,1,1,1,1,1,1,1,1,1,1
001947.jpg,1,1,1,1,1,0,0,0,1,1,1,1,1,1,1,1,1,1
001948.jpg,1,1,1,1,1,0,0,0,1,1,1,1,1,1,1,1,1,1
001949.jpg,1,1,1,1,1,0,0,0,1,1,1,1,1,1,1,1,1,1
001950.jpg,1,1,1,1,1,0,0,0,1,1,1,1,1,1,1,1,1,1
001951.jpg,1,1,1,1,1,0,0,0,1,1,1,1,1,1,1,1,1,1
001952.jpg,1,1,1,1,1,0,0,0,1,1,1,1,1,1,1,1,1,1
001953.jpg,1,1,1,1,1,0,0,0,1,1,1,1,1,1,1,1,1,1
001954.jpg,1,1,1,1,1,0,0,0,1,1,1,1,1,1,1,1,1,1
001955.jpg,1,1,1,1,1,0,0,0,1,1,1,1,1,1,1,1,1,1
001956.jpg,1,1,1,1,1,0,0,0,1,1,1,1,1,1,1,1,1,1
001957.jpg,1,1,1,1,1,0,0,0,1,1,1,1,1,1,1,1,1,1
001958.jpg,1,1,1,1,1,0,0,0,1,1,1,1,1,1,1,1,1,1
001959.jpg,1,1,1,1,1,0,0,0,1,1,1,1,1,1,1,1,1,1
001960.jpg,1,1,1,1,1,0,0,0,1,1,1,1,1,1,1,1,1,1
001961.jpg,1,1,1,1,1,0,0,0,1,1,1,1,1,1,1,1,1,1
001962.jpg,1,1,1,1,1,0,0,0,1,1,1,1,1,1,1,1,1,1
001963.jpg,1,1,1,1,1,0,0,0,1,1,1,1,1,1,1,1,1,1
001964.jpg,1,1,1,1,1,0,0,0,1,1,1,1,1,1,1,1,1,1
001965.jpg,1,1,1,1,1,0,0,0,1,1,1,1,1,1,1,1,1,1
001966.jpg,1,1,1,1,1,0,0,0,1,1,1,1,1,1,1,1,1,1
001967.jpg,1,1,1,1,1,0,0,0,1,1,1,1,1,1,1,1,1,1
001968.jpg,1,1,1,1,1,0,0,0,1,1,1,1,1,1,1,1,1,1
001969.jpg,1,1,1,1,1,0,0,0,1,1,1,1,1,1,1,1,1,1
001970.jpg,1,1,1,1,1,0,0,0,1,1,1,1,1,1,1,1,1,1
001971.jpg,1,1,1,1,1,0,0,0,1,1,1,1,1,1,1,1,1,1
001972.jpg,1,1,1,1,1,0,0,0,1,1,1,1,1,1,1,1,1,1
001973.jpg,1,1,1,1,1,0,0,0,1,1,1,1,1,1,1,1,1,1
001974.jpg,1,1,1,1,1,0,0,0,1,1,1,1,1,1,1,1,1,1
001975.jpg,1,1,1,1,1,0,0,0,1,1,1,1,1,1,1,1,1,1
001976.jpg,1,1,1,1,1,0,0,0,1,1,1,1,1,1,1,1,1,1
001977.jpg,1,1,1,1,1,0,0,0,1,1,1,1,1,1,1,1,1,1
001978.jpg,1,1,1,1,1,0,0,0,1,1,1,1,1,1,1,1,1,1
001979.jpg,1,1,1,1,1,0,0,0,1,1,1,1,1,1,1,1,1,1
001980.jpg,1,1,1,1,1,0,0,0,1,1,1,1,1,1,1,1,1,1
001981.jpg,1,1,1,1,1,0,0,0,1,1,1,1,1,1,1,1,1,1
001982.jpg,1,1,1,1,1,0,0,0,1,1,1,1,1,1,1,1,1,1
001983.jpg,1,1,1,1,1,0,0,0,1,1,1,1,1,1,1,1,1,1
001984.jpg,1,1,1,1,1,0,0,0,1,1,1,1,1,1,1,1,1,1
001985.jpg,1,1,1,1,1,0,0,0,1,1,1,1,1,1,1,1,1,1
001986.jpg,1,1,1,1,1,0,0,0,1,1,1,1,1,1,1,1,1,1
001987.jpg,1,1,1,1,1,0,0,0,1,1,1,1,1,1,1,1,1,1
001988.jpg,1,1,1,1,1,0,0,0,1,1,1,1,1,1,1,1,1,1
001989.jpg,1,1,1,1,1,0,0,0,1,1,1,1,1,1,1,1,1,1
001990.jpg,1,1,1,1,1,0,0,0,1,1,1,1,1,1,1,1,1,1
001991.jpg,1,1,1,1,1,0,0,0,1,1,1,1,1,1,1,1,1,1
001992.jpg,1,1,1,1,1,0,0,0,1,1,1,1,1,1,1,1,1,1
001993.jpg,1,1,1,1,1,0,0,0,1,1,1,1,1,1,1,1,1,1
001994.jpg,1,1,1,1,1,0,0,0,1,1,1,1,1,1,1,1,1,1
001995.jpg,1,1,1,1,1,0,0,0,1,1,1,1,1,1,1,1,1,1
001996.jpg,1,1,1,1,1,0,0,0,1,1,1,1,1,1,1,1,1,1
001997.jpg,1,1,1,1,1,0,0,0,1,1,1,1,1,1,1,1,1,1
001998.jpg,1,1,1,1,1,0,0,0,1,1,1,1,1,1,1,1,1,1
001999.jpg,1,1,1,1,1,0,0,0,1,1,1,1,1,1,1,1,1,1
002000.jpg,1,1,1,1,1,0,0,0,1,1,1,1,1,1,1,1,1,1
002001.jpg,1,1,1,1,1,0,0,0,1,1,1,1,1,1,1,1,1,1
002002.jpg,1,1,1,1,1,0,0,0,1,1,1,1,1,1,1,1,1,1
002003.jpg,1,1,1,1,1,0,0,0,1,1,1,1,1,1,1,1,1,1
002004.jpg,1,1,1,1,1,0,0,0,1,1,1,1,1,1,1,1,1,1
002005.jpg,1,1,1,1,1,0,0,0,1,1,1,1,1,1,1,1,1,1
002006.jpg,1,1,1,1,1,0,0,0,1,1,1,1,1,1,1,1,1,1
002007.jpg,1,1,1,1,1,0,0,0,1,1,1,1,1,1,1,1,1,1
002008.jpg,1,1,1,1,1,0,0,0,1,1,1,1,1,1,1,1,1,1
002009.jpg,1,1,1,1,1,0,0,0,1,1,1,1,1,1,1,1,1,1
002010.jpg,1,1,1,1,1,0,0,0,1,1,1,1,1,1,1,1,1,1
002011.jpg,1,1,1,1,1,0,0,0,1,1,1,1,1,1,1,1,1,1
002012.jpg,1,1,1,1,1,0,0,0,1,1,1,1,1,1,1,1,1,1
002013.jpg,1,1,1,1,1,0,0,0,1,1,1,1,1,1,1,1,1,1
002014.jpg,1,1,1,1,1,0,0,0,1,1,1,1,1,1,1,1,1,1
002015.jpg,1,1,1,1,1,0,0,0,1,1,1,1,1,1,1,1,1,1
002016.jpg,1,1,1,1,1,0,0,0,1,1,1,1,1,1,1,1,1,1
002017.jpg,1,1,1,1,1,0,0,0,1,1,1,1,1,1,1,1,1,1
002018.jpg,1,1,1,1,1,0,0,0,1,1,1,1,1,1,1,1,1,1
002019.jpg,1,1,1,1,1,0,0,0,1,1,1,1,1,1,1,1,1,1
002020.jpg,1,1,1,1,1,0,0,0,1,1,1,1,1,1,1,1,1,1
002021.jpg,1,1,1,1,1,0,0,0,1,1,1,1,1,1,1,1,1,1
002022.jpg,1,1,1,1,1,0,0,0,1,1,1,1,1,1,1,1,1,1
002023.jpg,1,1,1,1,1,0,0,0,1,1,1,1,1,1,1,1,1,1
002024.jpg,1,1,1,1,1,0,0,0,1,1,1,1,1,1,1,1,1,1
002025.jpg,1,1,1,1,1,0,0,0,1,1,1,1,1,1,1,1,1,1
002026.jpg,1,1,1,1,1,0,0,0,1,1,1,1,1,1,1,1,1,1
002027.jpg,1,1,1,1,1,0,0,0,1,1,1,1,1,1,1,1,1,1
002028.jpg,1,1,1,1,1,0,0,0,1,1,1,1,1,1,1,1,1,1
002029.jpg,1,1,1,1,1,0,0,0,1,1,1,1,1,1,1,1,1,1
002030.jpg,1,1,1,1,1,0,0,0,1,1,1,1,1,1,1,1,1,1
002031.jpg,1,1,1,1,1,0,0,0,1,1,1,1,1,1,1,1,1,1
002032.jpg,1,1,1,1,1,0,0,0,1,1,1,1,1,1,1,1,1,1
002033.jpg,1,1,1,1,1,0,0,0,1,1,1,1,1,1,1,1,1,1
002034.jpg,1,1,1,1,1,0,0,0,1,1,1,1,1,1,1,1,1,1
002035.jpg,1,1,1,1,1,0,0,0,1,1,1,1,1,1,1,1,1,1
002036.jpg,1,1,1,1,1,0,0,0,1,1,1,1,1,1,1,1,1,1
002037.jpg,1,1,1,1,1,0,0,0,1,1,1,1,1,1,1,1,1,1
002038.jpg,1,1,1,1,1,0,0,0,1,1,1,1,1,1,1,1,1,1
002039.jpg,1,1,1,1,1,0,0,0,1,1,1,1,1,1,1,1,1,1
002040.jpg,1,1,1,1,1,0,0,0,1,1,1,1,1,1,1,1,1,1
002041.jpg,1,1,1,1,1,0,0,0,1,1,1,1,1,1,1,1,1,1
002042.jpg,1,1,1,1,1,0,0,0,1,1,1,1,1,1,1,1,1,1
002043.jpg,1,1,1,1,1,0,0,0,1,1,1,1,1,1,1,1,1,1
002044.jpg,1,1,1,1,1,0,0,0,1,1,1,1,1,1,1,1,1,1
002045.jpg,1,1,1,1,1,0,0,0,1,1,1,1,1,1,1,1,1,1
002046.jpg,1,1,1,1,1,0,0,0,1,1,1,1,1,1,1,1,1,1
002047.jpg,1,1,1,1,1,0,0,0,1,1,1,1,1,1,1,1,1,1
002048.jpg,1,1,1,1,1,0,0,0,1,1,1,1,1,1,1,1,1,1
002049.jpg,1,1,1,1,1,0,0,0,1,1,1,1,1,1,1,1,1,1
002050.jpg,1,1,1,1,1,0,0,0,1,1,1,1,1,1,1,1,1,1
002051.jpg,1,1,1,1,1,0,0,0,1,1,1,1,1,1,1,1,1,1
002052.jpg,1,1,1,1,1,0,0,0,1,1,1,1,1,1,1,1,1,1
002053.jpg,1,1,1,1,1,0,0,0,1,1,1,1,1,1,1,1,1,1
002054.jpg,1,1,1,1,1,0,0,0,1,1,1,1,1,1,1,1,1,1
002055.jpg,1,1,1,1,1,0,0,0,1,1,1,1,1,1,1,1,1,1
002056.jpg,1,1,1,1,1,0,0,0,1,1,1,1,1,1,1,1,1,1
002057.jpg,1,1,1,1,1,0,0,0,1,1,1,1,1,1,1,1,1,1
002058.jpg,1,1,1,1,1,0,0,0,1,1,1,1,1,1,1,1,1,1
002059.jpg,1,1,1,1,1,0,0,0,1,1,1,1,1,1,1,1,1,1
002060.jpg,1,1,1,1,1,0,0,0,1,1,1,1,1,1,1,1,1,1
002061.jpg,1,1,1,1,1,0,0,0,1,1,1,1,1,1,1,1,1,1
002062.jpg,1,1,1,1,1,0,0,0,1,1,1,1,1,1,1,1,1,1
002063.jpg,1,1,1,1,1,0,0,0,1,1,1,1,1,1,1,1,1,1
002064.jpg,1,1,1,1,1,0,0,0,1,1,1,1,1,1,1,1,1,1
002065.jpg,1,1,1,1,1,0,0,0,1,1,1,1,1,1,1,1,1,1
002066.jpg,1,1,1,1,1,0,0,0,1,1,1,1,1,1,1,1,1,1
002067.jpg,1,1,1,1,1,0,0,0,1,1,1,1,1,1,1,1,1,1
002068.jpg,1,1,1,1,1,0,0,0,1,1,1,1,1,1,1,1,1,1
002069.jpg,1,1,1,1,1,0,0,0,1,1,1,1,1,1,1,1,1,1
002070.jpg,1,1,1,1,1,0,0,0,1,1,1,1,1,1,1,1,1,1
002071.jpg,1,1,1,1,1,0,0,0,1,1,1,1,1,1,1,1,1,1
002072.jpg,1,1,1,1,1,0,0,0,1,1,1,1,1,1,1,1,1,1
002073.jpg,1,1,1,1,1,0,0,0,1,1,1,1,1,1,1,1,1,1
002074.jpg,1,1,1,1,1,0,0,0,1,1,1,1,1,1,1,1,1,1
002075.jpg,1,1,1,1,1,0,0,0,1,1,1,1,1,1,1,1,1,1
002076.jpg,1,1,1,1,1,0,0,0,1,1,1,1,1,1,1,1,1,1
002077.jpg,1,1,1,1,1,0,0,0,1,1,1,1,1,1,1,1,1,1
002078.jpg,1,1,1,1,1,0,0,0,1,1,1,1,1,1,1,1,1,1
002079.jpg,1,1,1,1,1,0,0,0,1,1,1,1,1,1,1,1,1,1
002080.jpg,1,1,1,1,1,0,0,0,1,1,1,1,1,1,1,1,1,1
002081.jpg,1,1,1,1,1,0,0,0,1,1,1,1,1,1,1,1,1,1
002082.jpg,1,1,1,1,1,0,0,0,1,1,1,1,1,1,1,1,1,1
002083.jpg,1,1,1,1,1,0,0,0,1,1,1,1,1,1,1,1,1,1
002084.jpg,1,1,1,1,1,0,0,0,1,1,1,1,1,1,1,1,1,1
002085.jpg,1,1,1,1,1,0,0,0,1,1,1,1,1,1,1,1,1,1
002086.jpg,1,1,1,1,1,0,0,0,1,1,1,1,1,1,1,1,1,1
002087.jpg,1,1,1,1,1,0,0,0,1,1,1,1,1,1,1,1,1,1
002088.jpg,1,1,1,1,1,0,0,0,1,1,1,1,1,1,1,1,1,1
002089.jpg,1,1,1,1,1,0,0,0,1,1,1,1,1,1,1,1,1,1
002090.jpg,1,1,1,1,1,0,0,0,1,1,1,1,1,1,1,1,1,1
002091.jpg,1,1,1,1,1,0,0,0,1,1,1,1,1,1,1,1,1,1
002092.jpg,1,1,1,1,1,0,0,0,1,1,1,1,1,1,1,1,1,1
002093.jpg,1,1,1,1,1,0,0,0,1,1,1,1,1,1,1,1,1,1
002094.jpg,1,1,1,1,1,0,0,0,1,1,1,1,1,1,1,1,1,1
002095.jpg,1,1,1,1,1,0,0,0,1,1,1,1,1,1,1,1,1,1
002096.jpg,1,1,1,1,1,0,0,0,1,1,1,1,1,1,1,1,1,1
002097.jpg,1,1,1,1,1,0,0,0,1,1,1,1,1,1,1,1,1,1
002098.jpg,1,1,1,1,1,0,0,0,1,1,1,1,1,1,1,1,1,1
002099.jpg,1,1,1,1,1,0,0,0,1,1,1,1,1,1,1,1,1,1
002100.jpg,1,1,1,1,1,0,0,0,1,1,1,1,1,1,1,1,1,1
002101.jpg,1,1,1,1,1,0,0,0,1,1,1,1,1,1,1,1,1,1
002102.jpg,1,1,1,1,1,0,0,0,1,1,1,1,1,1,1,1,1,1
002103.jpg,1,1,1,1,1,0,0,0,1,1,1,1,1,1,1,1,1,1
002104.jpg,1,1,1,1,1,0,0,0,1,1,1,1,1,1,1,1,1,1
002105.jpg,1,1,1,1,1,0,0,0,1,1,1,1,1,1,1,1,1,1
002106.jpg,1,1,1,1,1,0,0,0,1,1,1,1,1,1,1,1,1,1
002107.jpg,1,1,1,1,1,0,0,0,1,1,1,1,1,1,1,1,1,1
002108.jpg,1,1,1,1,1,0,0,0,1,1,1,1,1,1,1,1,1,1
002109.jpg,1,1,1,1,1,0,0,0,1,1,1,1,1,1,1,1,1,1
002110.jpg,1,1,1,1,1,0,0,0,1,1,1,1,1,1,1,1,1,1
002111.jpg,1,1,1,1,1,0,0,0,1,1,1,1,1,1,1,1,1,1
002112.jpg,1,1,1,1,1,0,0,0,1,1,1,1,1,1,1,1,1,1
002113.jpg,1,1,1,1,1,0,0,0,1,1,1,1,1,1,1,1,1,1
002114.jpg,1,1,1,1,1,0,0,0,1,1,1,1,1,1,1,1,1,1
002115.jpg,1,1,1,1,1,0,0,0,1,1,1,1,1,1,1,1,1,1
002116.jpg,1,1,1,1,1,0,0,0,1,1,1,1,1,1,1,1,1,1
002117.jpg,1,1,1,1,1,0,0,0,1,1,1,1,1,1,1,1,1,1
002118.jpg,1,1,1,1,1,0,0,0,1,1,1,1,1,1,1,1,1,1
002119.jpg,1,1,1,1,1,0,0,0,1,1,1,1,1,1,1,1,1,1
002120.jpg,1,1,1,1,1,0,0,0,1,1,1,1,1,1,1,1,1,1
002121.jpg,1,1,1,1,1,0,0,0,1,1,1,1,1,1,1,1,1,1
002122.jpg,1,1,1,1,1,0,0,0,1,1,1,1,1,1,1,1,1,1
002123.jpg,1,1,1,1,1,0,0,0,1,1,1,1,1,1,1,1,1,1
002124.jpg,1,1,1,1,1,0,0,0,1,1,1,1,1,1,1,1,1,1
002125.jpg,1,1,1,1,1,0,0,0,1,1,1,1,1,1,1,1,1,1
002126.jpg,1,1,1,1,1,0,0,0,1,1,1,1,1,1,1,1,1,1
002127.jpg,1,1,1,1,1,0,0,0,1,1,1,1,1,1,1,1,1,1
002128.jpg,1,1,1,1,1,0,0,0,1,1,1,1,1,1,1,1,1,1
002129.jpg,1,1,1,1,1,0,0,0,1,1,1,1,1,1,1,1,1,1
002130.jpg,1,1,1,1,1,0,0,0,1,1,1,1,1,1,1,1,1,1
002131.jpg,1,1,1,1,1,0,0,0,1,1,1,1,1,1,1,1,1,1
002132.jpg,1,1,1,1,1,0,0,0,1,1,1,1,1,1,1,1,1,1
002133.jpg,1,1,1,1,1,0,0,0,1,1,1,1,1,1,1,1,1,1
002134.jpg,1,1,1,1,1,0,0,0,1,1,1,1,1,1,1,1,1,1
002135.jpg,1,1,1,1,1,0,0,0,1,1,1,1,1,1,1,1,1,1
002136.jpg,1,1,1,1,1,0,0,0,1,1,1,1,1,1,1,1,1,1
002137.jpg,1,1,1,1,1,0,0,0,1,1,1,1,1,1,1,1,1,1
002138.jpg,1,1,1,1,1,0,0,0,1,1,1,1,1,1,1,1,1,1
002139.jpg,1,1,1,1,1,0,0,0,1,1,1,1,1,1,1,1,1,1
002140.jpg,1,1,1,1,1,0,0,0,1,1,1,1,1,1,1,1,1,1
002141.jpg,1,1,1,1,1,0,0,0,1,1,1,1,1,1,1,1,1,1
002142.jpg,1,1,1,1,1,0,0,0,1,1,1,1,1,1,1,1,1,1
002143.jpg,1,1,1,1,1,0,0,0,1,1,1,1,1,1,1,1,1,1
002144.jpg,1,1,1,1,1,0,0,0,1,1,1,1,1,1,1,1,1,1
002145.jpg,1,1,1,1,1,0,0,0,1,1,1,1,1,1,1,1,1,1
002146.jpg,1,1,1,1,1,0,0,0,1,1,1,1,1,1,1,1,1,1
002147.jpg,1,1,1,1,1,0,0,0,1,1,1,1,1,1,1,1,1,1
002148.jpg,1,1,1,1,1,0,0,0,1,1,1,1,1,1,1,1,1,1
002149.jpg,1,1,1,1,1,0,0,0,1,1,1,1,1,1,1,1,1,1
002150.jpg,1,1,1,1,1,0,0,0,1,1,1,1,1,1,1,1,1,1
002151.jpg,1,1,1,1,1,0,0,0,1,1,1,1,1,1,1,1,1,1
002152.jpg,1,1,1,1,1,0,0,0,1,1,1,1,1,1,1,1,1,1
002153.jpg,1,1,1,1,1,0,0,0,1,1,1,1,1,1,1,1,1,1
002154.jpg,1,1,1,1,1,0,0,0,1,1,1,1,1,1,1,1,1,1
002155.jpg,1,1,1,1,1,0,0,0,1,1,1,1,1,1,1,1,1,1
002156.jpg,1,1,1,1,1,0,0,0,1,1,1,1,1,1,1,1,1,1
002157.jpg,1,1,1,1,1,0,0,0,1,1,1,1,1,1,1,1,1,1
002158.jpg,1,1,1,1,1,0,0,0,1,1,1,1,1,1,1,1,1,1
002159.jpg,1,1,1,1,1,0,0,0,1,1,1,1,1,1,1,1,1,1
002160.jpg,1,1,1,1,1,0,0,0,1,1,1,1,1,1,1,1,1,1
002161.jpg,1,1,1,1,1,0,0,0,1,1,1,1,1,1,1,1,1,1
002162.jpg,1,1,1,1,1,0,0,0,1,1,1,1,1,1,1,1,1,1
002163.jpg,1,1,1,1,1,0,0,0,1,1,1,1,1,1,1,1,1,1
002164.jpg,1,1,1,1,1,0,0,0,1,1,1,1,1,1,1,1,1,1
002165.jpg,1,1,1,1,1,0,0,0,1,1,1,1,1,1,1,1,1,1
002166.jpg,1,1,1,1,1,0,0,0,1,1,1,1,1,1,1,1,1,1
002167.jpg,1,1,1,1,1,0,0,0,1,1,1,1,1,1,1,1,1,1
002168.jpg,1,1,1,1,1,0,0,0,1,1,1,1,1,1,1,1,1,1
002169.jpg,1,1,1,1,1,0,0,0,1,1,1,1,1,1,1,1,1,1
002170.jpg,1,1,1,1,1,0,0,0,1,1,1,1,1,1,1,1,1,1
002171.jpg,1,1,1,1,1,0,0,0,1,1,1,1,1,1,1,1,1,1
002172.jpg,1,1,1,1,1,0,0,0,1,1,1,1,1,1,1,1,1,1
002173.jpg,1,1,1,1,1,0,0,0,1,1,1,1,1,1,1,1,1,1
002174.jpg,1,1,1,1,1,0,0,0,1,1,1,1,1,1,1,1,1,1
002175.jpg,1,1,1,1,1,0,0,0,1,1,1,1,1,1,1,1,1,1
002176.jpg,1,1,1,1,1,0,0,0,1,1,1,1,1,1,1,1,1,1
002177.jpg,1,1,1,1,1,0,0,0,1,1,1,1,1,1,1,1,1,1
002178.jpg,1,1,1,1,1,0,0,0,1,1,1,1,1,1,1,1,1,1
002179.jpg,1,1,1,1,1,0,0,0,1,1,1,1,1,1,1,1,1,1
002180.jpg,1,1,1,1,1,0,0,0,1,1,1,1,1,1,1,1,1,1
002181.jpg,1,1,1,1,1,0,0,0,1,1,1,1,1,1,1,1,1,1
002182.jpg,1,1,1,1,1,0,0,0,1,1,1,1,1,1,1,1,1,1
002183.jpg,1,1,1,1,1,0,0,0,1,1,1,1,1,1,1,1,1,1
002184.jpg,1,1,1,1,1,0,0,0,1,1,1,1,1,1,1,1,1,1
002185.jpg,1,1,1,1,1,0,0,0,1,1,1,1,1,1,1,1,1,1
002186.jpg,1,1,1,1,1,0,0,0,1,1,1,1,1,1,1,1,1,1
002187.jpg,1,1,1,1,1,0,0,0,1,1,1,1,1,1,1,1,1,1
002188.jpg,1,1,1,1,1,0,0,0,1,1,1,1,1,1,1,1,1,1
002189.jpg,1,1,1,1,1,0,0,0,1,1,1,1,1,1,1,1,1,1
002190.jpg,1,1,1,1,1,0,0,0,1,1,1,1,1,1,1,1,1,1
002191.jpg,1,1,1,1,1,0,0,0,1,1,1,1,1,1,1,1,1,1
002192.jpg,1,1,1,1,1,0,0,0,1,1,1,1,1,1,1,1,1,1
002193.jpg,1,1,1,1,1,0,0,0,1,1,1,1,1,1,1,1,1,1
002194.jpg,1,1,1,1,1,0,0,0,1,1,1,1,1,1,1,1,1,1
002195.jpg,1,1,1,1,1,0,0,0,1,1,1,1,1,1,1,1,1,1
002196.jpg,1,1,1,1,1,0,0,0,1,1,1,1,1,1,1,1,1,1
002197.jpg,1,1,1,1,1,0,0,0,1,1,1,1,1,1,1,1,1,1
002198.jpg,1,1,1,1,1,0,0,0,1,1,1,1,1,1,1,1,1,1
002199.jpg,1,1,1,1,1,0,0,0,1,1,1,1,1,1,1,1,1,1
002200.jpg,1,1,1,1,1,0,0,0,1,1,1,1,1,1,1,1,1,1
002201.jpg,1,1,1,1,1,0,0,0,1,1,1,1,1,1,1,1,1,1
002202.jpg,1,1,1,1,1,0,0,0,1,1,1,1,1,1,1,1,1,1
002203.jpg,1,1,1,1,1,0,0,0,1,1,1,1,1,1,1,1,1,1
002204.jpg,1,1,1,1,1,0,0,0,1,1,1,1,1,1,1,1,1,1
002205.jpg,1,1,1,1,1,0,0,0,1,1,1,1,1,1,1,1,1,1
002206.jpg,1,1,1,1,1,0,0,0,1,1,1,1,1,1,1,1,1,1
002207.jpg,1,1,1,1,1,0,0,0,1,1,1,1,1,1,1,1,1,1
002208.jpg,1,1,1,1,1,0,0,0,1,1,1,1,1,1,1,1,1,1
002209.jpg,1,1,1,1,1,0,0,0,1,1,1,1,1,1,1,1,1,1
002210.jpg,1,1,1,1,1,0,0,0,1,1,1,1,1,1,1,1,1,1
002211.jpg,1,1,1,1,1,0,0,0,1,1,1,1,1,1,1,1,1,1
002212.jpg,1,1,1,1,1,0,0,0,1,1,1,1,1,1,1,1,1,1
002213.jpg,1,1,1,1,1,0,0,0,1,1,1,1,1,1,1,1,1,1
002214.jpg,1,1,1,1,1,0,0,0,1,1,1,1,1,1,1,1,1,1
002215.jpg,1,1,1,1,1,0,0,0,1,1,1,1,1,1,1,1,1,1
002216.jpg,1,1,1,1,1,0,0,0,1,1,1,1,1,1,1,1,1,1
002217.jpg,1,1,1,1,1,0,0,0,1,1,1,1,1,1,1,1,1,1
002218.jpg,1,1,1,1,1,0,0,0,1,1,1,1,1,1,1,1,1,1
002219.jpg,1,1,1,1,1,0,0,0,1,1,1,1,1,1,1,1,1,1
002220.jpg,1,1,1,1,1,0,0,0,1,1,1,1,1,1,1,1,1,1
002221.jpg,1,1,1,1,1,0,0,0,1,1,1,1,1,1,1,1,1,1
002222.jpg,1,1,1,1,1,0,0,0,1,1,1,1,1,1,1,1,1,1
002223.jpg,1,1,1,1,1,0,0,0,1,1,1,1,1,1,1,1,1,1
002224.jpg,1,1,1,1,1,0,0,0,1,1,1,1,1,1,1,1,1,1
002225.jpg,1,1,1,1,1,0,0,0,1,1,1,1,1,1,1,1,1,1
002226.jpg,1,1,1,1,1,0,0,0,1,1,1,1,1,1,1,1,1,1
002227.jpg,1,1,1,1,1,0,0,0,1,1,1,1,1,1,1,1,1,1
002228.jpg,1,1,1,1,1,0,0,0,1,1,1,1,1,1,1,1,1,1
002229.jpg,1,1,1,1,1,0,0,0,1,1,1,1,1,1,1,1,1,1
002230.jpg,1,1,1,1,1,0,0,0,1,1,1,1,1,1,1,1,1,1
002231.jpg,1,1,1,1,1,0,0,0,1,1,1,1,1,1,1,1,1,1
002232.jpg,1,1,1,1,1,0,0,0,1,1,1,1,1,1,1,1,1,1
002233.jpg,1,1,1,1,1,0,0,0,1,1,1,1,1,1,1,1,1,1
002234.jpg,1,1,1,1,1,0,0,0,1,1,1,1,1,1,1,1,1,1
002235.jpg,1,1,1,1,1,0,0,0,1,1,1,1,1,1,1,1,1,1
002236.jpg,1,1,1,1,1,0,0,0,1,1,1,1,1,1,1,1,1,1
002237.jpg,1,1,1,1,1,0,0,0,1,1,1,1,1,1,1,1,1,1
002238.jpg,1,1,1,1,1,0,0,0,1,1,1,1,1,1,1,1,1,1
002239.jpg,1,1,1,1,1,0,0,0,1,1,1,1,1,1,1,1,1,1
002240.jpg,1,1,1,1,1,0,0,0,1,1,1,1,1,1,1,1,1,1
002241.jpg,1,1,1,1,1,0,0,0,1,1,1,1,1,1,1,1,1,1
002242.jpg,1,1,1,1,1,0,0,0,1,1,1,1,1,1,1,1,1,1
002243.jpg,1,1,1,1,1,0,0,0,1,1,1,1,1,1,1,1,1,1
002244.jpg,1,1,1,1,1,0,0,0,1,1,1,1,1,1,1,1,1,1
002245.jpg,1,1,1,1,1,0,0,0,1,1,1,1,1,1,1,1,1,1
002246.jpg,1,1,1,1,1,0,0,0,1,1,1,1,1,1,1,1,1,1
002247.jpg,1,1,1,1,1,0,0,0,1,1,1,1,1,1,1,1,1,1
002248.jpg,1,1,1,1,1,0,0,0,1,1,1,1,1,1,1,1,1,1
002249.jpg,1,1,1,1,1,0,0,0,1,1,1,1,1,1,1,1,1,1
002250.jpg,1,1,1,1,1,0,0,0,1,1,1,1,1,1,1,1,1,1
002251.jpg,1,1,1,1,1,0,0,0,1,1,1,1,1,1,1,1,1,1
002252.jpg,1,1,1,1,1,0,0,0,1,1,1,1,1,1,1,1,1,1
002253.jpg,1,1,1,1,1,0,0,0,1,1,1,1,1,1,1,1,1,1
002254.jpg,1,1,1,1,1,0,0,0,1,1,1,1,1,1,1,1,1,1
002255.jpg,1,1,1,1,1,0,0,0,1,1,1,1,1,1,1,1,1,1
002256.jpg,1,1,1,1,1,0,0,0,1,1,1,1,1,1,1,1,1,1
002257.jpg,1,1,1,1,1,0,0,0,1,1,1,1,1,1,1,1,1,1
002258.jpg,1,1,1,1,1,0,0,0,1,1,1,1,1,1,1,1,1,1
002259.jpg,1,1,1,1,1,0,0,0,1,1,1,1,1,1,1,1,1,1
002260.jpg,1,1,1,1,1,0,0,0,1,1,1,1,1,1,1,1,1,1
002261.jpg,1,1,1,1,1,0,0,0,1,1,1,1,1,1,1,1,1,1
002262.jpg,1,1,1,1,1,0,0,0,1,1,1,1,1,1,1,1,1,1
002263.jpg,1,1,1,1,1,0,0,0,1,1,1,1,1,1,1,1,1,1
002264.jpg,1,1,1,1,1,0,0,0,1,1,1,1,1,1,1,1,1,1
002265.jpg,1,1,1,1,1,0,0,0,1,1,1,1,1,1,1,1,1,1
002266.jpg,1,1,1,1,1,0,0,0,1,1,1,1,1,1,1,1,1,1
002267.jpg,1,1,1,1,1,0,0,0,1,1,1,1,1,1,1,1,1,1
002268.jpg,1,1,1,1,1,0,0,0,1,1,1,1,1,1,1,1,1,1
002269.jpg,1,1,1,1,1,0,0,0,1,1,1,1,1,1,1,1,1,1
002270.jpg,1,1,1,1,1,0,0,0,1,1,1,1,1,1,1,1,1,1
002271.jpg,1,1,1,1,1,0,0,0,1,1,1,1,1,1,1,1,1,1
002272.jpg,1,1,1,1,1,0,0,0,1,1,1,1,1,1,1,1,1,1
002273.jpg,1,1,1,1,1,0,0,0,1,1,1,1,1,1,1,1,1,1
002274.jpg,1,1,1,1,1,0,0,0,1,1,1,1,1,1,1,1,1,1
002275.jpg,1,1,1,1,1,0,0,0,1,1,1,1,1,1,1,1,1,1
002276.jpg,1,1,1,1,1,0,0,0,1,1,1,1,1,1,1,1,1,1
002277.jpg,1,1,1,1,1,0,0,0,1,1,1,1,1,1,1,1,1,1
002278.jpg,1,1,1,1,1,0,0,0,1,1,1,1,1,1,1,1,1,1
002279.jpg,1,1,1,1,1,0,0,0,1,1,1,1,1,1,1,1,1,1
002280.jpg,1,1,1,1,1,0,0,0,1,1,1,1,1,1,1,1,1,1
002281.jpg,1,1,1,1,1,0,0,0,1,1,1,1,1,1,1,1,1,1
002282.jpg,1,1,1,1,1,0,0,0,1,1,1,1,1,1,1,1,1,1
002283.jpg,1,1,1,1,1,0,0,0,1,1,1,1,1,1,1,1,1,1
002284.jpg,1,1,1,1,1,0,0,0,1,1,1,1,1,1,1,1,1,1
002285.jpg,1,1,1,1,1,0,0,0,1,1,1,1,1,1,1,1,1,1
002286.jpg,1,1,1,1,1,0,0,0,1,1,1,1,1,1,1,1,1,1
002287.jpg,1,1,1,1,1,0,0,0,1,1,1,1,1,1,1,1,1,1
002288.jpg,1,1,1,1,1,0,0,0,1,1,1,1,1,1,1,1,1,1
002289.jpg,1,1,1,1,1,0,0,0,1,1,1,1,1,1,1,1,1,1
002290.jpg,1,1,1,1,1,0,0,0,1,1,1,1,1,1,1,1,1,1
002291.jpg,1,1,1,1,1,0,0,0,1,1,1,1,1,1,1,1,1,1
002292.jpg,1,1,1,1,1,0,0,0,1,1,1,1,1,1,1,1,1,1
002293.jpg,1,1,1,1,1,0,0,0,1,1,1,1,1,1,1,1,1,1
002294.jpg,1,1,1,1,1,0,0,0,1,1,1,1,1,1,1,1,1,1
002295.jpg,1,1,1,1,1,0,0,0,1,1,1,1,1,1,1,1,1,1
002296.jpg,1,1,1,1,1,0,0,0,1,1,1,1,1,1,1,1,1,1
002297.jpg,1,1,1,1,1,0,0,0,1,1,1,1,1,1,1,1,1,1
002298.jpg,1,1,1,1,1,0,0,0,1,1,1,1,1,1,1,1,1,1
002299.jpg,1,1,1,1,1,0,0,0,1,1,1,1,1,1,1,1,1,1
002300.jpg,1,1,1,1,1,0,0,0,1,1,1,1,1,1,1,1,1,1
002301.jpg,1,1,1,1,1,0,0,0,1,1,1,1,1,1,1,1,1,1
002302.jpg,1,1,1,1,1,0,0,0,1,1,1,1,1,1,1,1,1,1
002303.jpg,1,1,1,1,1,0,0,0,1,1,1,1,1,1,1,1,1,1
002304.jpg,1,1,1,1,1,0,0,0,1,1,1,1,1,1,1,1,1,1
002305.jpg,1,1,1,1,1,0,0,0,1,1,1,1,1,1,1,1,1,1
002306.jpg,1,1,1,1,1,0,0,0,1,1,1,1,1,1,1,1,1,1
002307.jpg,1,1,1,1,1,0,0,0,1,1,1,1,1,1,1,1,1,1
002308.jpg,1,1,1,1,1,0,0,0,1,1,1,1,1,1,1,1,1,1
002309.jpg,1,1,1,1,1,0,0,0,1,1,1,1,1,1,1,1,1,1
002310.jpg,1,1,1,1,1,0,0,0,1,1,1,1,1,1,1,1,1,1
002311.jpg,1,1,1,1,1,0,0,0,1,1,1,1,1,1,1,1,1,1
002312.jpg,1,1,1,1,1,0,0,0,1,1,1,1,1,1,1,1,1,1
002313.jpg,1,1,1,1,1,0,0,0,1,1,1,1,1,1,1,1,1,1
002314.jpg,1,1,1,1,1,0,0,0,1,1,1,1,1,1,1,1,1,1
002315.jpg,1,1,1,1,1,0,0,0,1,1,1,1,1,1,1,1,1,1
002316.jpg,1,1,1,1,1,0,0,0,1,1,1,1,1,1,1,1,1,1
002317.jpg,1,1,1,1,1,0,0,0,1,1,1,1,1,1,1,1,1,1
002318.jpg,1,1,1,1,1,0,0,0,1,1,1,1,1,1,1,1,1,1
002319.jpg,1,1,1,1,1,0,0,0,1,1,1,1,1,1,1,1,1,1
002320.jpg,1,1,1,1,1,0,0,0,1,1,1,1,1,1,1,1,1,1
002321.jpg,1,1,1,1,1,0,0,0,1,1,1,1,1,1,1,1,1,1
002322.jpg,1,1,1,1,1,0,0,0,1,1,1,1,1,1,1,1,1,1
002323.jpg,1,1,1,1,1,0,0,0,1,1,1,1,1,1,1,1,1,1
002324.jpg,1,1,1,1,1,0,0,0,1,1,1,1,1,1,1,1,1,1
002325.jpg,1,1,1,1,1,0,0,0,1,1,1,1,1,1,1,1,1,1
002326.jpg,1,1,1,1,1,0,0,0,1,1,1,1,1,1,1,1,1,1
002327.jpg,1,1,1,1,1,0,0,0,1,1,1,1,1,1,1,1,1,1
002328.jpg,1,1,1,1,1,0,0,0,1,1,1,1,1,1,1,1,1,1
002329.jpg,1,1,1,1,1,0,0,0,1,1,1,1,1,1,1,1,1,1
002330.jpg,1,1,1,1,1,0,0,0,1,1,1,1,1,1,1,1,1,1
002331.jpg,1,1,1,1,1,0,0,0,1,1,1,1,1,1,1,1,1,1
002332.jpg,1,1,1,1,1,0,0,0,1,1,1,1,1,1,1,1,1,1
002333.jpg,1,1,1,1,1,0,0,0,1,1,1,1,1,1,1,1,1,1
002334.jpg,1,1,1,1,1,0,0,0,1,1,1,1,1,1,1,1,1,1
002335.jpg,1,1,1,1,1,0,0,0,1,1,1,1,1,1,1,1,1,1
002336.jpg,1,1,1,1,1,0,0,0,1,1,1,1,1,1,1,1,1,1
002337.jpg,1,1,1,1,1,0,0,0,1,1,1,1,1,1,1,1,1,1
002338.jpg,1,1,1,1,1,0,0,0,1,1,1,1,1,1,1,1,1,1
002339.jpg,1,1,1,1,1,0,0,0,1,1,1,1,1,1,1,1,1,1
002340.jpg,1,1,1,1,1,0,0,0,1,1,1,1,1,1,1,1,1,1
002341.jpg,1,1,1,1,1,0,0,0,1,1,1,1,1,1,1,1,1,1
002342.jpg,1,1,1,1,1,0,0,0,1,1,1,1,1,1,1,1,1,1
002343.jpg,1,1,1,1,1,0,0,0,1,1,1,1,1,1,1,1,1,1
002344.jpg,1,1,1,1,1,0,0,0,1,1,1,1,1,1,1,1,1,1
002345.jpg,1,1,1,1,1,0,0,0,1,1,1,1,1,1,1,1,1,1
002346.jpg,1,1,1,1,1,0,0,0,1,1,1,1,1,1,1,1,1,1
002347.jpg,1,1,1,1,1,0,0,0,1,1,1,1,1,1,1,1,1,1
002348.jpg,1,1,1,1,1,0,0,0,1,1,1,1,1,1,1,1,1,1
002349.jpg,1,1,1,1,1,0,0,0,1,1,1,1,1,1,1,1,1,1
002350.jpg,1,1,1,1,1,0,0,0,1,1,1,1,1,1,1,1,1,1
002351.jpg,1,1,1,1,1,0,0,0,1,1,1,1,1,1,1,1,1,1
002352.jpg,1,1,1,1,1,0,0,0,1,1,1,1,1,1,1,1,1,1
002353.jpg,1,1,1,1,1,0,0,0,1,1,1,1,1,1,1,1,1,1
002354.jpg,1,1,1,1,1,0,0,0,1,1,1,1,1,1,1,1,1,1
002355.jpg,1,1,1,1,1,0,0,0,1,1,1,1,1,1,1,1,1,1
002356.jpg,1,1,1,1,1,0,0,0,1,1,1,1,1,1,1,1,1,1
002357.jpg,1,1,1,1,1,0,0,0,1,1,1,1,1,1,1,1,1,1
002358.jpg,1,1,1,1,1,0,0,0,1,1,1,1,1,1,1,1,1,1
002359.jpg,1,1,1,1,1,0,0,0,1,1,1,1,1,1,1,1,1,1
002360.jpg,1,1,1,1,1,0,0,0,1,1,1,1,1,1,1,1,1,1
002361.jpg,1,1,1,1,1,0,0,0,1,1,1,1,1,1,1,1,1,1
002362.jpg,1,1,1,1,1,0,0,0,1,1,1,1,1,1,1,1,1,1
002363.jpg,1,1,1,1,1,0,0,0,1,1,1,1,1,1,1,1,1,1
002364.jpg,1,1,1,1,1,0,0,0,1,1,1,1,1,1,1,1,1,1
002365.jpg,1,1,1,1,1,0,0,0,1,1,1,1,1,1,1,1,1,1
002366.jpg,1,1,1,1,1,0,0,0,1,1,1,1,1,1,1,1,1,1
002367.jpg,1,1,1,1,1,0,0,0,1,1,1,1,1,1,1,1,1,1
002368.jpg,1,1,1,1,1,0,0,0,1,1,1,1,1,1,1,1,1,1
002369.jpg,1,1,1,1,1,0,0,0,1,1,1,1,1,1,1,1,1,1
002370.jpg,1,1,1,1,1,0,0,0,1,1,1,1,1,1,1,1,1,1
002371.jpg,1,1,1,1,1,0,0,0,1,1,1,1,1,1,1,1,1,1
002372.jpg,1,1,1,1,1,0,0,0,1,1,1,1,1,1,1,1,1,1
002373.jpg,1,1,1,1,1,0,0,0,1,1,1,1,1,1,1,1,1,1
002374.jpg,1,1,1,1,1,0,0,0,1,1,1,1,1,1,1,1,1,1
002375.jpg,1,1,1,1,1,0,0,0,1,1,1,1,1,1,1,1,1,1
002376.jpg,1,1,1,1,1,0,0,0,1,1,1,1,1,1,1,1,1,1
002377.jpg,1,1,1,1,1,0,0,0,1,1,1,1,1,1,1,1,1,1
002378.jpg,1,1,1,1,1,0,0,0,1,1,1,1,1,1,1,1,1,1
002379.jpg,1,1,1,1,1,0,0,0,1,1,1,1,1,1,1,1,1,1
002380.jpg,1,1,1,1,1,0,0,0,1,1,1,1,1,1,1,1,1,1
002381.jpg,1,1,1,1,1,0,0,0,1,1,1,1,1,1,1,1,1,1
002382.jpg,1,1,1,1,1,0,0,0,1,1,1,1,1,1,1,1,1,1
002383.jpg,1,1,1,1,1,0,0,0,1,1,1,1,1,1,1,1,1,1
002384.jpg,1,1,1,1,1,0,0,0,1,1,1,1,1,1,1,1,1,1
002385.jpg,1,1,1,1,1,0,0,0,1,1,1,1,1,1,1,1,1,1
002386.jpg,1,1,1,1,1,0,0,0,1,1,1,1,1,1,1,1,1,1
002387.jpg,1,1,1,1,1,0,0,0,1,1,1,1,1,1,1,1,1,1
002388.jpg,1,1,1,1,1,0,0,0,1,1,1,1,1,1,1,1,1,1
002389.jpg,1,1,1,1,1,0,0,0,1,1,1,1,1,1,1,1,1,1
002390.jpg,1,1,1,1,1,0,0,0,1,1,1,1,1,1,1,1,1,1
002391.jpg,1,1,1,1,1,0,0,0,1,1,1,1,1,1,1,1,1,1
002392.jpg,1,1,1,1,1,0,0,0,1,1,1,1,1,1,1,1,1,1
002393.jpg,1,1,1,1,1,0,0,0,1,1,1,1,1,1,1,1,1,1
002394.jpg,1,1,1,1,1,0,0,0,1,1,1,1,1,1,1,1,1,1
002395.jpg,1,1,1,1,1,0,0,0,1,1,1,1,1,1,1,1,1,1
002396.jpg,1,1,1,1,1,0,0,0,1,1,1,1,1,1,1,1,1,1
002397.jpg,1,1,1,1,1,0,0,0,1,1,1,1,1,1,1,1,1,1
002398.jpg,1,1,1,1,1,0,0,0,1,1,1,1,1,1,1,1,1,1
002399.jpg,1,1,1,1,1,0,0,0,1,1,1,1,1,1,1,1,1,1
002400.jpg,1,1,1,1,1,0,0,0,1,1,1,1,1,1,1,1,1,1
002401.jpg,1,1,1,1,1,0,0,0,1,1,1,1,1,1,1,1,1,1
002402.jpg,1,1,1,1,1,0,0,0,1,1,1,1,1,1,1,1,1,1
002403.jpg,1,1,1,1,1,0,0,0,1,1,1,1,1,1,1,1,1,1
002404.jpg,1,1,1,1,1,0,0,0,1,1,1,1,1,1,1,1,1,1
002405.jpg,1,1,1,1,1,0,0,0,1,1,1,1,1,1,1,1,1,1
002406.jpg,1,1,1,1,1,0,0,0,1,1,1,1,1,1,1,1,1,1
002407.jpg,1,1,1,1,1,0,0,0,1,1,1,1,1,1,1,1,1,1
002408.jpg,1,1,1,1,1,0,0,0,1,1,1,1,1,1,1,1,1,1
002409.jpg,1,1,1,1,1,0,0,0,1,1,1,1,1,1,1,1,1,1
002410.jpg,1,1,1,1,1,0,0,0,1,1,1,1,1,1,1,1,1,1
002411.jpg,1,1,1,1,1,0,0,0,1,1,1,1,1,1,1,1,1,1
002412.jpg,1,1,1,1,1,0,0,0,1,1,1,1,1,1,1,1,1,1
002413.jpg,1,1,1,1,1,0,0,0,1,1,1,1,1,1,1,1,1,1
002414.jpg,1,1,1,1,1,0,0,0,1,1,1,1,1,1,1,1,1,1
002415.jpg,1,1,1,1,1,0,0,0,1,1,1,1,1,1,1,1,1,1
002416.jpg,1,1,1,1,1,0,0,0,1,1,1,1,1,1,1,1,1,1
002417.jpg,1,1,1,1,1,0,0,0,1,1,1,1,1,1,1,1,1,1
002418.jpg,1,1,1,1,1,0,0,0,1,1,1,1,1,1,1,1,1,1
002419.jpg,1,1,1,1,1,0,0,0,1,1,1,1,1,1,1,1,1,1
002420.jpg,1,1,1,1,1,0,0,0,1,1,1,1,1,1,1,1,1,1
002421.jpg,1,1,1,1,1,0,0,0,1,1,1,1,1,1,1,1,1,1
002422.jpg,1,1,1,1,1,0,0,0,1,1,1,1,1,1,1,1,1,1
002423.jpg,1,1,1,1,1,0,0,0,1,1,1,1,1,1,1,1,1,1
002424.jpg,1,1,1,1,1,0,0,0,1,1,1,1,1,1,1,1,1,1
002425.jpg,1,1,1,1,1,0,0,0,1,1,1,1,1,1,1,1,1,1
002426.jpg,1,1,1,1,1,0,0,0,1,1,1,1,1,1,1,1,1,1
002427.jpg,1,1,1,1,1,0,0,0,1,1,1,1,1,1,1,1,1,1
002428.jpg,1,1,1,1,1,0,0,0,1,1,1,1,1,1,1,1,1,1
002429.jpg,1,1,1,1,1,0,0,0,1,1,1,1,1,1,1,1,1,1
002430.jpg,1,1,1,1,1,0,0,0,1,1,1,1,1,1,1,1,1,1
002431.jpg,1,1,1,1,1,0,0,0,1,1,1,1,1,1,1,1,1,1
002432.jpg,1,1,1,1,1,0,0,0,1,1,1,1,1,1,1,1,1,1
002433.jpg,1,1,1,1,1,0,0,0,1,1,1,1,1,1,1,1,1,1
002434.jpg,1,1,1,1,1,0,0,0,1,1,1,1,1,1,1,1,1,1
002435.jpg,1,1,1,1,1,0,0,0,1,1,1,1,1,1,1,1,1,1
002436.jpg,1,1,1,1,1,0,0,0,1,1,1,1,1,1,1,1,1,1
002437.jpg,1,1,1,1,1,0,0,0,1,1,1,1,1,1,1,1,1,1
002438.jpg,1,1,1,1,1,0,0,0,1,1,1,1,1,1,1,1,1,1
002439.jpg,1,1,1,1,1,0,0,0,1,1,1,1,1,1,1,1,1,1
002440.jpg,1,1,1,1,1,0,0,0,1,1,1,1,1,1,1,1,1,1
002441.jpg,1,1,1,1,1,0,0,0,1,1,1,1,1,1,1,1,1,1
002442.jpg,1,1,1,1,1,0,0,0,1,1,1,1,1,1,1,1,1,1
002443.jpg,1,1,1,1,1,0,0,0,1,1,1,1,1,1,1,1,1,1
002444.jpg,1,1,1,1,1,0,0,0,1,1,1,1,1,1,1,1,1,1
002445.jpg,1,1,1,1,1,0,0,0,1,1,1,1,1,1,1,1,1,1
002446.jpg,1,1,1,1,1,0,0,0,1,1,1,1,1,1,1,1,1,1
002447.jpg,1,1,1,1,1,0,0,0,1,1,1,1,1,1,1,1,1,1
002448.jpg,1,1,1,1,1,0,0,0,1,1,1,1,1,1,1,1,1,1
002449.jpg,1,1,1,1,1,0,0,0,1,1,1,1,1,1,1,1,1,1
002450.jpg,1,1,1,1,1,0,0,0,1,1,1,1,1,1,1,1,1,1
002451.jpg,1,1,1,1,1,0,0,0,1,1,1,1,1,1,1,1,1,1
002452.jpg,1,1,1,1,1,0,0,0,1,1,1,1,1,1,1,1,1,1
002453.jpg,1,1,1,1,1,0,0,0,1,1,1,1,1,1,1,1,1,1
002454.jpg,1,1,1,1,1,0,0,0,1,1,1,1,1,1,1,1,1,1
002455.jpg,1,1,1,1,1,0,0,0,1,1,1,1,1,1,1,1,1,1
002456.jpg,1,1,1,1,1,0,0,0,1,1,1,1,1,1,1,1,1,1
002457.jpg,1,1,1,1,1,0,0,0,1,1,1,1,1,1,1,1,1,1
002458.jpg,1,1,1,1,1,0,0,0,1,1,1,1,1,1,1,1,1,1
002459.jpg,1,1,1,1,1,0,0,0,1,1,1,1,1,1,1,1,1,1
002460.jpg,1,1,1,1,1,0,0,0,1,1,1,1,1,1,1,1,1,1
002461.jpg,1,1,1,1,1,0,0,0,1,1,1,1,1,1,1,1,1,1
002462.jpg,1,1,1,1,1,0,0,0,1,1,1,1,1,1,1,1,1,1
002463.jpg,1,1,1,1,1,0,0,0,1,1,1,1,1,1,1,1,1,1
002464.jpg,1,1,1,1,1,0,0,0,1,1,1,1,1,1,1,1,1,1
002465.jpg,1,1,1,1,1,0,0,0,1,1,1,1,1,1,1,1,1,1
002466.jpg,1,1,1,1,1,0,0,0,1,1,1,1,1,1,1,1,1,1
002467.jpg,1,1,1,1,1,0,0,0,1,1,1,1,1,1,1,1,1,1
002468.jpg,1,1,1,1,1,0,0,0,1,1,1,1,1,1,1,1,1,1
002469.jpg,1,1,1,1,1,0,0,0,1,1,1,1,1,1,1,1,1,1
002470.jpg,1,1,1,1,1,0,0,0,1,1,1,1,1,1,1,1,1,1
002471.jpg,1,1,1,1,1,0,0,0,1,1,1,1,1,1,1,1,1,1
002472.jpg,1,1,1,1,1,0,0,0,1,1,1,1,1,1,1,1,1,1
002473.jpg,1,1,1,1,1,0,0,0,1,1,1,1,1,1,1,1,1,1
002474.jpg,1,1,1,1,1,0,0,0,1,1,1,1,1,1,1,1,1,1
002475.jpg,1,1,1,1,1,0,0,0,1,1,1,1,1,1,1,1,1,1
002476.jpg,1,1,1,1,1,0,0,0,1,1,1,1,1,1,1,1,1,1
002477.jpg,1,1,1,1,1,0,0,0,1,1,1,1,1,1,1,1,1,1
002478.jpg,1,1,1,1,1,0,0,0,1,1,1,1,1,1,1,1,1,1
002479.jpg,1,1,1,1,1,0,0,0,1,1,1,1,1,1,1,1,1,1
002480.jpg,1,1,1,1,1,0,0,0,1,1,1,1,1,1,1,1,1,1
002481.jpg,1,1,1,1,1,0,0,0,1,1,1,1,1,1,1,1,1,1
002482.jpg,1,1,1,1,1,0,0,0,1,1,1,1,1,1,1,1,1,1
002483.jpg,1,1,1,1,1,0,0,0,1,1,1,1,1,1,1,1,1,1
002484.jpg,1,1,1,1,1,0,0,0,1,1,1,1,1,1,1,1,1,1
002485.jpg,1,1,1,1,1,0,0,0,1,1,1,1,1,1,1,1,1,1
002486.jpg,1,1,1,1,1,0,0,0,1,1,1,1,1,1,1,1,1,1
002487.jpg,1,1,1,1,1,0,0,0,1,1,1,1,1,1,1,1,1,1
002488.jpg,1,1,1,1,1,0,0,0,1,1,1,1,1,1,1,1,1,1
002489.jpg,1,1,1,1,1,0,0,0,1,1,1,1,1,1,1,1,1,1
002490.jpg,1,1,1,1,1,0,0,0,1,1,1,1,1,1,1,1,1,1
002491.jpg,1,1,1,1,1,0,0,0,1,1,1,1,1,1,1,1,1,1
002492.jpg,1,1,1,1,1,0,0,0,1,1,1,1,1,1,1,1,1,1
002493.jpg,1,1,1,1,1,0,0,0,1,1,1,1,1,1,1,1,1,1
002494.jpg,1,1,1,1,1,0,0,0,1,1,1,1,1,1,1,1,1,1
002495.jpg,1,1,1,1,1,0,0,0,1,1,1,1,1,1,1,1,1,1
002496.jpg,1,1,1,1,1,0,0,0,1,1,1,1,1,1,1,1,1,1
002497.jpg,1,1,1,1,1,0,0,0,1,1,1,1,1,1,1,1,1,1
002498.jpg,1,1,1,1,1,0,0,0,1,1,1,1,1,1,1,1,1,1
002499.jpg,1,1,1,1,1,0,0,0,1,1,1,1,1,1,1,1,1,1
002500.jpg,1,1,1,1,1,0,0,0,1,1,1,1,1,1,1,1,1,1
002501.jpg,1,1,1,1,1,0,0,0,1,1,1,1,1,1,1,1,1,1
002502.jpg,1,1,1,1,1,0,0,0,1,1,1,1,1,1,1,1,1,1
002503.jpg,1,1,1,1,1,0,0,0,1,1,1,1,1,1,1,1,1,1
002504.jpg,1,1,1,1,1,0,0,0,1,1,1,1,1,1,1,1,1,1
002505.jpg,1,1,1,1,1,0,0,0,1,1,1,1,1,1,1,1,1,1
002506.jpg,1,1,1,1,1,0,0,0,1,1,1,1,1,1,1,1,1,1
002507.jpg,1,1,1,1,1,0,0,0,1,1,1,1,1,1,1,1,1,1
002508.jpg,1,1,1,1,1,0,0,0,1,1,1,1,1,1,1,1,1,1
002509.jpg,1,1,1,1,1,0,0,0,1,1,1,1,1,1,1,1,1,1
002510.jpg,1,1,1,1,1,0,0,0,1,1,1,1,1,1,1,1,1,1
002511.jpg,1,1,1,1,1,0,0,0,1,1,1,1,1,1,1,1,1,1
002512.jpg,1,1,1,1,1,0,0,0,1,1,1,1,1,1,1,1,1,1
002513.jpg,1,1,1,1,1,0,0,0,1,1,1,1,1,1,1,1,1,1
002514.jpg,1,1,1,1,1,0,0,0,1,1,1,1,1,1,1,1,1,1
002515.jpg,1,1,1,1,1,0,0,0,1,1,1,1,1,1,1,1,1,1
002516.jpg,1,1,1,1,1,0,0,0,1,1,1,1,1,1,1,1,1,1
002517.jpg,1,1,1,1,1,0,0,0,1,1,1,1,1,1,1,1,1,1
002518.jpg,1,1,1,1,1,0,0,0,1,1,1,1,1,1,1,1,1,1
002519.jpg,1,1,1,1,1,0,0,0,1,1,1,1,1,1,1,1,1,1
002520.jpg,1,1,1,1,1,0,0,0,1,1,1,1,1,1,1,1,1,1
002521.jpg,1,1,1,1,1,0,0,0,1,1,1,1,1,1,1,1,1,1
002522.jpg,1,1,1,1,1,0,0,0,1,1,1,1,1,1,1,1,1,1
002523.jpg,1,1,1,1,1,0,0,0,1,1,1,1,1,1,1,1,1,1
002524.jpg,1,1,1,1,1,0,0,0,1,1,1,1,1,1,1,1,1,1
002525.jpg,1,1,1,1,1,0,0,0,1,1,1,1,1,1,1,1,1,1
002526.jpg,1,1,1,1,1,0,0,0,1,1,1,1,1,1,1,1,1,1
002527.jpg,1,1,1,1,1,0,0,0,1,1,1,1,1,1,1,1,1,1
002528.jpg,1,1,1,1,1,0,0,0,1,1,1,1,1,1,1,1,1,1
002529.jpg,1,1,1,1,1,0,0,0,1,1,1,1,1,1,1,1,1,1
002530.jpg,1,1,1,1,1,0,0,0,1,1,1,1,1,1,1,1,1,1
002531.jpg,1,1,1,1,1,0,0,0,1,1,1,1,1,1,1,1,1,1
002532.jpg,1,1,1,1,1,0,0,0,1,1,1,1,1,1,1,1,1,1
002533.jpg,1,1,1,1,1,0,0,0,1,1,1,1,1,1,1,1,1,1
002534.jpg,1,1,1,1,1,0,0,0,1,1,1,1,1,1,1,1,1,1
002535.jpg,1,1,1,1,1,0,0,0,1,1,1,1,1,1,1,1,1,1
002536.jpg,1,1,1,1,1,0,0,0,1,1,1,1,1,1,1,1,1,1
002537.jpg,1,1,1,1,1,0,0,0,1,1,1,1,1,1,1,1,1,1
002538.jpg,1,1,1,1,1,0,0,0,1,1,1,1,1,1,1,1,1,1
002539.jpg,1,1,1,1,1,0,0,0,1,1,1,1,1,1,1,1,1,1
002540.jpg,1,1,1,1,1,0,0,0,1,1,1,1,1,1,1,1,1,1
002541.jpg,1,1,1,1,1,0,0,0,1,1,1,1,1,1,1,1,1,1
002542.jpg,1,1,1,1,1,0,0,0,1,1,1,1,1,1,1,1,1,1
002543.jpg,1,1,1,1,1,0,0,0,1,1,1,1,1,1,1,1,1,1
002544.jpg,1,1,1,1,1,0,0,0,1,1,1,1,1,1,1,1,1,1
002545.jpg,1,1,1,1,1,0,0,0,1,1,1,1,1,1,1,1,1,1
002546.jpg,1,1,1,1,1,0,0,0,1,1,1,1,1,1,1,1,1,1
002547.jpg,1,1,1,1,1,0,0,0,1,1,1,1,1,1,1,1,1,1
002548.jpg,1,1,1,1,1,0,0,0,1,1,1,1,1,1,1,1,1,1
002549.jpg,1,1,1,1,1,0,0,0,1,1,1,1,1,1,1,1,1,1
002550.jpg,1,1,1,1,1,0,0,0,1,1,1,1,1,1,1,1,1,1
002551.jpg,1,1,1,1,1,0,0,0,1,1,1,1,1,1,1,1,1,1
002552.jpg,1,1,1,1,1,0,0,0,1,1,1,1,1,1,1,1,1,1
002553.jpg,1,1,1,1,1,0,0,0,1,1,1,1,1,1,1,1,1,1
002554.jpg,1,1,1,1,1,0,0,0,1,1,1,1,1,1,1,1,1,1
002555.jpg,1,1,1,1,1,0,0,0,1,1,1,1,1,1,1,1,1,1
002556.jpg,1,1,1,1,1,0,0,0,1,1,1,1,1,1,1,1,1,1
002557.jpg,1,1,1,1,1,0,0,0,1,1,1,1,1,1,1,1,1,1
002558.jpg,1,1,1,1,1,0,0,0,1,1,1,1,1,1,1,1,1,1
002559.jpg,1,1,1,1,1,0,0,0,1,1,1,1,1,1,1,1,1,1
002560.jpg,1,1,1,1,1,0,0,0,1,1,1,1,1,1,1,1,1,1
002561.jpg,1,1,1,1,1,0,0,0,1,1,1,1,1,1,1,1,1,1
002562.jpg,1,1,1,1,1,0,0,0,1,1,1,1,1,1,1,1,1,1
002563.jpg,1,1,1,1,1,0,0,0,1,1,1,1,1,1,1,1,1,1
002564.jpg,1,1,1,1,1,0,0,0,1,1,1,1,1,1,1,1,1,1
002565.jpg,1,1,1,1,1,0,0,0,1,1,1,1,1,1,1,1,1,1
002566.jpg,1,1,1,1,1,0,0,0,1,1,1,1,1,1,1,1,1,1
002567.jpg,1,1,1,1,1,0,0,0,1,1,1,1,1,1,1,1,1,1
002568.jpg,1,1,1,1,1,0,0,0,1,1,1,1,1,1,1,1,1,1
002569.jpg,1,1,1,1,1,0,0,0,1,1,1,1,1,1,1,1,1,1
002570.jpg,1,1,1,1,1,0,0,0,1,1,1,1,1,1,1,1,1,1
002571.jpg,1,1,1,1,1,0,0,0,1,1,1,1,1,1,1,1,1,1
002572.jpg,1,1,1,1,1,0,0,0,1,1,1,1,1,1,1,1,1,1
002573.jpg,1,1,1,1,1,0,0,0,1,1,1,1,1,1,1,1,1,1
002574.jpg,1,1,1,1,1,0,0,0,1,1,1,1,1,1,1,1,1,1
002575.jpg,1,1,1,1,1,0,0,0,1,1,1,1,1,1,1,1,1,1
002576.jpg,1,1,1,1,1,0,0,0,1,1,1,1,1,1,1,1,1,1
002577.jpg,1,1,1,1,1,0,0,0,1,1,1,1,1,1,1,1,1,1
002578.jpg,1,1,1,1,1,0,0,0,1,1,1,1,1,1,1,1,1,1
002579.jpg,1,1,1,1,1,0,0,0,1,1,1,1,1,1,1,1,1,1
002580.jpg,1,1,1,1,1,0,0,0,1,1,1,1,1,1,1,1,1,1
002581.jpg,1,1,1,1,1,0,0,0,1,1,1,1,1,1,1,1,1,1
002582.jpg,1,1,1,1,1,0,0,0,1,1,1,1,1,1,1,1,1,1
002583.jpg,1,1,1,1,1,0,0,0,1,1,1,1,1,1,1,1,1,1
002584.jpg,1,1,1,1,1,0,0,0,1,1,1,1,1,1,1,1,1,1
002585.jpg,1,1,1,1,1,0,0,0,1,1,1,1,1,1,1,1,1,1
002586.jpg,1,1,1,1,1,0,0,0,1,1,1,1,1,1,1,1,1,1
002587.jpg,1,1,1,1,1,0,0,0,1,1,1,1,1,1,1,1,1,1
002588.jpg,1,1,1,1,1,0,0,0,1,1,1,1,1,1,1,1,1,1
002589.jpg,1,1,1,1,1,0,0,0,1,1,1,1,1,1,1,1,1,1
002590.jpg,1,1,1,1,1,0,0,0,1,1,1,1,1,1,1,1,1,1
002591.jpg,1,1,1,1,1,0,0,0,1,1,1,1,1,1,1,1,1,1
002592.jpg,1,1,1,1,1,0,0,0,1,1,1,1,1,1,1,1,1,1
002593.jpg,1,1,1,1,1,0,0,0,1,1,1,1,1,1,1,1,1,1
002594.jpg,1,1,1,1,1,0,0,0,1,1,1,1,1,1,1,1,1,1
002595.jpg,1,1,1,1,1,0,0,0,1,1,1,1,1,1,1,1,1,1
002596.jpg,1,1,1,1,1,0,0,0,1,1,1,1,1,1,1,1,1,1
002597.jpg,1,1,1,1,1,0,0,0,1,1,1,1,1,1,1,1,1,1
002598.jpg,1,1,1,1,1,0,0,0,1,1,1,1,1,1,1,1,1,1
002599.jpg,1,1,1,1,1,0,0,0,1,1,1,1,1,1,1,1,1,1
002600.jpg,1,1,1,1,1,0,0,0,1,1,1,1,1,1,1,1,1,1
002601.jpg,1,1,1,1,1,0,0,0,1,1,1,1,1,1,1,1,1,1
002602.jpg,1,1,1,1,1,0,0,0,1,1,1,1,1,1,1,1,1,1
002603.jpg,1,1,1,1,1,0,0,0,1,1,1,1,1,1,1,1,1,1
002604.jpg,1,1,1,1,1,0,0,0,1,1,1,1,1,1,1,1,1,1
002605.jpg,1,1,1,1,1,0,0,0,1,1,1,1,1,1,1,1,1,1
002606.jpg,1,1,1,1,1,0,0,0,1,1,1,1,1,1,1,1,1,1
002607.jpg,1,1,1,1,1,0,0,0,1,1,1,1,1,1,1,1,1,1
002608.jpg,1,1,1,1,1,0,0,0,1,1,1,1,1,1,1,1,1,1
002609.jpg,1,1,1,1,1,0,0,0,1,1,1,1,1,1,1,1,1,1
002610.jpg,1,1,1,1,1,0,0,0,1,1,1,1,1,1,1,1,1,1
002611.jpg,1,1,1,1,1,0,0,0,1,1,1,1,1,1,1,1,1,1
002612.jpg,1,1,1,1,1,0,0,0,1,1,1,1,1,1,1,1,1,1
002613.jpg,1,1,1,1,1,0,0,0,1,1,1,1,1,1,1,1,1,1
002614.jpg,1,1,1,1,1,0,0,0,1,1,1,1,1,1,1,1,1,1
002615.jpg,1,1,1,1,1,0,0,0,1,1,1,1,1,1,1,1,1,1
002616.jpg,1,1,1,1,1,0,0,0,1,1,1,1,1,1,1,1,1,1
002617.jpg,1,1,1,1,1,0,0,0,1,1,1,1,1,1,1,1,1,1
002618.jpg,1,1,1,1,1,0,0,0,1,1,1,1,1,1,1,1,1,1
002619.jpg,1,1,1,1,1,0,0,0,1,1,1,1,1,1,1,1,1,1
002620.jpg,1,1,1,1,1,0,0,0,1,1,1,1,1,1,1,1,1,1
002621.jpg,1,1,1,1,1,0,0,0,1,1,1,1,1,1,1,1,1,1
002622.jpg,1,1,1,1,1,0,0,0,1,1,1,1,1,1,1,1,1,1
002623.jpg,1,1,1,1,1,0,0,0,1,1,1,1,1,1,1,1,1,1
002624.jpg,1,1,1,1,1,0,0,0,1,1,1,1,1,1,1,1,1,1
002625.jpg,1,1,1,1,1,0,0,0,1,1,1,1,1,1,1,1,1,1
002626.jpg,1,1,1,1,1,0,0,0,1,1,1,1,1,1,1,1,1,1
002627.jpg,1,1,1,1,1,0,0,0,1,1,1,1,1,1,1,1,1,1
002628.jpg,1,1,1,1,1,0,0,0,1,1,1,1,1,1,1,1,1,1
002629.jpg,1,1,1,1,1,0,0,0,1,1,1,1,1,1,1,1,1,1
002630.jpg,1,1,1,1,1,0,0,0,1,1,1,1,1,1,1,1,1,1
002631.jpg,1,1,1,1,1,0,0,0,1,1,1,1,1,1,1,1,1,1
002632.jpg,1,1,1,1,1,0,0,0,1,1,1,1,1,1,1,1,1,1
002633.jpg,1,1,1,1,1,0,0,0,1,1,1,1,1,1,1,1,1,1
002634.jpg,1,1,1,1,1,0,0,0,1,1,1,1,1,1,1,1,1,1
002635.jpg,1,1,1,1,1,0,0,0,1,1,1,1,1,1,1,1,1,1
002636.jpg,1,1,1,1,1,0,0,0,1,1,1,1,1,1,1,1,1,1
002637.jpg,1,1,1,1,1,0,0,0,1,1,1,1,1,1,1,1,1,1
002638.jpg,1,1,1,1,1,0,0,0,1,1,1,1,1,1,1,1,1,1
002639.jpg,1,1,1,1,1,0,0,0,1,1,1,1,1,1,1,1,1,1
002640.jpg,1,1,1,1,1,0,0,0,1,1,1,1,1,1,1,1,1,1
002641.jpg,1,1,1,1,1,0,0,0,1,1,1,1,1,1,1,1,1,1
002642.jpg,1,1,1,1,1,0,0,0,1,1,1,1,1,1,1,1,1,1
002643.jpg,1,1,1,1,1,0,0,0,1,1,1,1,1,1,1,1,1,1
002644.jpg,1,1,1,1,1,0,0,0,1,1,1,1,1,1,1,1,1,1
002645.jpg,1,1,1,1,1,0,0,0,1,1,1,1,1,1,1,1,1,1
002646.jpg,1,1,1,1,1,0,0,0,1,1,1,1,1,1,1,1,1,1
002647.jpg,1,1,1,1,1,0,0,0,1,1,1,1,1,1,1,1,1,1
002648.jpg,1,1,1,1,1,0,0,0,1,1,1,1,1,1,1,1,1,1
002649.jpg,1,1,1,1,1,0,0,0,1,1,1,1,1,1,1,1,1,1
002650.jpg,1,1,1,1,1,0,0,0,1,1,1,1,1,1,1,1,1,1
002651.jpg,1,1,1,1,1,0,0,0,1,1,1,1,1,1,1,1,1,1
002652.jpg,1,1,1,1,1,0,0,0,1,1,1,1,1,1,1,1,1,1
002653.jpg,1,1,1,1,1,0,0,0,1,1,1,1,1,1,1,1,1,1
002654.jpg,1,1,1,1,1,0,0,0,1,1,1,1,1,1,1,1,1,1
002655.jpg,1,1,1,1,1,0,0,0,1,1,1,1,1,1,1,1,1,1
002656.jpg,1,1,1,1,1,0,0,0,1,1,1,1,1,1,1,1,1,1
002657.jpg,1,1,1,1,1,0,0,0,1,1,1,1,1,1,1,1,1,1
002658.jpg,1,1,1,1,1,0,0,0,1,1,1,1,1,1,1,1,1,1
002659.jpg,1,1,1,1,1,0,0,0,1,1,1,1,1,1,1,1,1,1
002660.jpg,1,1,1,1,1,0,0,0,1,1,1,1,1,1,1,1,1,1
002661.jpg,1,1,1,1,1,0,0,0,1,1,1,1,1,1,1,1,1,1
002662.jpg,1,1,1,1,1,0,0,0,1,1,1,1,1,1,1,1,1,1
002663.jpg,1,1,1,1,1,0,0,0,1,1,1,1,1,1,1,1,1,1
002664.jpg,1,1,1,1,1,0,0,0,1,1,1,1,1,1,1,1,1,1
002665.jpg,1,1,1,1,1,0,0,0,1,1,1,1,1,1,1,1,1,1
002666.jpg,1,1,1,1,1,0,0,0,1,1,1,1,1,1,1,1,1,1
002667.jpg,1,1,1,1,1,0,0,0,1,1,1,1,1,1,1,1,1,1
002668.jpg,1,1,1,1,1,0,0,0,1,1,1,1,1,1,1,1,1,1
002669.jpg,1,1,1,1,1,0,0,0,1,1,1,1,1,1,1,1,1,1
002670.jpg,1,1,1,1,1,0,0,0,1,1,1,1,1,1,1,1,1,1
002671.jpg,1,1,1,1,1,0,0,0,1,1,1,1,1,1,1,1,1,1
002672.jpg,1,1,1,1,1,0,0,0,1,1,1,1,1,1,1,1,1,1
002673.jpg,1,1,1,1,1,0,0,0,1,1,1,1,1,1,1,1,1,1
002674.jpg,1,1,1,1,1,0,0,0,1,1,1,1,1,1,1,1,1,1
002675.jpg,1,1,1,1,1,0,0,0,1,1,1,1,1,1,1,1,1,1
002676.jpg,1,1,1,1,1,0,0,0,1,1,1,1,1,1,1,1,1,1
002677.jpg,1,1,1,1,1,0,0,0,1,1,1,1,1,1,1,1,1,1
002678.jpg,1,1,1,1,1,0,0,0,1,1,1,1,1,1,1,1,1,1
002679.jpg,1,1,1,1,1,0,0,0,1,1,1,1,1,1,1,1,1,1
002680.jpg,1,1,1,1,1,0,0,0,1,1,1,1,1,1,1,1,1,1
002681.jpg,1,1,1,1,1,0,0,0,1,1,1,1,1,1,1,1,1,1
002682.jpg,1,1,1,1,1,0,0,0,1,1,1,1,1,1,1,1,1,1
002683.jpg,1,1,1,1,1,0,0,0,1,1,1,1,1,1,1,1,1,1
002684.jpg,1,1,1,1,1,0,0,0,1,1,1,1,1,1,1,1,1,1
002685.jpg,1,1,1,1,1,0,0,0,1,1,1,1,1,1,1,1,1,1
002686.jpg,1,1,1,1,1,0,0,0,1,1,1,1,1,1,1,1,1,1
002687.jpg,1,1,1,1,1,0,0,0,1,1,1,1,1,1,1,1,1,1
002688.jpg,1,1,1,1,1,0,0,0,1,1,1,1,1,1,1,1,1,1
002689.jpg,1,1,1,1,1,0,0,0,1,1,1,1,1,1,1,1,1,1
002690.jpg,1,1,1,1,1,0,0,0,1,1,1,1,1,1,1,1,1,1
002691.jpg,1,1,1,1,1,0,0,0,1,1,1,1,1,1,1,1,1,1
002692.jpg,1,1,1,1,1,0,0,0,1,1,1,1,1,1,1,1,1,1
002693.jpg,1,1,1,1,1,0,0,0,1,1,1,1,1,1,1,1,1,1
002694.jpg,1,1,1,1,1,0,0,0,1,1,1,1,1,1,1,1,1,1
002695.jpg,1,1,1,1,1,0,0,0,1,1,1,1,1,1,1,1,1,1
002696.jpg,1,1,1,1,1,0,0,0,1,1,1,1,1,1,1,1,1,1
002697.jpg,1,1,1,1,1,0,0,0,1,1,1,1,1,1,1,1,1,1
002698.jpg,1,1,1,1,1,0,0,0,1,1,1,1,1,1,1,1,1,1
002699.jpg,1,1,1,1,1,0,0,0,1,1,1,1,1,1,1,1,1,1
002700.jpg,1,1,1,1,1,0,0,0,1,1,1,1,1,1,1,1,1,1
002701.jpg,1,1,1,1,1,0,0,0,1,1,1,1,1,1,1,1,1,1
002702.jpg,1,1,1,1,1,0,0,0,1,1,1,1,1,1,1,1,1,1
002703.jpg,1,1,1,1,1,0,0,0,1,1,1,1,1,1,1,1,1,1
002704.jpg,1,1,1,1,1,0,0,0,1,1,1,1,1,1,1,1,1,1
002705.jpg,1,1,1,1,1,0,0,0,1,1,1,1,1,1,1,1,1,1
002706.jpg,1,1,1,1,1,0,0,0,1,1,1,1,1,1,1,1,1,1
002707.jpg,1,1,1,1,1,0,0,0,1,1,1,1,1,1,1,1,1,1
002708.jpg,1,1,1,1,1,0,0,0,1,1,1,1,1,1,1,1,1,1
002709.jpg,1,1,1,1,1,1,1,1,1,1,1,1,1,1,1,1,1,1
002710.jpg,1,1,1,1,1,1,1,1,1,1,1,1,1,1,1,1,1,1
002711.jpg,1,1,1,1,1,1,1,1,1,1,1,1,1,1,1,1,1,1
002712.jpg,1,1,1,1,1,1,1,1,1,1,1,1,1,1,1,1,1,1
002713.jpg,1,1,1,1,1,1,1,1,1,1,1,1,1,1,1,1,1,1
002714.jpg,1,1,1,1,1,1,1,1,1,1,1,1,1,1,1,1,1,1
002715.jpg,1,1,1,1,1,1,1,1,1,1,1,1,1,1,1,1,1,1
002716.jpg,1,1,1,1,1,1,1,1,1,1,1,1,1,1,1,1,1,1
002717.jpg,1,1,1,1,1,1,1,1,1,1,1,1,1,1,1,1,1,1
002718.jpg,1,1,1,1,1,1,1,1,1,1,1,1,1,1,1,1,1,1
002719.jpg,1,1,1,1,1,1,1,1,1,1,1,1,1,1,1,1,1,1
002720.jpg,1,1,1,1,1,1,1,1,1,1,1,1,1,1,1,1,1,1
002721.jpg,1,1,1,1,1,1,1,1,1,1,1,1,1,1,1,1,1,1
002722.jpg,1,1,1,1,1,1,1,1,1,1,1,1,1,1,1,1,1,1
002723.jpg,1,1,1,1,1,1,1,1,1,1,1,1,1,1,1,1,1,1
002724.jpg,1,1,1,1,1,1,1,1,1,1,1,1,1,1,1,1,1,1
002725.jpg,1,1,1,1,1,1,1,1,1,1,1,1,1,1,1,1,1,1
002726.jpg,1,1,1,1,1,1,1,1,1,1,1,1,1,1,1,1,1,1
002727.jpg,1,1,1,1,1,1,1,1,1,1,1,1,1,1,1,1,1,1
002728.jpg,1,1,1,1,1,1,1,1,1,1,1,1,1,1,1,1,1,1
002729.jpg,1,1,1,1,1,1,1,1,1,1,1,1,1,1,1,1,1,1
002730.jpg,1,1,1,1,1,1,1,1,1,1,1,1,1,1,1,1,1,1
002731.jpg,1,1,1,1,1,1,1,1,1,1,1,1,1,1,1,1,1,1
002732.jpg,1,1,1,1,1,1,1,1,1,1,1,1,1,1,1,1,1,1
002733.jpg,1,1,1,1,1,1,1,1,1,1,1,1,1,1,1,1,1,1
002734.jpg,1,1,1,1,1,1,1,1,1,1,1,1,1,1,1,1,1,1
002735.jpg,1,1,1,1,1,1,1,1,1,1,1,1,1,1,1,1,1,1
002736.jpg,1,1,1,1,1,1,1,1,1,1,1,1,1,1,1,1,1,1
002737.jpg,1,1,1,1,1,1,1,1,1,1,1,1,1,1,1,1,1,1
002738.jpg,1,1,1,1,1,1,1,1,1,1,1,1,1,1,1,1,1,1
002739.jpg,1,1,1,1,1,1,1,1,1,1,1,1,1,1,1,1,1,1
002740.jpg,1,1,1,1,1,1,1,1,1,1,1,1,1,1,1,1,1,1
002741.jpg,1,1,1,1,1,1,1,1,1,1,1,1,1,1,1,1,1,1
002742.jpg,1,1,1,1,1,1,1,1,1,1,1,1,1,1,1,1,1,1
002743.jpg,1,1,1,1,1,1,1,1,1,1,1,1,1,1,1,1,1,1
002744.jpg,1,1,1,1,1,1,1,1,1,1,1,1,1,1,1,1,1,1
002745.jpg,1,1,1,1,1,1,1,1,1,1,1,1,1,1,1,1,1,1
002746.jpg,1,1,1,1,1,1,1,1,1,1,1,1,1,1,1,1,1,1
002747.jpg,1,1,1,1,1,1,1,1,1,1,1,1,1,1,1,1,1,1
002748.jpg,1,1,1,1,1,1,1,1,1,1,1,1,1,1,1,1,1,1
002749.jpg,1,1,1,1,1,1,1,1,1,1,1,1,1,1,1,1,1,1
002750.jpg,1,1,1,1,1,1,1,1,1,1,1,1,1,1,1,1,1,1
002751.jpg,1,1,1,1,1,1,1,1,1,1,1,1,1,1,1,1,1,1
002752.jpg,1,1,1,1,1,1,1,1,1,1,1,1,1,1,1,1,1,1
002753.jpg,1,1,1,1,1,1,1,1,1,1,1,1,1,1,1,1,1,1
002754.jpg,1,1,1,1,1,1,1,1,1,1,1,1,1,1,1,1,1,1
002755.jpg,1,1,1,1,1,1,1,1,1,1,1,1,1,1,1,1,1,1
002756.jpg,1,1,1,1,1,1,1,1,1,1,1,1,1,1,1,1,1,1
002757.jpg,1,1,1,1,1,1,1,1,1,1,1,1,1,1,1,1,1,1
002758.jpg,1,1,1,1,1,1,1,1,1,1,1,1,1,1,1,1,1,1
002759.jpg,1,1,1,1,1,1,1,1,1,1,1,1,1,1,1,1,1,1
002760.jpg,1,1,1,1,1,1,1,1,1,1,1,1,1,1,1,1,1,1
002761.jpg,1,1,1,1,1,1,1,1,1,1,1,1,1,1,1,1,1,1
002762.jpg,1,1,1,1,1,1,1,1,1,1,1,1,1,1,1,1,1,1
002763.jpg,1,1,1,1,1,1,1,1,1,1,1,1,1,1,1,1,1,1
002764.jpg,1,1,1,1,1,1,1,1,1,1,1,1,1,1,1,1,1,1
002765.jpg,1,1,1,1,1,1,1,1,1,1,1,1,1,1,1,1,1,1
002766.jpg,1,1,1,1,1,1,1,1,1,1,1,1,1,1,1,1,1,1
002767.jpg,1,1,1,1,1,1,1,1,1,1,1,1,1,1,1,1,1,1
002768.jpg,1,1,1,1,1,1,1,1,1,1,1,1,1,1,1,1,1,1
002769.jpg,1,1,1,1,1,1,1,1,1,1,1,1,1,1,1,1,1,1
002770.jpg,1,1,1,1,1,1,1,1,1,1,1,1,1,1,1,1,1,1
002771.jpg,1,1,1,1,1,1,1,1,1,1,1,1,1,1,1,1,1,1
002772.jpg,1,1,1,1,1,1,1,1,1,1,1,1,1,1,1,1,1,1
002773.jpg,1,1,1,1,1,1,1,1,1,1,1,1,1,1,1,1,1,1
002774.jpg,1,1,1,1,1,1,1,1,1,1,1,1,1,1,1,1,1,1
002775.jpg,1,1,1,1,1,1,1,1,1,1,1,1,1,1,1,1,1,1
002776.jpg,1,1,1,1,1,1,1,1,1,1,1,1,1,1,1,1,1,1
002777.jpg,1,1,1,1,1,1,1,1,1,1,1,1,1,1,1,1,1,1
002778.jpg,1,1,1,1,1,1,1,1,1,1,1,1,1,1,1,1,1,1
002779.jpg,1,1,1,1,1,1,1,1,1,1,1,1,1,1,1,1,1,1
002780.jpg,1,1,1,1,1,1,1,1,1,1,1,1,1,1,1,1,1,1
